series_id,obs_ts,value,revision_seq,source,as_of_ts,ingested_at
DFF,2026-03-02,3.64,0,fred,2026-03-02T21:00:00+00:00,2026-03-07 14:10:18
DFF,2026-03-03,3.64,0,fred,2026-03-03T21:00:00+00:00,2026-03-07 14:10:18
DFF,2026-03-04,3.64,0,fred,2026-03-04T21:00:00+00:00,2026-03-07 14:10:18
DFF,2026-03-05,3.64,0,fred,2026-03-05T21:00:00+00:00,2026-03-07 14:10:18
DFII10,2026-03-02,1.76,0,fred,2026-03-02T21:00:00+00:00,2026-03-07 14:10:11
DFII10,2026-03-03,1.77,0,fred,2026-03-03T21:00:00+00:00,2026-03-07 14:10:11
DFII10,2026-03-04,1.8,0,fred,2026-03-04T21:00:00+00:00,2026-03-07 14:10:11
DFII10,2026-03-05,1.82,0,fred,2026-03-05T21:00:00+00:00,2026-03-07 14:10:11
DFII5,2026-03-02,1.16,0,fred,2026-03-02T21:00:00+00:00,2026-03-07 14:10:12
DFII5,2026-03-03,1.17,0,fred,2026-03-03T21:00:00+00:00,2026-03-07 14:10:12
DFII5,2026-03-04,1.21,0,fred,2026-03-04T21:00:00+00:00,2026-03-07 14:10:12
DFII5,2026-03-05,1.21,0,fred,2026-03-05T21:00:00+00:00,2026-03-07 14:10:12
DGS10,2026-03-02,4.05,0,fred,2026-03-02T21:00:00+00:00,2026-03-07 14:10:13
DGS10,2026-03-03,4.06,0,fred,2026-03-03T21:00:00+00:00,2026-03-07 14:10:13
DGS10,2026-03-04,4.09,0,fred,2026-03-04T21:00:00+00:00,2026-03-07 14:10:13
DGS10,2026-03-05,4.13,0,fred,2026-03-05T21:00:00+00:00,2026-03-07 14:10:13
DGS2,2026-03-02,3.47,0,fred,2026-03-02T21:00:00+00:00,2026-03-07 14:10:14
DGS2,2026-03-03,3.51,0,fred,2026-03-03T21:00:00+00:00,2026-03-07 14:10:14
DGS2,2026-03-04,3.54,0,fred,2026-03-04T21:00:00+00:00,2026-03-07 14:10:14
DGS2,2026-03-05,3.57,0,fred,2026-03-05T21:00:00+00:00,2026-03-07 14:10:14
DGS5,2026-03-02,3.62,0,fred,2026-03-02T21:00:00+00:00,2026-03-07 14:10:15
DGS5,2026-03-03,3.63,0,fred,2026-03-03T21:00:00+00:00,2026-03-07 14:10:15
DGS5,2026-03-04,3.67,0,fred,2026-03-04T21:00:00+00:00,2026-03-07 14:10:15
DGS5,2026-03-05,3.72,0,fred,2026-03-05T21:00:00+00:00,2026-03-07 14:10:15
EFFR,2026-03-02,3.64,0,fred,2026-03-02T21:00:00+00:00,2026-03-07 14:10:19
EFFR,2026-03-03,3.64,0,fred,2026-03-03T21:00:00+00:00,2026-03-07 14:10:19
EFFR,2026-03-04,3.64,0,fred,2026-03-04T21:00:00+00:00,2026-03-07 14:10:19
EFFR,2026-03-05,3.64,0,fred,2026-03-05T21:00:00+00:00,2026-03-07 14:10:19
SP500,2026-03-02,6881.62,0,fred,2026-03-02T21:00:00+00:00,2026-03-07 14:10:22
SP500,2026-03-03,6816.63,0,fred,2026-03-03T21:00:00+00:00,2026-03-07 14:10:22
SP500,2026-03-04,6869.5,0,fred,2026-03-04T21:00:00+00:00,2026-03-07 14:10:22
SP500,2026-03-05,6830.71,0,fred,2026-03-05T21:00:00+00:00,2026-03-07 14:10:22
SP500,2026-03-06,6740.02,0,fred,2026-03-06T21:00:00+00:00,2026-03-07 14:10:22
T10YIE,2026-03-02,2.29,0,fred,2026-03-02T21:00:00+00:00,2026-03-07 14:10:16
T10YIE,2026-03-03,2.29,0,fred,2026-03-03T21:00:00+00:00,2026-03-07 14:10:16
T10YIE,2026-03-04,2.29,0,fred,2026-03-04T21:00:00+00:00,2026-03-07 14:10:16
T10YIE,2026-03-05,2.31,0,fred,2026-03-05T21:00:00+00:00,2026-03-07 14:10:16
T10YIE,2026-03-06,2.35,0,fred,2026-03-06T21:00:00+00:00,2026-03-07 14:10:16
T5YIE,2026-03-02,2.46,0,fred,2026-03-02T21:00:00+00:00,2026-03-07 14:10:17
T5YIE,2026-03-03,2.46,0,fred,2026-03-03T21:00:00+00:00,2026-03-07 14:10:17
T5YIE,2026-03-04,2.46,0,fred,2026-03-04T21:00:00+00:00,2026-03-07 14:10:17
T5YIE,2026-03-05,2.51,0,fred,2026-03-05T21:00:00+00:00,2026-03-07 14:10:17
T5YIE,2026-03-06,2.56,0,fred,2026-03-06T21:00:00+00:00,2026-03-07 14:10:17
T5YIFR,2026-03-02,2.12,0,fred,2026-03-02T21:00:00+00:00,2026-03-07 14:10:18
T5YIFR,2026-03-03,2.12,0,fred,2026-03-03T21:00:00+00:00,2026-03-07 14:10:18
T5YIFR,2026-03-04,2.12,0,fred,2026-03-04T21:00:00+00:00,2026-03-07 14:10:18
T5YIFR,2026-03-05,2.11,0,fred,2026-03-05T21:00:00+00:00,2026-03-07 14:10:18
T5YIFR,2026-03-06,2.14,0,fred,2026-03-06T21:00:00+00:00,2026-03-07 14:10:18
VIXCLS,2026-03-02,21.44,0,fred,2026-03-02T21:00:00+00:00,2026-03-07 14:10:21
VIXCLS,2026-03-03,23.57,0,fred,2026-03-03T21:00:00+00:00,2026-03-07 14:10:21
VIXCLS,2026-03-04,21.15,0,fred,2026-03-04T21:00:00+00:00,2026-03-07 14:10:21
VIXCLS,2026-03-05,23.75,0,fred,2026-03-05T21:00:00+00:00,2026-03-07 14:10:21
gld_holdings_flow_confirm,2020-01-02,24949755.0,0,yahoo_gld_proxy,2020-01-02T21:15:00+00:00,2026-03-07 16:33:12
gld_holdings_flow_confirm,2020-01-03,24949755.0,0,yahoo_gld_proxy,2020-01-03T21:15:00+00:00,2026-03-07 16:33:12
gld_holdings_flow_confirm,2020-01-06,24949755.0,0,yahoo_gld_proxy,2020-01-06T21:15:00+00:00,2026-03-07 16:33:12
gld_holdings_flow_confirm,2020-01-07,24949755.0,0,yahoo_gld_proxy,2020-01-07T21:15:00+00:00,2026-03-07 16:33:12
gld_holdings_flow_confirm,2020-01-08,24949755.0,0,yahoo_gld_proxy,2020-01-08T21:15:00+00:00,2026-03-07 16:33:12
gld_holdings_flow_confirm,2020-01-09,24949755.0,0,yahoo_gld_proxy,2020-01-09T21:15:00+00:00,2026-03-07 16:33:12
gld_holdings_flow_confirm,2020-01-10,24949755.0,0,yahoo_gld_proxy,2020-01-10T21:15:00+00:00,2026-03-07 16:33:12
gld_holdings_flow_confirm,2020-01-13,24949755.0,0,yahoo_gld_proxy,2020-01-13T21:15:00+00:00,2026-03-07 16:33:12
gld_holdings_flow_confirm,2020-01-14,24949755.0,0,yahoo_gld_proxy,2020-01-14T21:15:00+00:00,2026-03-07 16:33:12
gld_holdings_flow_confirm,2020-01-15,24949755.0,0,yahoo_gld_proxy,2020-01-15T21:15:00+00:00,2026-03-07 16:33:12
gld_holdings_flow_confirm,2020-01-16,24949755.0,0,yahoo_gld_proxy,2020-01-16T21:15:00+00:00,2026-03-07 16:33:12
gld_holdings_flow_confirm,2020-01-17,24949755.0,0,yahoo_gld_proxy,2020-01-17T21:15:00+00:00,2026-03-07 16:33:12
gld_holdings_flow_confirm,2020-01-21,24949755.0,0,yahoo_gld_proxy,2020-01-21T21:15:00+00:00,2026-03-07 16:33:12
gld_holdings_flow_confirm,2020-01-22,24949755.0,0,yahoo_gld_proxy,2020-01-22T21:15:00+00:00,2026-03-07 16:33:12
gld_holdings_flow_confirm,2020-01-23,24949755.0,0,yahoo_gld_proxy,2020-01-23T21:15:00+00:00,2026-03-07 16:33:12
gld_holdings_flow_confirm,2020-01-24,24949755.0,0,yahoo_gld_proxy,2020-01-24T21:15:00+00:00,2026-03-07 16:33:12
gld_holdings_flow_confirm,2020-01-27,24949755.0,0,yahoo_gld_proxy,2020-01-27T21:15:00+00:00,2026-03-07 16:33:12
gld_holdings_flow_confirm,2020-01-28,24949755.0,0,yahoo_gld_proxy,2020-01-28T21:15:00+00:00,2026-03-07 16:33:12
gld_holdings_flow_confirm,2020-01-29,24949755.0,0,yahoo_gld_proxy,2020-01-29T21:15:00+00:00,2026-03-07 16:33:12
gld_holdings_flow_confirm,2020-01-30,24949755.0,0,yahoo_gld_proxy,2020-01-30T21:15:00+00:00,2026-03-07 16:33:12
gld_holdings_flow_confirm,2020-01-31,24949755.0,0,yahoo_gld_proxy,2020-01-31T21:15:00+00:00,2026-03-07 16:33:12
gld_holdings_flow_confirm,2020-02-03,24949755.0,0,yahoo_gld_proxy,2020-02-03T21:15:00+00:00,2026-03-07 16:33:12
gld_holdings_flow_confirm,2020-02-04,24949755.0,0,yahoo_gld_proxy,2020-02-04T21:15:00+00:00,2026-03-07 16:33:12
gld_holdings_flow_confirm,2020-02-05,24949755.0,0,yahoo_gld_proxy,2020-02-05T21:15:00+00:00,2026-03-07 16:33:12
gld_holdings_flow_confirm,2020-02-06,24949755.0,0,yahoo_gld_proxy,2020-02-06T21:15:00+00:00,2026-03-07 16:33:12
gld_holdings_flow_confirm,2020-02-07,24949755.0,0,yahoo_gld_proxy,2020-02-07T21:15:00+00:00,2026-03-07 16:33:12
gld_holdings_flow_confirm,2020-02-10,24949755.0,0,yahoo_gld_proxy,2020-02-10T21:15:00+00:00,2026-03-07 16:33:12
gld_holdings_flow_confirm,2020-02-11,24949755.0,0,yahoo_gld_proxy,2020-02-11T21:15:00+00:00,2026-03-07 16:33:12
gld_holdings_flow_confirm,2020-02-12,24949755.0,0,yahoo_gld_proxy,2020-02-12T21:15:00+00:00,2026-03-07 16:33:12
gld_holdings_flow_confirm,2020-02-13,24949755.0,0,yahoo_gld_proxy,2020-02-13T21:15:00+00:00,2026-03-07 16:33:12
gld_holdings_flow_confirm,2020-02-14,24949755.0,0,yahoo_gld_proxy,2020-02-14T21:15:00+00:00,2026-03-07 16:33:12
gld_holdings_flow_confirm,2020-02-18,24949755.0,0,yahoo_gld_proxy,2020-02-18T21:15:00+00:00,2026-03-07 16:33:12
gld_holdings_flow_confirm,2020-02-19,24949755.0,0,yahoo_gld_proxy,2020-02-19T21:15:00+00:00,2026-03-07 16:33:12
gld_holdings_flow_confirm,2020-02-20,24949755.0,0,yahoo_gld_proxy,2020-02-20T21:15:00+00:00,2026-03-07 16:33:12
gld_holdings_flow_confirm,2020-02-21,24949755.0,0,yahoo_gld_proxy,2020-02-21T21:15:00+00:00,2026-03-07 16:33:12
gld_holdings_flow_confirm,2020-02-24,24949755.0,0,yahoo_gld_proxy,2020-02-24T21:15:00+00:00,2026-03-07 16:33:12
gld_holdings_flow_confirm,2020-02-25,24949755.0,0,yahoo_gld_proxy,2020-02-25T21:15:00+00:00,2026-03-07 16:33:12
gld_holdings_flow_confirm,2020-02-26,24949755.0,0,yahoo_gld_proxy,2020-02-26T21:15:00+00:00,2026-03-07 16:33:12
gld_holdings_flow_confirm,2020-02-27,24949755.0,0,yahoo_gld_proxy,2020-02-27T21:15:00+00:00,2026-03-07 16:33:12
gld_holdings_flow_confirm,2020-02-28,24949755.0,0,yahoo_gld_proxy,2020-02-28T21:15:00+00:00,2026-03-07 16:33:12
gld_holdings_flow_confirm,2020-03-02,24949755.0,0,yahoo_gld_proxy,2020-03-02T21:15:00+00:00,2026-03-07 16:33:12
gld_holdings_flow_confirm,2020-03-03,24949755.0,0,yahoo_gld_proxy,2020-03-03T21:15:00+00:00,2026-03-07 16:33:12
gld_holdings_flow_confirm,2020-03-04,24949755.0,0,yahoo_gld_proxy,2020-03-04T21:15:00+00:00,2026-03-07 16:33:12
gld_holdings_flow_confirm,2020-03-05,24949755.0,0,yahoo_gld_proxy,2020-03-05T21:15:00+00:00,2026-03-07 16:33:12
gld_holdings_flow_confirm,2020-03-06,24949755.0,0,yahoo_gld_proxy,2020-03-06T21:15:00+00:00,2026-03-07 16:33:12
gld_holdings_flow_confirm,2020-03-09,24949755.0,0,yahoo_gld_proxy,2020-03-09T21:15:00+00:00,2026-03-07 16:33:12
gld_holdings_flow_confirm,2020-03-10,24949755.0,0,yahoo_gld_proxy,2020-03-10T21:15:00+00:00,2026-03-07 16:33:12
gld_holdings_flow_confirm,2020-03-11,24949755.0,0,yahoo_gld_proxy,2020-03-11T21:15:00+00:00,2026-03-07 16:33:12
gld_holdings_flow_confirm,2020-03-12,24949755.0,0,yahoo_gld_proxy,2020-03-12T21:15:00+00:00,2026-03-07 16:33:12
gld_holdings_flow_confirm,2020-03-13,24949755.0,0,yahoo_gld_proxy,2020-03-13T21:15:00+00:00,2026-03-07 16:33:12
gld_holdings_flow_confirm,2020-03-16,24949755.0,0,yahoo_gld_proxy,2020-03-16T21:15:00+00:00,2026-03-07 16:33:12
gld_holdings_flow_confirm,2020-03-17,24949755.0,0,yahoo_gld_proxy,2020-03-17T21:15:00+00:00,2026-03-07 16:33:12
gld_holdings_flow_confirm,2020-03-18,24949755.0,0,yahoo_gld_proxy,2020-03-18T21:15:00+00:00,2026-03-07 16:33:12
gld_holdings_flow_confirm,2020-03-19,24949755.0,0,yahoo_gld_proxy,2020-03-19T21:15:00+00:00,2026-03-07 16:33:12
gld_holdings_flow_confirm,2020-03-20,24949755.0,0,yahoo_gld_proxy,2020-03-20T21:15:00+00:00,2026-03-07 16:33:12
gld_holdings_flow_confirm,2020-03-23,24949755.0,0,yahoo_gld_proxy,2020-03-23T21:15:00+00:00,2026-03-07 16:33:12
gld_holdings_flow_confirm,2020-03-24,24949755.0,0,yahoo_gld_proxy,2020-03-24T21:15:00+00:00,2026-03-07 16:33:12
gld_holdings_flow_confirm,2020-03-25,24949755.0,0,yahoo_gld_proxy,2020-03-25T21:15:00+00:00,2026-03-07 16:33:12
gld_holdings_flow_confirm,2020-03-26,24949755.0,0,yahoo_gld_proxy,2020-03-26T21:15:00+00:00,2026-03-07 16:33:12
gld_holdings_flow_confirm,2020-03-27,24949755.0,0,yahoo_gld_proxy,2020-03-27T21:15:00+00:00,2026-03-07 16:33:12
gld_holdings_flow_confirm,2020-03-30,24949755.0,0,yahoo_gld_proxy,2020-03-30T21:15:00+00:00,2026-03-07 16:33:12
gld_holdings_flow_confirm,2020-03-31,24949755.0,0,yahoo_gld_proxy,2020-03-31T21:15:00+00:00,2026-03-07 16:33:12
gld_holdings_flow_confirm,2020-04-01,24949755.0,0,yahoo_gld_proxy,2020-04-01T21:15:00+00:00,2026-03-07 16:33:12
gld_holdings_flow_confirm,2020-04-02,24949755.0,0,yahoo_gld_proxy,2020-04-02T21:15:00+00:00,2026-03-07 16:33:12
gld_holdings_flow_confirm,2020-04-03,24949755.0,0,yahoo_gld_proxy,2020-04-03T21:15:00+00:00,2026-03-07 16:33:12
gld_holdings_flow_confirm,2020-04-06,24949755.0,0,yahoo_gld_proxy,2020-04-06T21:15:00+00:00,2026-03-07 16:33:12
gld_holdings_flow_confirm,2020-04-07,24949755.0,0,yahoo_gld_proxy,2020-04-07T21:15:00+00:00,2026-03-07 16:33:12
gld_holdings_flow_confirm,2020-04-08,24949755.0,0,yahoo_gld_proxy,2020-04-08T21:15:00+00:00,2026-03-07 16:33:12
gld_holdings_flow_confirm,2020-04-09,24949755.0,0,yahoo_gld_proxy,2020-04-09T21:15:00+00:00,2026-03-07 16:33:12
gld_holdings_flow_confirm,2020-04-13,24949755.0,0,yahoo_gld_proxy,2020-04-13T21:15:00+00:00,2026-03-07 16:33:12
gld_holdings_flow_confirm,2020-04-14,24949755.0,0,yahoo_gld_proxy,2020-04-14T21:15:00+00:00,2026-03-07 16:33:12
gld_holdings_flow_confirm,2020-04-15,24949755.0,0,yahoo_gld_proxy,2020-04-15T21:15:00+00:00,2026-03-07 16:33:12
gld_holdings_flow_confirm,2020-04-16,24949755.0,0,yahoo_gld_proxy,2020-04-16T21:15:00+00:00,2026-03-07 16:33:12
gld_holdings_flow_confirm,2020-04-17,24949755.0,0,yahoo_gld_proxy,2020-04-17T21:15:00+00:00,2026-03-07 16:33:12
gld_holdings_flow_confirm,2020-04-20,24949755.0,0,yahoo_gld_proxy,2020-04-20T21:15:00+00:00,2026-03-07 16:33:12
gld_holdings_flow_confirm,2020-04-21,24949755.0,0,yahoo_gld_proxy,2020-04-21T21:15:00+00:00,2026-03-07 16:33:12
gld_holdings_flow_confirm,2020-04-22,24949755.0,0,yahoo_gld_proxy,2020-04-22T21:15:00+00:00,2026-03-07 16:33:12
gld_holdings_flow_confirm,2020-04-23,24949755.0,0,yahoo_gld_proxy,2020-04-23T21:15:00+00:00,2026-03-07 16:33:12
gld_holdings_flow_confirm,2020-04-24,24949755.0,0,yahoo_gld_proxy,2020-04-24T21:15:00+00:00,2026-03-07 16:33:12
gld_holdings_flow_confirm,2020-04-27,24949755.0,0,yahoo_gld_proxy,2020-04-27T21:15:00+00:00,2026-03-07 16:33:12
gld_holdings_flow_confirm,2020-04-28,24949755.0,0,yahoo_gld_proxy,2020-04-28T21:15:00+00:00,2026-03-07 16:33:12
gld_holdings_flow_confirm,2020-04-29,24949755.0,0,yahoo_gld_proxy,2020-04-29T21:15:00+00:00,2026-03-07 16:33:12
gld_holdings_flow_confirm,2020-04-30,24949755.0,0,yahoo_gld_proxy,2020-04-30T21:15:00+00:00,2026-03-07 16:33:12
gld_holdings_flow_confirm,2020-05-01,24949755.0,0,yahoo_gld_proxy,2020-05-01T21:15:00+00:00,2026-03-07 16:33:12
gld_holdings_flow_confirm,2020-05-04,24949755.0,0,yahoo_gld_proxy,2020-05-04T21:15:00+00:00,2026-03-07 16:33:12
gld_holdings_flow_confirm,2020-05-05,24949755.0,0,yahoo_gld_proxy,2020-05-05T21:15:00+00:00,2026-03-07 16:33:12
gld_holdings_flow_confirm,2020-05-06,24949755.0,0,yahoo_gld_proxy,2020-05-06T21:15:00+00:00,2026-03-07 16:33:12
gld_holdings_flow_confirm,2020-05-07,24949755.0,0,yahoo_gld_proxy,2020-05-07T21:15:00+00:00,2026-03-07 16:33:12
gld_holdings_flow_confirm,2020-05-08,24949755.0,0,yahoo_gld_proxy,2020-05-08T21:15:00+00:00,2026-03-07 16:33:12
gld_holdings_flow_confirm,2020-05-11,24949755.0,0,yahoo_gld_proxy,2020-05-11T21:15:00+00:00,2026-03-07 16:33:12
gld_holdings_flow_confirm,2020-05-12,24949755.0,0,yahoo_gld_proxy,2020-05-12T21:15:00+00:00,2026-03-07 16:33:12
gld_holdings_flow_confirm,2020-05-13,24949755.0,0,yahoo_gld_proxy,2020-05-13T21:15:00+00:00,2026-03-07 16:33:12
gld_holdings_flow_confirm,2020-05-14,24949755.0,0,yahoo_gld_proxy,2020-05-14T21:15:00+00:00,2026-03-07 16:33:12
gld_holdings_flow_confirm,2020-05-15,24949755.0,0,yahoo_gld_proxy,2020-05-15T21:15:00+00:00,2026-03-07 16:33:12
gld_holdings_flow_confirm,2020-05-18,24949755.0,0,yahoo_gld_proxy,2020-05-18T21:15:00+00:00,2026-03-07 16:33:12
gld_holdings_flow_confirm,2020-05-19,24949755.0,0,yahoo_gld_proxy,2020-05-19T21:15:00+00:00,2026-03-07 16:33:12
gld_holdings_flow_confirm,2020-05-20,24949755.0,0,yahoo_gld_proxy,2020-05-20T21:15:00+00:00,2026-03-07 16:33:12
gld_holdings_flow_confirm,2020-05-21,24949755.0,0,yahoo_gld_proxy,2020-05-21T21:15:00+00:00,2026-03-07 16:33:12
gld_holdings_flow_confirm,2020-05-22,24949755.0,0,yahoo_gld_proxy,2020-05-22T21:15:00+00:00,2026-03-07 16:33:12
gld_holdings_flow_confirm,2020-05-26,24949755.0,0,yahoo_gld_proxy,2020-05-26T21:15:00+00:00,2026-03-07 16:33:12
gld_holdings_flow_confirm,2020-05-27,24949755.0,0,yahoo_gld_proxy,2020-05-27T21:15:00+00:00,2026-03-07 16:33:12
gld_holdings_flow_confirm,2020-05-28,24949755.0,0,yahoo_gld_proxy,2020-05-28T21:15:00+00:00,2026-03-07 16:33:12
gld_holdings_flow_confirm,2020-05-29,24949755.0,0,yahoo_gld_proxy,2020-05-29T21:15:00+00:00,2026-03-07 16:33:12
gld_holdings_flow_confirm,2020-06-01,24949755.0,0,yahoo_gld_proxy,2020-06-01T21:15:00+00:00,2026-03-07 16:33:12
gld_holdings_flow_confirm,2020-06-02,24949755.0,0,yahoo_gld_proxy,2020-06-02T21:15:00+00:00,2026-03-07 16:33:12
gld_holdings_flow_confirm,2020-06-03,24949755.0,0,yahoo_gld_proxy,2020-06-03T21:15:00+00:00,2026-03-07 16:33:12
gld_holdings_flow_confirm,2020-06-04,24949755.0,0,yahoo_gld_proxy,2020-06-04T21:15:00+00:00,2026-03-07 16:33:12
gld_holdings_flow_confirm,2020-06-05,24949755.0,0,yahoo_gld_proxy,2020-06-05T21:15:00+00:00,2026-03-07 16:33:12
gld_holdings_flow_confirm,2020-06-08,24949755.0,0,yahoo_gld_proxy,2020-06-08T21:15:00+00:00,2026-03-07 16:33:12
gld_holdings_flow_confirm,2020-06-09,24949755.0,0,yahoo_gld_proxy,2020-06-09T21:15:00+00:00,2026-03-07 16:33:12
gld_holdings_flow_confirm,2020-06-10,24949755.0,0,yahoo_gld_proxy,2020-06-10T21:15:00+00:00,2026-03-07 16:33:12
gld_holdings_flow_confirm,2020-06-11,24949755.0,0,yahoo_gld_proxy,2020-06-11T21:15:00+00:00,2026-03-07 16:33:12
gld_holdings_flow_confirm,2020-06-12,24949755.0,0,yahoo_gld_proxy,2020-06-12T21:15:00+00:00,2026-03-07 16:33:12
gld_holdings_flow_confirm,2020-06-15,24949755.0,0,yahoo_gld_proxy,2020-06-15T21:15:00+00:00,2026-03-07 16:33:12
gld_holdings_flow_confirm,2020-06-16,24949755.0,0,yahoo_gld_proxy,2020-06-16T21:15:00+00:00,2026-03-07 16:33:12
gld_holdings_flow_confirm,2020-06-17,24949755.0,0,yahoo_gld_proxy,2020-06-17T21:15:00+00:00,2026-03-07 16:33:12
gld_holdings_flow_confirm,2020-06-18,24949755.0,0,yahoo_gld_proxy,2020-06-18T21:15:00+00:00,2026-03-07 16:33:12
gld_holdings_flow_confirm,2020-06-19,24949755.0,0,yahoo_gld_proxy,2020-06-19T21:15:00+00:00,2026-03-07 16:33:12
gld_holdings_flow_confirm,2020-06-22,24949755.0,0,yahoo_gld_proxy,2020-06-22T21:15:00+00:00,2026-03-07 16:33:12
gld_holdings_flow_confirm,2020-06-23,24949755.0,0,yahoo_gld_proxy,2020-06-23T21:15:00+00:00,2026-03-07 16:33:12
gld_holdings_flow_confirm,2020-06-24,24949755.0,0,yahoo_gld_proxy,2020-06-24T21:15:00+00:00,2026-03-07 16:33:12
gld_holdings_flow_confirm,2020-06-25,24949755.0,0,yahoo_gld_proxy,2020-06-25T21:15:00+00:00,2026-03-07 16:33:12
gld_holdings_flow_confirm,2020-06-26,24949755.0,0,yahoo_gld_proxy,2020-06-26T21:15:00+00:00,2026-03-07 16:33:12
gld_holdings_flow_confirm,2020-06-29,24949755.0,0,yahoo_gld_proxy,2020-06-29T21:15:00+00:00,2026-03-07 16:33:12
gld_holdings_flow_confirm,2020-06-30,24949755.0,0,yahoo_gld_proxy,2020-06-30T21:15:00+00:00,2026-03-07 16:33:12
gld_holdings_flow_confirm,2020-07-01,24949755.0,0,yahoo_gld_proxy,2020-07-01T21:15:00+00:00,2026-03-07 16:33:12
gld_holdings_flow_confirm,2020-07-02,24949755.0,0,yahoo_gld_proxy,2020-07-02T21:15:00+00:00,2026-03-07 16:33:12
gld_holdings_flow_confirm,2020-07-06,24949755.0,0,yahoo_gld_proxy,2020-07-06T21:15:00+00:00,2026-03-07 16:33:12
gld_holdings_flow_confirm,2020-07-07,24949755.0,0,yahoo_gld_proxy,2020-07-07T21:15:00+00:00,2026-03-07 16:33:12
gld_holdings_flow_confirm,2020-07-08,24949755.0,0,yahoo_gld_proxy,2020-07-08T21:15:00+00:00,2026-03-07 16:33:12
gld_holdings_flow_confirm,2020-07-09,24949755.0,0,yahoo_gld_proxy,2020-07-09T21:15:00+00:00,2026-03-07 16:33:12
gld_holdings_flow_confirm,2020-07-10,24949755.0,0,yahoo_gld_proxy,2020-07-10T21:15:00+00:00,2026-03-07 16:33:12
gld_holdings_flow_confirm,2020-07-13,24949755.0,0,yahoo_gld_proxy,2020-07-13T21:15:00+00:00,2026-03-07 16:33:12
gld_holdings_flow_confirm,2020-07-14,24949755.0,0,yahoo_gld_proxy,2020-07-14T21:15:00+00:00,2026-03-07 16:33:12
gld_holdings_flow_confirm,2020-07-15,24949755.0,0,yahoo_gld_proxy,2020-07-15T21:15:00+00:00,2026-03-07 16:33:12
gld_holdings_flow_confirm,2020-07-16,24949755.0,0,yahoo_gld_proxy,2020-07-16T21:15:00+00:00,2026-03-07 16:33:12
gld_holdings_flow_confirm,2020-07-17,24949755.0,0,yahoo_gld_proxy,2020-07-17T21:15:00+00:00,2026-03-07 16:33:12
gld_holdings_flow_confirm,2020-07-20,24949755.0,0,yahoo_gld_proxy,2020-07-20T21:15:00+00:00,2026-03-07 16:33:12
gld_holdings_flow_confirm,2020-07-21,24949755.0,0,yahoo_gld_proxy,2020-07-21T21:15:00+00:00,2026-03-07 16:33:12
gld_holdings_flow_confirm,2020-07-22,24949755.0,0,yahoo_gld_proxy,2020-07-22T21:15:00+00:00,2026-03-07 16:33:12
gld_holdings_flow_confirm,2020-07-23,24949755.0,0,yahoo_gld_proxy,2020-07-23T21:15:00+00:00,2026-03-07 16:33:12
gld_holdings_flow_confirm,2020-07-24,24949755.0,0,yahoo_gld_proxy,2020-07-24T21:15:00+00:00,2026-03-07 16:33:12
gld_holdings_flow_confirm,2020-07-27,24949755.0,0,yahoo_gld_proxy,2020-07-27T21:15:00+00:00,2026-03-07 16:33:12
gld_holdings_flow_confirm,2020-07-28,24949755.0,0,yahoo_gld_proxy,2020-07-28T21:15:00+00:00,2026-03-07 16:33:12
gld_holdings_flow_confirm,2020-07-29,24949755.0,0,yahoo_gld_proxy,2020-07-29T21:15:00+00:00,2026-03-07 16:33:12
gld_holdings_flow_confirm,2020-07-30,24949755.0,0,yahoo_gld_proxy,2020-07-30T21:15:00+00:00,2026-03-07 16:33:12
gld_holdings_flow_confirm,2020-07-31,24949755.0,0,yahoo_gld_proxy,2020-07-31T21:15:00+00:00,2026-03-07 16:33:12
gld_holdings_flow_confirm,2020-08-03,24949755.0,0,yahoo_gld_proxy,2020-08-03T21:15:00+00:00,2026-03-07 16:33:12
gld_holdings_flow_confirm,2020-08-04,24949755.0,0,yahoo_gld_proxy,2020-08-04T21:15:00+00:00,2026-03-07 16:33:12
gld_holdings_flow_confirm,2020-08-05,24949755.0,0,yahoo_gld_proxy,2020-08-05T21:15:00+00:00,2026-03-07 16:33:12
gld_holdings_flow_confirm,2020-08-06,24949755.0,0,yahoo_gld_proxy,2020-08-06T21:15:00+00:00,2026-03-07 16:33:12
gld_holdings_flow_confirm,2020-08-07,24949755.0,0,yahoo_gld_proxy,2020-08-07T21:15:00+00:00,2026-03-07 16:33:12
gld_holdings_flow_confirm,2020-08-10,24949755.0,0,yahoo_gld_proxy,2020-08-10T21:15:00+00:00,2026-03-07 16:33:12
gld_holdings_flow_confirm,2020-08-11,24949755.0,0,yahoo_gld_proxy,2020-08-11T21:15:00+00:00,2026-03-07 16:33:12
gld_holdings_flow_confirm,2020-08-12,24949755.0,0,yahoo_gld_proxy,2020-08-12T21:15:00+00:00,2026-03-07 16:33:12
gld_holdings_flow_confirm,2020-08-13,24949755.0,0,yahoo_gld_proxy,2020-08-13T21:15:00+00:00,2026-03-07 16:33:12
gld_holdings_flow_confirm,2020-08-14,24949755.0,0,yahoo_gld_proxy,2020-08-14T21:15:00+00:00,2026-03-07 16:33:12
gld_holdings_flow_confirm,2020-08-17,24949755.0,0,yahoo_gld_proxy,2020-08-17T21:15:00+00:00,2026-03-07 16:33:12
gld_holdings_flow_confirm,2020-08-18,24949755.0,0,yahoo_gld_proxy,2020-08-18T21:15:00+00:00,2026-03-07 16:33:12
gld_holdings_flow_confirm,2020-08-19,24949755.0,0,yahoo_gld_proxy,2020-08-19T21:15:00+00:00,2026-03-07 16:33:12
gld_holdings_flow_confirm,2020-08-20,24949755.0,0,yahoo_gld_proxy,2020-08-20T21:15:00+00:00,2026-03-07 16:33:12
gld_holdings_flow_confirm,2020-08-21,24949755.0,0,yahoo_gld_proxy,2020-08-21T21:15:00+00:00,2026-03-07 16:33:12
gld_holdings_flow_confirm,2020-08-24,24949755.0,0,yahoo_gld_proxy,2020-08-24T21:15:00+00:00,2026-03-07 16:33:12
gld_holdings_flow_confirm,2020-08-25,24949755.0,0,yahoo_gld_proxy,2020-08-25T21:15:00+00:00,2026-03-07 16:33:12
gld_holdings_flow_confirm,2020-08-26,24949755.0,0,yahoo_gld_proxy,2020-08-26T21:15:00+00:00,2026-03-07 16:33:12
gld_holdings_flow_confirm,2020-08-27,24949755.0,0,yahoo_gld_proxy,2020-08-27T21:15:00+00:00,2026-03-07 16:33:12
gld_holdings_flow_confirm,2020-08-28,24949755.0,0,yahoo_gld_proxy,2020-08-28T21:15:00+00:00,2026-03-07 16:33:12
gld_holdings_flow_confirm,2020-08-31,24949755.0,0,yahoo_gld_proxy,2020-08-31T21:15:00+00:00,2026-03-07 16:33:12
gld_holdings_flow_confirm,2020-09-01,24949755.0,0,yahoo_gld_proxy,2020-09-01T21:15:00+00:00,2026-03-07 16:33:12
gld_holdings_flow_confirm,2020-09-02,24949755.0,0,yahoo_gld_proxy,2020-09-02T21:15:00+00:00,2026-03-07 16:33:12
gld_holdings_flow_confirm,2020-09-03,24949755.0,0,yahoo_gld_proxy,2020-09-03T21:15:00+00:00,2026-03-07 16:33:12
gld_holdings_flow_confirm,2020-09-04,24949755.0,0,yahoo_gld_proxy,2020-09-04T21:15:00+00:00,2026-03-07 16:33:12
gld_holdings_flow_confirm,2020-09-08,24949755.0,0,yahoo_gld_proxy,2020-09-08T21:15:00+00:00,2026-03-07 16:33:12
gld_holdings_flow_confirm,2020-09-09,24949755.0,0,yahoo_gld_proxy,2020-09-09T21:15:00+00:00,2026-03-07 16:33:12
gld_holdings_flow_confirm,2020-09-10,24949755.0,0,yahoo_gld_proxy,2020-09-10T21:15:00+00:00,2026-03-07 16:33:12
gld_holdings_flow_confirm,2020-09-11,24949755.0,0,yahoo_gld_proxy,2020-09-11T21:15:00+00:00,2026-03-07 16:33:12
gld_holdings_flow_confirm,2020-09-14,24949755.0,0,yahoo_gld_proxy,2020-09-14T21:15:00+00:00,2026-03-07 16:33:12
gld_holdings_flow_confirm,2020-09-15,24949755.0,0,yahoo_gld_proxy,2020-09-15T21:15:00+00:00,2026-03-07 16:33:12
gld_holdings_flow_confirm,2020-09-16,24949755.0,0,yahoo_gld_proxy,2020-09-16T21:15:00+00:00,2026-03-07 16:33:12
gld_holdings_flow_confirm,2020-09-17,24949755.0,0,yahoo_gld_proxy,2020-09-17T21:15:00+00:00,2026-03-07 16:33:12
gld_holdings_flow_confirm,2020-09-18,24949755.0,0,yahoo_gld_proxy,2020-09-18T21:15:00+00:00,2026-03-07 16:33:12
gld_holdings_flow_confirm,2020-09-21,24949755.0,0,yahoo_gld_proxy,2020-09-21T21:15:00+00:00,2026-03-07 16:33:12
gld_holdings_flow_confirm,2020-09-22,24949755.0,0,yahoo_gld_proxy,2020-09-22T21:15:00+00:00,2026-03-07 16:33:12
gld_holdings_flow_confirm,2020-09-23,24949755.0,0,yahoo_gld_proxy,2020-09-23T21:15:00+00:00,2026-03-07 16:33:12
gld_holdings_flow_confirm,2020-09-24,24949755.0,0,yahoo_gld_proxy,2020-09-24T21:15:00+00:00,2026-03-07 16:33:12
gld_holdings_flow_confirm,2020-09-25,24949755.0,0,yahoo_gld_proxy,2020-09-25T21:15:00+00:00,2026-03-07 16:33:12
gld_holdings_flow_confirm,2020-09-28,24949755.0,0,yahoo_gld_proxy,2020-09-28T21:15:00+00:00,2026-03-07 16:33:12
gld_holdings_flow_confirm,2020-09-29,24949755.0,0,yahoo_gld_proxy,2020-09-29T21:15:00+00:00,2026-03-07 16:33:12
gld_holdings_flow_confirm,2020-09-30,24949755.0,0,yahoo_gld_proxy,2020-09-30T21:15:00+00:00,2026-03-07 16:33:12
gld_holdings_flow_confirm,2020-10-01,24949755.0,0,yahoo_gld_proxy,2020-10-01T21:15:00+00:00,2026-03-07 16:33:12
gld_holdings_flow_confirm,2020-10-02,24949755.0,0,yahoo_gld_proxy,2020-10-02T21:15:00+00:00,2026-03-07 16:33:12
gld_holdings_flow_confirm,2020-10-05,24949755.0,0,yahoo_gld_proxy,2020-10-05T21:15:00+00:00,2026-03-07 16:33:12
gld_holdings_flow_confirm,2020-10-06,24949755.0,0,yahoo_gld_proxy,2020-10-06T21:15:00+00:00,2026-03-07 16:33:12
gld_holdings_flow_confirm,2020-10-07,24949755.0,0,yahoo_gld_proxy,2020-10-07T21:15:00+00:00,2026-03-07 16:33:12
gld_holdings_flow_confirm,2020-10-08,24949755.0,0,yahoo_gld_proxy,2020-10-08T21:15:00+00:00,2026-03-07 16:33:12
gld_holdings_flow_confirm,2020-10-09,24949755.0,0,yahoo_gld_proxy,2020-10-09T21:15:00+00:00,2026-03-07 16:33:12
gld_holdings_flow_confirm,2020-10-12,24949755.0,0,yahoo_gld_proxy,2020-10-12T21:15:00+00:00,2026-03-07 16:33:12
gld_holdings_flow_confirm,2020-10-13,24949755.0,0,yahoo_gld_proxy,2020-10-13T21:15:00+00:00,2026-03-07 16:33:12
gld_holdings_flow_confirm,2020-10-14,24949755.0,0,yahoo_gld_proxy,2020-10-14T21:15:00+00:00,2026-03-07 16:33:12
gld_holdings_flow_confirm,2020-10-15,24949755.0,0,yahoo_gld_proxy,2020-10-15T21:15:00+00:00,2026-03-07 16:33:12
gld_holdings_flow_confirm,2020-10-16,24949755.0,0,yahoo_gld_proxy,2020-10-16T21:15:00+00:00,2026-03-07 16:33:12
gld_holdings_flow_confirm,2020-10-19,24949755.0,0,yahoo_gld_proxy,2020-10-19T21:15:00+00:00,2026-03-07 16:33:12
gld_holdings_flow_confirm,2020-10-20,24949755.0,0,yahoo_gld_proxy,2020-10-20T21:15:00+00:00,2026-03-07 16:33:12
gld_holdings_flow_confirm,2020-10-21,24949755.0,0,yahoo_gld_proxy,2020-10-21T21:15:00+00:00,2026-03-07 16:33:12
gld_holdings_flow_confirm,2020-10-22,24949755.0,0,yahoo_gld_proxy,2020-10-22T21:15:00+00:00,2026-03-07 16:33:12
gld_holdings_flow_confirm,2020-10-23,24949755.0,0,yahoo_gld_proxy,2020-10-23T21:15:00+00:00,2026-03-07 16:33:12
gld_holdings_flow_confirm,2020-10-26,24949755.0,0,yahoo_gld_proxy,2020-10-26T21:15:00+00:00,2026-03-07 16:33:12
gld_holdings_flow_confirm,2020-10-27,24949755.0,0,yahoo_gld_proxy,2020-10-27T21:15:00+00:00,2026-03-07 16:33:12
gld_holdings_flow_confirm,2020-10-28,24949755.0,0,yahoo_gld_proxy,2020-10-28T21:15:00+00:00,2026-03-07 16:33:12
gld_holdings_flow_confirm,2020-10-29,24949755.0,0,yahoo_gld_proxy,2020-10-29T21:15:00+00:00,2026-03-07 16:33:12
gld_holdings_flow_confirm,2020-10-30,24949755.0,0,yahoo_gld_proxy,2020-10-30T21:15:00+00:00,2026-03-07 16:33:12
gld_holdings_flow_confirm,2020-11-02,24949755.0,0,yahoo_gld_proxy,2020-11-02T21:15:00+00:00,2026-03-07 16:33:12
gld_holdings_flow_confirm,2020-11-03,24949755.0,0,yahoo_gld_proxy,2020-11-03T21:15:00+00:00,2026-03-07 16:33:12
gld_holdings_flow_confirm,2020-11-04,24949755.0,0,yahoo_gld_proxy,2020-11-04T21:15:00+00:00,2026-03-07 16:33:12
gld_holdings_flow_confirm,2020-11-05,24949755.0,0,yahoo_gld_proxy,2020-11-05T21:15:00+00:00,2026-03-07 16:33:12
gld_holdings_flow_confirm,2020-11-06,24949755.0,0,yahoo_gld_proxy,2020-11-06T21:15:00+00:00,2026-03-07 16:33:12
gld_holdings_flow_confirm,2020-11-09,24949755.0,0,yahoo_gld_proxy,2020-11-09T21:15:00+00:00,2026-03-07 16:33:12
gld_holdings_flow_confirm,2020-11-10,24949755.0,0,yahoo_gld_proxy,2020-11-10T21:15:00+00:00,2026-03-07 16:33:12
gld_holdings_flow_confirm,2020-11-11,24949755.0,0,yahoo_gld_proxy,2020-11-11T21:15:00+00:00,2026-03-07 16:33:12
gld_holdings_flow_confirm,2020-11-12,24949755.0,0,yahoo_gld_proxy,2020-11-12T21:15:00+00:00,2026-03-07 16:33:12
gld_holdings_flow_confirm,2020-11-13,24949755.0,0,yahoo_gld_proxy,2020-11-13T21:15:00+00:00,2026-03-07 16:33:12
gld_holdings_flow_confirm,2020-11-16,24949755.0,0,yahoo_gld_proxy,2020-11-16T21:15:00+00:00,2026-03-07 16:33:12
gld_holdings_flow_confirm,2020-11-17,24949755.0,0,yahoo_gld_proxy,2020-11-17T21:15:00+00:00,2026-03-07 16:33:12
gld_holdings_flow_confirm,2020-11-18,24949755.0,0,yahoo_gld_proxy,2020-11-18T21:15:00+00:00,2026-03-07 16:33:12
gld_holdings_flow_confirm,2020-11-19,24949755.0,0,yahoo_gld_proxy,2020-11-19T21:15:00+00:00,2026-03-07 16:33:12
gld_holdings_flow_confirm,2020-11-20,24949755.0,0,yahoo_gld_proxy,2020-11-20T21:15:00+00:00,2026-03-07 16:33:12
gld_holdings_flow_confirm,2020-11-23,24949755.0,0,yahoo_gld_proxy,2020-11-23T21:15:00+00:00,2026-03-07 16:33:12
gld_holdings_flow_confirm,2020-11-24,24949755.0,0,yahoo_gld_proxy,2020-11-24T21:15:00+00:00,2026-03-07 16:33:12
gld_holdings_flow_confirm,2020-11-25,24949755.0,0,yahoo_gld_proxy,2020-11-25T21:15:00+00:00,2026-03-07 16:33:12
gld_holdings_flow_confirm,2020-11-27,24949755.0,0,yahoo_gld_proxy,2020-11-27T21:15:00+00:00,2026-03-07 16:33:12
gld_holdings_flow_confirm,2020-11-30,24949755.0,0,yahoo_gld_proxy,2020-11-30T21:15:00+00:00,2026-03-07 16:33:12
gld_holdings_flow_confirm,2020-12-01,24949755.0,0,yahoo_gld_proxy,2020-12-01T21:15:00+00:00,2026-03-07 16:33:12
gld_holdings_flow_confirm,2020-12-02,24949755.0,0,yahoo_gld_proxy,2020-12-02T21:15:00+00:00,2026-03-07 16:33:12
gld_holdings_flow_confirm,2020-12-03,24949755.0,0,yahoo_gld_proxy,2020-12-03T21:15:00+00:00,2026-03-07 16:33:12
gld_holdings_flow_confirm,2020-12-04,24949755.0,0,yahoo_gld_proxy,2020-12-04T21:15:00+00:00,2026-03-07 16:33:12
gld_holdings_flow_confirm,2020-12-07,24949755.0,0,yahoo_gld_proxy,2020-12-07T21:15:00+00:00,2026-03-07 16:33:12
gld_holdings_flow_confirm,2020-12-08,24949755.0,0,yahoo_gld_proxy,2020-12-08T21:15:00+00:00,2026-03-07 16:33:12
gld_holdings_flow_confirm,2020-12-09,24949755.0,0,yahoo_gld_proxy,2020-12-09T21:15:00+00:00,2026-03-07 16:33:12
gld_holdings_flow_confirm,2020-12-10,24949755.0,0,yahoo_gld_proxy,2020-12-10T21:15:00+00:00,2026-03-07 16:33:12
gld_holdings_flow_confirm,2020-12-11,24949755.0,0,yahoo_gld_proxy,2020-12-11T21:15:00+00:00,2026-03-07 16:33:12
gld_holdings_flow_confirm,2020-12-14,24949755.0,0,yahoo_gld_proxy,2020-12-14T21:15:00+00:00,2026-03-07 16:33:12
gld_holdings_flow_confirm,2020-12-15,24949755.0,0,yahoo_gld_proxy,2020-12-15T21:15:00+00:00,2026-03-07 16:33:12
gld_holdings_flow_confirm,2020-12-16,24949755.0,0,yahoo_gld_proxy,2020-12-16T21:15:00+00:00,2026-03-07 16:33:12
gld_holdings_flow_confirm,2020-12-17,24949755.0,0,yahoo_gld_proxy,2020-12-17T21:15:00+00:00,2026-03-07 16:33:12
gld_holdings_flow_confirm,2020-12-18,24949755.0,0,yahoo_gld_proxy,2020-12-18T21:15:00+00:00,2026-03-07 16:33:12
gld_holdings_flow_confirm,2020-12-21,24949755.0,0,yahoo_gld_proxy,2020-12-21T21:15:00+00:00,2026-03-07 16:33:12
gld_holdings_flow_confirm,2020-12-22,24949755.0,0,yahoo_gld_proxy,2020-12-22T21:15:00+00:00,2026-03-07 16:33:12
gld_holdings_flow_confirm,2020-12-23,24949755.0,0,yahoo_gld_proxy,2020-12-23T21:15:00+00:00,2026-03-07 16:33:12
gld_holdings_flow_confirm,2020-12-24,24949755.0,0,yahoo_gld_proxy,2020-12-24T21:15:00+00:00,2026-03-07 16:33:12
gld_holdings_flow_confirm,2020-12-28,24949755.0,0,yahoo_gld_proxy,2020-12-28T21:15:00+00:00,2026-03-07 16:33:12
gld_holdings_flow_confirm,2020-12-29,24949755.0,0,yahoo_gld_proxy,2020-12-29T21:15:00+00:00,2026-03-07 16:33:12
gld_holdings_flow_confirm,2020-12-30,24949755.0,0,yahoo_gld_proxy,2020-12-30T21:15:00+00:00,2026-03-07 16:33:12
gld_holdings_flow_confirm,2020-12-31,24949755.0,0,yahoo_gld_proxy,2020-12-31T21:15:00+00:00,2026-03-07 16:33:12
gld_holdings_flow_confirm,2021-01-04,24949755.0,0,yahoo_gld_proxy,2021-01-04T21:15:00+00:00,2026-03-07 16:33:12
gld_holdings_flow_confirm,2021-01-05,24949755.0,0,yahoo_gld_proxy,2021-01-05T21:15:00+00:00,2026-03-07 16:33:12
gld_holdings_flow_confirm,2021-01-06,24949755.0,0,yahoo_gld_proxy,2021-01-06T21:15:00+00:00,2026-03-07 16:33:12
gld_holdings_flow_confirm,2021-01-07,24949755.0,0,yahoo_gld_proxy,2021-01-07T21:15:00+00:00,2026-03-07 16:33:12
gld_holdings_flow_confirm,2021-01-08,24949755.0,0,yahoo_gld_proxy,2021-01-08T21:15:00+00:00,2026-03-07 16:33:12
gld_holdings_flow_confirm,2021-01-11,24949755.0,0,yahoo_gld_proxy,2021-01-11T21:15:00+00:00,2026-03-07 16:33:12
gld_holdings_flow_confirm,2021-01-12,24949755.0,0,yahoo_gld_proxy,2021-01-12T21:15:00+00:00,2026-03-07 16:33:12
gld_holdings_flow_confirm,2021-01-13,24949755.0,0,yahoo_gld_proxy,2021-01-13T21:15:00+00:00,2026-03-07 16:33:12
gld_holdings_flow_confirm,2021-01-14,24949755.0,0,yahoo_gld_proxy,2021-01-14T21:15:00+00:00,2026-03-07 16:33:12
gld_holdings_flow_confirm,2021-01-15,24949755.0,0,yahoo_gld_proxy,2021-01-15T21:15:00+00:00,2026-03-07 16:33:12
gld_holdings_flow_confirm,2021-01-19,24949755.0,0,yahoo_gld_proxy,2021-01-19T21:15:00+00:00,2026-03-07 16:33:12
gld_holdings_flow_confirm,2021-01-20,24949755.0,0,yahoo_gld_proxy,2021-01-20T21:15:00+00:00,2026-03-07 16:33:12
gld_holdings_flow_confirm,2021-01-21,24949755.0,0,yahoo_gld_proxy,2021-01-21T21:15:00+00:00,2026-03-07 16:33:12
gld_holdings_flow_confirm,2021-01-22,24949755.0,0,yahoo_gld_proxy,2021-01-22T21:15:00+00:00,2026-03-07 16:33:12
gld_holdings_flow_confirm,2021-01-25,24949755.0,0,yahoo_gld_proxy,2021-01-25T21:15:00+00:00,2026-03-07 16:33:12
gld_holdings_flow_confirm,2021-01-26,24949755.0,0,yahoo_gld_proxy,2021-01-26T21:15:00+00:00,2026-03-07 16:33:12
gld_holdings_flow_confirm,2021-01-27,24949755.0,0,yahoo_gld_proxy,2021-01-27T21:15:00+00:00,2026-03-07 16:33:12
gld_holdings_flow_confirm,2021-01-28,24949755.0,0,yahoo_gld_proxy,2021-01-28T21:15:00+00:00,2026-03-07 16:33:12
gld_holdings_flow_confirm,2021-01-29,24949755.0,0,yahoo_gld_proxy,2021-01-29T21:15:00+00:00,2026-03-07 16:33:12
gld_holdings_flow_confirm,2021-02-01,24949755.0,0,yahoo_gld_proxy,2021-02-01T21:15:00+00:00,2026-03-07 16:33:12
gld_holdings_flow_confirm,2021-02-02,24949755.0,0,yahoo_gld_proxy,2021-02-02T21:15:00+00:00,2026-03-07 16:33:12
gld_holdings_flow_confirm,2021-02-03,24949755.0,0,yahoo_gld_proxy,2021-02-03T21:15:00+00:00,2026-03-07 16:33:12
gld_holdings_flow_confirm,2021-02-04,24949755.0,0,yahoo_gld_proxy,2021-02-04T21:15:00+00:00,2026-03-07 16:33:12
gld_holdings_flow_confirm,2021-02-05,24949755.0,0,yahoo_gld_proxy,2021-02-05T21:15:00+00:00,2026-03-07 16:33:12
gld_holdings_flow_confirm,2021-02-08,24949755.0,0,yahoo_gld_proxy,2021-02-08T21:15:00+00:00,2026-03-07 16:33:12
gld_holdings_flow_confirm,2021-02-09,24949755.0,0,yahoo_gld_proxy,2021-02-09T21:15:00+00:00,2026-03-07 16:33:12
gld_holdings_flow_confirm,2021-02-10,24949755.0,0,yahoo_gld_proxy,2021-02-10T21:15:00+00:00,2026-03-07 16:33:12
gld_holdings_flow_confirm,2021-02-11,24949755.0,0,yahoo_gld_proxy,2021-02-11T21:15:00+00:00,2026-03-07 16:33:12
gld_holdings_flow_confirm,2021-02-12,24949755.0,0,yahoo_gld_proxy,2021-02-12T21:15:00+00:00,2026-03-07 16:33:12
gld_holdings_flow_confirm,2021-02-16,24949755.0,0,yahoo_gld_proxy,2021-02-16T21:15:00+00:00,2026-03-07 16:33:12
gld_holdings_flow_confirm,2021-02-17,24949755.0,0,yahoo_gld_proxy,2021-02-17T21:15:00+00:00,2026-03-07 16:33:12
gld_holdings_flow_confirm,2021-02-18,24949755.0,0,yahoo_gld_proxy,2021-02-18T21:15:00+00:00,2026-03-07 16:33:12
gld_holdings_flow_confirm,2021-02-19,24949755.0,0,yahoo_gld_proxy,2021-02-19T21:15:00+00:00,2026-03-07 16:33:12
gld_holdings_flow_confirm,2021-02-22,24949755.0,0,yahoo_gld_proxy,2021-02-22T21:15:00+00:00,2026-03-07 16:33:12
gld_holdings_flow_confirm,2021-02-23,24949755.0,0,yahoo_gld_proxy,2021-02-23T21:15:00+00:00,2026-03-07 16:33:12
gld_holdings_flow_confirm,2021-02-24,24949755.0,0,yahoo_gld_proxy,2021-02-24T21:15:00+00:00,2026-03-07 16:33:12
gld_holdings_flow_confirm,2021-02-25,24949755.0,0,yahoo_gld_proxy,2021-02-25T21:15:00+00:00,2026-03-07 16:33:12
gld_holdings_flow_confirm,2021-02-26,24949755.0,0,yahoo_gld_proxy,2021-02-26T21:15:00+00:00,2026-03-07 16:33:12
gld_holdings_flow_confirm,2021-03-01,24949755.0,0,yahoo_gld_proxy,2021-03-01T21:15:00+00:00,2026-03-07 16:33:12
gld_holdings_flow_confirm,2021-03-02,24949755.0,0,yahoo_gld_proxy,2021-03-02T21:15:00+00:00,2026-03-07 16:33:12
gld_holdings_flow_confirm,2021-03-03,24949755.0,0,yahoo_gld_proxy,2021-03-03T21:15:00+00:00,2026-03-07 16:33:12
gld_holdings_flow_confirm,2021-03-04,24949755.0,0,yahoo_gld_proxy,2021-03-04T21:15:00+00:00,2026-03-07 16:33:12
gld_holdings_flow_confirm,2021-03-05,24949755.0,0,yahoo_gld_proxy,2021-03-05T21:15:00+00:00,2026-03-07 16:33:12
gld_holdings_flow_confirm,2021-03-08,24949755.0,0,yahoo_gld_proxy,2021-03-08T21:15:00+00:00,2026-03-07 16:33:12
gld_holdings_flow_confirm,2021-03-09,24949755.0,0,yahoo_gld_proxy,2021-03-09T21:15:00+00:00,2026-03-07 16:33:12
gld_holdings_flow_confirm,2021-03-10,24949755.0,0,yahoo_gld_proxy,2021-03-10T21:15:00+00:00,2026-03-07 16:33:12
gld_holdings_flow_confirm,2021-03-11,24949755.0,0,yahoo_gld_proxy,2021-03-11T21:15:00+00:00,2026-03-07 16:33:12
gld_holdings_flow_confirm,2021-03-12,24949755.0,0,yahoo_gld_proxy,2021-03-12T21:15:00+00:00,2026-03-07 16:33:12
gld_holdings_flow_confirm,2021-03-15,24949755.0,0,yahoo_gld_proxy,2021-03-15T21:15:00+00:00,2026-03-07 16:33:12
gld_holdings_flow_confirm,2021-03-16,24949755.0,0,yahoo_gld_proxy,2021-03-16T21:15:00+00:00,2026-03-07 16:33:12
gld_holdings_flow_confirm,2021-03-17,24949755.0,0,yahoo_gld_proxy,2021-03-17T21:15:00+00:00,2026-03-07 16:33:12
gld_holdings_flow_confirm,2021-03-18,24949755.0,0,yahoo_gld_proxy,2021-03-18T21:15:00+00:00,2026-03-07 16:33:12
gld_holdings_flow_confirm,2021-03-19,24949755.0,0,yahoo_gld_proxy,2021-03-19T21:15:00+00:00,2026-03-07 16:33:12
gld_holdings_flow_confirm,2021-03-22,24949755.0,0,yahoo_gld_proxy,2021-03-22T21:15:00+00:00,2026-03-07 16:33:12
gld_holdings_flow_confirm,2021-03-23,24949755.0,0,yahoo_gld_proxy,2021-03-23T21:15:00+00:00,2026-03-07 16:33:12
gld_holdings_flow_confirm,2021-03-24,24949755.0,0,yahoo_gld_proxy,2021-03-24T21:15:00+00:00,2026-03-07 16:33:12
gld_holdings_flow_confirm,2021-03-25,24949755.0,0,yahoo_gld_proxy,2021-03-25T21:15:00+00:00,2026-03-07 16:33:12
gld_holdings_flow_confirm,2021-03-26,24949755.0,0,yahoo_gld_proxy,2021-03-26T21:15:00+00:00,2026-03-07 16:33:12
gld_holdings_flow_confirm,2021-03-29,24949755.0,0,yahoo_gld_proxy,2021-03-29T21:15:00+00:00,2026-03-07 16:33:12
gld_holdings_flow_confirm,2021-03-30,24949755.0,0,yahoo_gld_proxy,2021-03-30T21:15:00+00:00,2026-03-07 16:33:12
gld_holdings_flow_confirm,2021-03-31,24949755.0,0,yahoo_gld_proxy,2021-03-31T21:15:00+00:00,2026-03-07 16:33:12
gld_holdings_flow_confirm,2021-04-01,24949755.0,0,yahoo_gld_proxy,2021-04-01T21:15:00+00:00,2026-03-07 16:33:12
gld_holdings_flow_confirm,2021-04-05,24949755.0,0,yahoo_gld_proxy,2021-04-05T21:15:00+00:00,2026-03-07 16:33:12
gld_holdings_flow_confirm,2021-04-06,24949755.0,0,yahoo_gld_proxy,2021-04-06T21:15:00+00:00,2026-03-07 16:33:12
gld_holdings_flow_confirm,2021-04-07,24949755.0,0,yahoo_gld_proxy,2021-04-07T21:15:00+00:00,2026-03-07 16:33:12
gld_holdings_flow_confirm,2021-04-08,24949755.0,0,yahoo_gld_proxy,2021-04-08T21:15:00+00:00,2026-03-07 16:33:12
gld_holdings_flow_confirm,2021-04-09,24949755.0,0,yahoo_gld_proxy,2021-04-09T21:15:00+00:00,2026-03-07 16:33:12
gld_holdings_flow_confirm,2021-04-12,24949755.0,0,yahoo_gld_proxy,2021-04-12T21:15:00+00:00,2026-03-07 16:33:12
gld_holdings_flow_confirm,2021-04-13,24949755.0,0,yahoo_gld_proxy,2021-04-13T21:15:00+00:00,2026-03-07 16:33:12
gld_holdings_flow_confirm,2021-04-14,24949755.0,0,yahoo_gld_proxy,2021-04-14T21:15:00+00:00,2026-03-07 16:33:12
gld_holdings_flow_confirm,2021-04-15,24949755.0,0,yahoo_gld_proxy,2021-04-15T21:15:00+00:00,2026-03-07 16:33:12
gld_holdings_flow_confirm,2021-04-16,24949755.0,0,yahoo_gld_proxy,2021-04-16T21:15:00+00:00,2026-03-07 16:33:12
gld_holdings_flow_confirm,2021-04-19,24949755.0,0,yahoo_gld_proxy,2021-04-19T21:15:00+00:00,2026-03-07 16:33:12
gld_holdings_flow_confirm,2021-04-20,24949755.0,0,yahoo_gld_proxy,2021-04-20T21:15:00+00:00,2026-03-07 16:33:12
gld_holdings_flow_confirm,2021-04-21,24949755.0,0,yahoo_gld_proxy,2021-04-21T21:15:00+00:00,2026-03-07 16:33:12
gld_holdings_flow_confirm,2021-04-22,24949755.0,0,yahoo_gld_proxy,2021-04-22T21:15:00+00:00,2026-03-07 16:33:12
gld_holdings_flow_confirm,2021-04-23,24949755.0,0,yahoo_gld_proxy,2021-04-23T21:15:00+00:00,2026-03-07 16:33:12
gld_holdings_flow_confirm,2021-04-26,24949755.0,0,yahoo_gld_proxy,2021-04-26T21:15:00+00:00,2026-03-07 16:33:12
gld_holdings_flow_confirm,2021-04-27,24949755.0,0,yahoo_gld_proxy,2021-04-27T21:15:00+00:00,2026-03-07 16:33:12
gld_holdings_flow_confirm,2021-04-28,24949755.0,0,yahoo_gld_proxy,2021-04-28T21:15:00+00:00,2026-03-07 16:33:12
gld_holdings_flow_confirm,2021-04-29,24949755.0,0,yahoo_gld_proxy,2021-04-29T21:15:00+00:00,2026-03-07 16:33:12
gld_holdings_flow_confirm,2021-04-30,24949755.0,0,yahoo_gld_proxy,2021-04-30T21:15:00+00:00,2026-03-07 16:33:12
gld_holdings_flow_confirm,2021-05-03,24949755.0,0,yahoo_gld_proxy,2021-05-03T21:15:00+00:00,2026-03-07 16:33:12
gld_holdings_flow_confirm,2021-05-04,24949755.0,0,yahoo_gld_proxy,2021-05-04T21:15:00+00:00,2026-03-07 16:33:12
gld_holdings_flow_confirm,2021-05-05,24949755.0,0,yahoo_gld_proxy,2021-05-05T21:15:00+00:00,2026-03-07 16:33:12
gld_holdings_flow_confirm,2021-05-06,24949755.0,0,yahoo_gld_proxy,2021-05-06T21:15:00+00:00,2026-03-07 16:33:12
gld_holdings_flow_confirm,2021-05-07,24949755.0,0,yahoo_gld_proxy,2021-05-07T21:15:00+00:00,2026-03-07 16:33:12
gld_holdings_flow_confirm,2021-05-10,24949755.0,0,yahoo_gld_proxy,2021-05-10T21:15:00+00:00,2026-03-07 16:33:12
gld_holdings_flow_confirm,2021-05-11,24949755.0,0,yahoo_gld_proxy,2021-05-11T21:15:00+00:00,2026-03-07 16:33:12
gld_holdings_flow_confirm,2021-05-12,24949755.0,0,yahoo_gld_proxy,2021-05-12T21:15:00+00:00,2026-03-07 16:33:12
gld_holdings_flow_confirm,2021-05-13,24949755.0,0,yahoo_gld_proxy,2021-05-13T21:15:00+00:00,2026-03-07 16:33:12
gld_holdings_flow_confirm,2021-05-14,24949755.0,0,yahoo_gld_proxy,2021-05-14T21:15:00+00:00,2026-03-07 16:33:12
gld_holdings_flow_confirm,2021-05-17,24949755.0,0,yahoo_gld_proxy,2021-05-17T21:15:00+00:00,2026-03-07 16:33:12
gld_holdings_flow_confirm,2021-05-18,24949755.0,0,yahoo_gld_proxy,2021-05-18T21:15:00+00:00,2026-03-07 16:33:12
gld_holdings_flow_confirm,2021-05-19,24949755.0,0,yahoo_gld_proxy,2021-05-19T21:15:00+00:00,2026-03-07 16:33:12
gld_holdings_flow_confirm,2021-05-20,24949755.0,0,yahoo_gld_proxy,2021-05-20T21:15:00+00:00,2026-03-07 16:33:12
gld_holdings_flow_confirm,2021-05-21,24949755.0,0,yahoo_gld_proxy,2021-05-21T21:15:00+00:00,2026-03-07 16:33:12
gld_holdings_flow_confirm,2021-05-24,24949755.0,0,yahoo_gld_proxy,2021-05-24T21:15:00+00:00,2026-03-07 16:33:12
gld_holdings_flow_confirm,2021-05-25,24949755.0,0,yahoo_gld_proxy,2021-05-25T21:15:00+00:00,2026-03-07 16:33:12
gld_holdings_flow_confirm,2021-05-26,24949755.0,0,yahoo_gld_proxy,2021-05-26T21:15:00+00:00,2026-03-07 16:33:12
gld_holdings_flow_confirm,2021-05-27,24949755.0,0,yahoo_gld_proxy,2021-05-27T21:15:00+00:00,2026-03-07 16:33:12
gld_holdings_flow_confirm,2021-05-28,24949755.0,0,yahoo_gld_proxy,2021-05-28T21:15:00+00:00,2026-03-07 16:33:12
gld_holdings_flow_confirm,2021-06-01,24949755.0,0,yahoo_gld_proxy,2021-06-01T21:15:00+00:00,2026-03-07 16:33:12
gld_holdings_flow_confirm,2021-06-02,24949755.0,0,yahoo_gld_proxy,2021-06-02T21:15:00+00:00,2026-03-07 16:33:12
gld_holdings_flow_confirm,2021-06-03,24949755.0,0,yahoo_gld_proxy,2021-06-03T21:15:00+00:00,2026-03-07 16:33:12
gld_holdings_flow_confirm,2021-06-04,24949755.0,0,yahoo_gld_proxy,2021-06-04T21:15:00+00:00,2026-03-07 16:33:12
gld_holdings_flow_confirm,2021-06-07,24949755.0,0,yahoo_gld_proxy,2021-06-07T21:15:00+00:00,2026-03-07 16:33:12
gld_holdings_flow_confirm,2021-06-08,24949755.0,0,yahoo_gld_proxy,2021-06-08T21:15:00+00:00,2026-03-07 16:33:12
gld_holdings_flow_confirm,2021-06-09,24949755.0,0,yahoo_gld_proxy,2021-06-09T21:15:00+00:00,2026-03-07 16:33:12
gld_holdings_flow_confirm,2021-06-10,24949755.0,0,yahoo_gld_proxy,2021-06-10T21:15:00+00:00,2026-03-07 16:33:12
gld_holdings_flow_confirm,2021-06-11,24949755.0,0,yahoo_gld_proxy,2021-06-11T21:15:00+00:00,2026-03-07 16:33:12
gld_holdings_flow_confirm,2021-06-14,24949755.0,0,yahoo_gld_proxy,2021-06-14T21:15:00+00:00,2026-03-07 16:33:12
gld_holdings_flow_confirm,2021-06-15,24949755.0,0,yahoo_gld_proxy,2021-06-15T21:15:00+00:00,2026-03-07 16:33:12
gld_holdings_flow_confirm,2021-06-16,24949755.0,0,yahoo_gld_proxy,2021-06-16T21:15:00+00:00,2026-03-07 16:33:12
gld_holdings_flow_confirm,2021-06-17,24949755.0,0,yahoo_gld_proxy,2021-06-17T21:15:00+00:00,2026-03-07 16:33:12
gld_holdings_flow_confirm,2021-06-18,24949755.0,0,yahoo_gld_proxy,2021-06-18T21:15:00+00:00,2026-03-07 16:33:12
gld_holdings_flow_confirm,2021-06-21,24949755.0,0,yahoo_gld_proxy,2021-06-21T21:15:00+00:00,2026-03-07 16:33:12
gld_holdings_flow_confirm,2021-06-22,24949755.0,0,yahoo_gld_proxy,2021-06-22T21:15:00+00:00,2026-03-07 16:33:12
gld_holdings_flow_confirm,2021-06-23,24949755.0,0,yahoo_gld_proxy,2021-06-23T21:15:00+00:00,2026-03-07 16:33:12
gld_holdings_flow_confirm,2021-06-24,24949755.0,0,yahoo_gld_proxy,2021-06-24T21:15:00+00:00,2026-03-07 16:33:12
gld_holdings_flow_confirm,2021-06-25,24949755.0,0,yahoo_gld_proxy,2021-06-25T21:15:00+00:00,2026-03-07 16:33:12
gld_holdings_flow_confirm,2021-06-28,24949755.0,0,yahoo_gld_proxy,2021-06-28T21:15:00+00:00,2026-03-07 16:33:12
gld_holdings_flow_confirm,2021-06-29,24949755.0,0,yahoo_gld_proxy,2021-06-29T21:15:00+00:00,2026-03-07 16:33:12
gld_holdings_flow_confirm,2021-06-30,24949755.0,0,yahoo_gld_proxy,2021-06-30T21:15:00+00:00,2026-03-07 16:33:12
gld_holdings_flow_confirm,2021-07-01,24949755.0,0,yahoo_gld_proxy,2021-07-01T21:15:00+00:00,2026-03-07 16:33:12
gld_holdings_flow_confirm,2021-07-02,24949755.0,0,yahoo_gld_proxy,2021-07-02T21:15:00+00:00,2026-03-07 16:33:12
gld_holdings_flow_confirm,2021-07-06,24949755.0,0,yahoo_gld_proxy,2021-07-06T21:15:00+00:00,2026-03-07 16:33:12
gld_holdings_flow_confirm,2021-07-07,24949755.0,0,yahoo_gld_proxy,2021-07-07T21:15:00+00:00,2026-03-07 16:33:12
gld_holdings_flow_confirm,2021-07-08,24949755.0,0,yahoo_gld_proxy,2021-07-08T21:15:00+00:00,2026-03-07 16:33:12
gld_holdings_flow_confirm,2021-07-09,24949755.0,0,yahoo_gld_proxy,2021-07-09T21:15:00+00:00,2026-03-07 16:33:12
gld_holdings_flow_confirm,2021-07-12,24949755.0,0,yahoo_gld_proxy,2021-07-12T21:15:00+00:00,2026-03-07 16:33:12
gld_holdings_flow_confirm,2021-07-13,24949755.0,0,yahoo_gld_proxy,2021-07-13T21:15:00+00:00,2026-03-07 16:33:12
gld_holdings_flow_confirm,2021-07-14,24949755.0,0,yahoo_gld_proxy,2021-07-14T21:15:00+00:00,2026-03-07 16:33:12
gld_holdings_flow_confirm,2021-07-15,24949755.0,0,yahoo_gld_proxy,2021-07-15T21:15:00+00:00,2026-03-07 16:33:12
gld_holdings_flow_confirm,2021-07-16,24949755.0,0,yahoo_gld_proxy,2021-07-16T21:15:00+00:00,2026-03-07 16:33:12
gld_holdings_flow_confirm,2021-07-19,24949755.0,0,yahoo_gld_proxy,2021-07-19T21:15:00+00:00,2026-03-07 16:33:12
gld_holdings_flow_confirm,2021-07-20,24949755.0,0,yahoo_gld_proxy,2021-07-20T21:15:00+00:00,2026-03-07 16:33:12
gld_holdings_flow_confirm,2021-07-21,24949755.0,0,yahoo_gld_proxy,2021-07-21T21:15:00+00:00,2026-03-07 16:33:12
gld_holdings_flow_confirm,2021-07-22,24949755.0,0,yahoo_gld_proxy,2021-07-22T21:15:00+00:00,2026-03-07 16:33:12
gld_holdings_flow_confirm,2021-07-23,24949755.0,0,yahoo_gld_proxy,2021-07-23T21:15:00+00:00,2026-03-07 16:33:12
gld_holdings_flow_confirm,2021-07-26,24949755.0,0,yahoo_gld_proxy,2021-07-26T21:15:00+00:00,2026-03-07 16:33:12
gld_holdings_flow_confirm,2021-07-27,24949755.0,0,yahoo_gld_proxy,2021-07-27T21:15:00+00:00,2026-03-07 16:33:12
gld_holdings_flow_confirm,2021-07-28,24949755.0,0,yahoo_gld_proxy,2021-07-28T21:15:00+00:00,2026-03-07 16:33:12
gld_holdings_flow_confirm,2021-07-29,24949755.0,0,yahoo_gld_proxy,2021-07-29T21:15:00+00:00,2026-03-07 16:33:12
gld_holdings_flow_confirm,2021-07-30,24949755.0,0,yahoo_gld_proxy,2021-07-30T21:15:00+00:00,2026-03-07 16:33:12
gld_holdings_flow_confirm,2021-08-02,24949755.0,0,yahoo_gld_proxy,2021-08-02T21:15:00+00:00,2026-03-07 16:33:12
gld_holdings_flow_confirm,2021-08-03,24949755.0,0,yahoo_gld_proxy,2021-08-03T21:15:00+00:00,2026-03-07 16:33:12
gld_holdings_flow_confirm,2021-08-04,24949755.0,0,yahoo_gld_proxy,2021-08-04T21:15:00+00:00,2026-03-07 16:33:12
gld_holdings_flow_confirm,2021-08-05,24949755.0,0,yahoo_gld_proxy,2021-08-05T21:15:00+00:00,2026-03-07 16:33:12
gld_holdings_flow_confirm,2021-08-06,24949755.0,0,yahoo_gld_proxy,2021-08-06T21:15:00+00:00,2026-03-07 16:33:12
gld_holdings_flow_confirm,2021-08-09,24949755.0,0,yahoo_gld_proxy,2021-08-09T21:15:00+00:00,2026-03-07 16:33:12
gld_holdings_flow_confirm,2021-08-10,24949755.0,0,yahoo_gld_proxy,2021-08-10T21:15:00+00:00,2026-03-07 16:33:12
gld_holdings_flow_confirm,2021-08-11,24949755.0,0,yahoo_gld_proxy,2021-08-11T21:15:00+00:00,2026-03-07 16:33:12
gld_holdings_flow_confirm,2021-08-12,24949755.0,0,yahoo_gld_proxy,2021-08-12T21:15:00+00:00,2026-03-07 16:33:12
gld_holdings_flow_confirm,2021-08-13,24949755.0,0,yahoo_gld_proxy,2021-08-13T21:15:00+00:00,2026-03-07 16:33:12
gld_holdings_flow_confirm,2021-08-16,24949755.0,0,yahoo_gld_proxy,2021-08-16T21:15:00+00:00,2026-03-07 16:33:12
gld_holdings_flow_confirm,2021-08-17,24949755.0,0,yahoo_gld_proxy,2021-08-17T21:15:00+00:00,2026-03-07 16:33:12
gld_holdings_flow_confirm,2021-08-18,24949755.0,0,yahoo_gld_proxy,2021-08-18T21:15:00+00:00,2026-03-07 16:33:12
gld_holdings_flow_confirm,2021-08-19,24949755.0,0,yahoo_gld_proxy,2021-08-19T21:15:00+00:00,2026-03-07 16:33:12
gld_holdings_flow_confirm,2021-08-20,24949755.0,0,yahoo_gld_proxy,2021-08-20T21:15:00+00:00,2026-03-07 16:33:12
gld_holdings_flow_confirm,2021-08-23,24949755.0,0,yahoo_gld_proxy,2021-08-23T21:15:00+00:00,2026-03-07 16:33:12
gld_holdings_flow_confirm,2021-08-24,24949755.0,0,yahoo_gld_proxy,2021-08-24T21:15:00+00:00,2026-03-07 16:33:12
gld_holdings_flow_confirm,2021-08-25,24949755.0,0,yahoo_gld_proxy,2021-08-25T21:15:00+00:00,2026-03-07 16:33:12
gld_holdings_flow_confirm,2021-08-26,24949755.0,0,yahoo_gld_proxy,2021-08-26T21:15:00+00:00,2026-03-07 16:33:12
gld_holdings_flow_confirm,2021-08-27,24949755.0,0,yahoo_gld_proxy,2021-08-27T21:15:00+00:00,2026-03-07 16:33:12
gld_holdings_flow_confirm,2021-08-30,24949755.0,0,yahoo_gld_proxy,2021-08-30T21:15:00+00:00,2026-03-07 16:33:12
gld_holdings_flow_confirm,2021-08-31,24949755.0,0,yahoo_gld_proxy,2021-08-31T21:15:00+00:00,2026-03-07 16:33:12
gld_holdings_flow_confirm,2021-09-01,24949755.0,0,yahoo_gld_proxy,2021-09-01T21:15:00+00:00,2026-03-07 16:33:12
gld_holdings_flow_confirm,2021-09-02,24949755.0,0,yahoo_gld_proxy,2021-09-02T21:15:00+00:00,2026-03-07 16:33:12
gld_holdings_flow_confirm,2021-09-03,24949755.0,0,yahoo_gld_proxy,2021-09-03T21:15:00+00:00,2026-03-07 16:33:12
gld_holdings_flow_confirm,2021-09-07,24949755.0,0,yahoo_gld_proxy,2021-09-07T21:15:00+00:00,2026-03-07 16:33:12
gld_holdings_flow_confirm,2021-09-08,24949755.0,0,yahoo_gld_proxy,2021-09-08T21:15:00+00:00,2026-03-07 16:33:12
gld_holdings_flow_confirm,2021-09-09,24949755.0,0,yahoo_gld_proxy,2021-09-09T21:15:00+00:00,2026-03-07 16:33:12
gld_holdings_flow_confirm,2021-09-10,24949755.0,0,yahoo_gld_proxy,2021-09-10T21:15:00+00:00,2026-03-07 16:33:12
gld_holdings_flow_confirm,2021-09-13,24949755.0,0,yahoo_gld_proxy,2021-09-13T21:15:00+00:00,2026-03-07 16:33:12
gld_holdings_flow_confirm,2021-09-14,24949755.0,0,yahoo_gld_proxy,2021-09-14T21:15:00+00:00,2026-03-07 16:33:12
gld_holdings_flow_confirm,2021-09-15,24949755.0,0,yahoo_gld_proxy,2021-09-15T21:15:00+00:00,2026-03-07 16:33:12
gld_holdings_flow_confirm,2021-09-16,24949755.0,0,yahoo_gld_proxy,2021-09-16T21:15:00+00:00,2026-03-07 16:33:12
gld_holdings_flow_confirm,2021-09-17,24949755.0,0,yahoo_gld_proxy,2021-09-17T21:15:00+00:00,2026-03-07 16:33:12
gld_holdings_flow_confirm,2021-09-20,24949755.0,0,yahoo_gld_proxy,2021-09-20T21:15:00+00:00,2026-03-07 16:33:12
gld_holdings_flow_confirm,2021-09-21,24949755.0,0,yahoo_gld_proxy,2021-09-21T21:15:00+00:00,2026-03-07 16:33:12
gld_holdings_flow_confirm,2021-09-22,24949755.0,0,yahoo_gld_proxy,2021-09-22T21:15:00+00:00,2026-03-07 16:33:12
gld_holdings_flow_confirm,2021-09-23,24949755.0,0,yahoo_gld_proxy,2021-09-23T21:15:00+00:00,2026-03-07 16:33:12
gld_holdings_flow_confirm,2021-09-24,24949755.0,0,yahoo_gld_proxy,2021-09-24T21:15:00+00:00,2026-03-07 16:33:12
gld_holdings_flow_confirm,2021-09-27,24949755.0,0,yahoo_gld_proxy,2021-09-27T21:15:00+00:00,2026-03-07 16:33:12
gld_holdings_flow_confirm,2021-09-28,24949755.0,0,yahoo_gld_proxy,2021-09-28T21:15:00+00:00,2026-03-07 16:33:12
gld_holdings_flow_confirm,2021-09-29,24949755.0,0,yahoo_gld_proxy,2021-09-29T21:15:00+00:00,2026-03-07 16:33:12
gld_holdings_flow_confirm,2021-09-30,24949755.0,0,yahoo_gld_proxy,2021-09-30T21:15:00+00:00,2026-03-07 16:33:12
gld_holdings_flow_confirm,2021-10-01,24949755.0,0,yahoo_gld_proxy,2021-10-01T21:15:00+00:00,2026-03-07 16:33:12
gld_holdings_flow_confirm,2021-10-04,24949755.0,0,yahoo_gld_proxy,2021-10-04T21:15:00+00:00,2026-03-07 16:33:12
gld_holdings_flow_confirm,2021-10-05,24949755.0,0,yahoo_gld_proxy,2021-10-05T21:15:00+00:00,2026-03-07 16:33:12
gld_holdings_flow_confirm,2021-10-06,24949755.0,0,yahoo_gld_proxy,2021-10-06T21:15:00+00:00,2026-03-07 16:33:12
gld_holdings_flow_confirm,2021-10-07,24949755.0,0,yahoo_gld_proxy,2021-10-07T21:15:00+00:00,2026-03-07 16:33:12
gld_holdings_flow_confirm,2021-10-08,24949755.0,0,yahoo_gld_proxy,2021-10-08T21:15:00+00:00,2026-03-07 16:33:12
gld_holdings_flow_confirm,2021-10-11,24949755.0,0,yahoo_gld_proxy,2021-10-11T21:15:00+00:00,2026-03-07 16:33:12
gld_holdings_flow_confirm,2021-10-12,24949755.0,0,yahoo_gld_proxy,2021-10-12T21:15:00+00:00,2026-03-07 16:33:12
gld_holdings_flow_confirm,2021-10-13,24949755.0,0,yahoo_gld_proxy,2021-10-13T21:15:00+00:00,2026-03-07 16:33:12
gld_holdings_flow_confirm,2021-10-14,24949755.0,0,yahoo_gld_proxy,2021-10-14T21:15:00+00:00,2026-03-07 16:33:12
gld_holdings_flow_confirm,2021-10-15,24949755.0,0,yahoo_gld_proxy,2021-10-15T21:15:00+00:00,2026-03-07 16:33:12
gld_holdings_flow_confirm,2021-10-18,24949755.0,0,yahoo_gld_proxy,2021-10-18T21:15:00+00:00,2026-03-07 16:33:12
gld_holdings_flow_confirm,2021-10-19,24949755.0,0,yahoo_gld_proxy,2021-10-19T21:15:00+00:00,2026-03-07 16:33:12
gld_holdings_flow_confirm,2021-10-20,24949755.0,0,yahoo_gld_proxy,2021-10-20T21:15:00+00:00,2026-03-07 16:33:12
gld_holdings_flow_confirm,2021-10-21,24949755.0,0,yahoo_gld_proxy,2021-10-21T21:15:00+00:00,2026-03-07 16:33:12
gld_holdings_flow_confirm,2021-10-22,24949755.0,0,yahoo_gld_proxy,2021-10-22T21:15:00+00:00,2026-03-07 16:33:12
gld_holdings_flow_confirm,2021-10-25,24949755.0,0,yahoo_gld_proxy,2021-10-25T21:15:00+00:00,2026-03-07 16:33:12
gld_holdings_flow_confirm,2021-10-26,24949755.0,0,yahoo_gld_proxy,2021-10-26T21:15:00+00:00,2026-03-07 16:33:12
gld_holdings_flow_confirm,2021-10-27,24949755.0,0,yahoo_gld_proxy,2021-10-27T21:15:00+00:00,2026-03-07 16:33:12
gld_holdings_flow_confirm,2021-10-28,24949755.0,0,yahoo_gld_proxy,2021-10-28T21:15:00+00:00,2026-03-07 16:33:12
gld_holdings_flow_confirm,2021-10-29,24949755.0,0,yahoo_gld_proxy,2021-10-29T21:15:00+00:00,2026-03-07 16:33:12
gld_holdings_flow_confirm,2021-11-01,24949755.0,0,yahoo_gld_proxy,2021-11-01T21:15:00+00:00,2026-03-07 16:33:12
gld_holdings_flow_confirm,2021-11-02,24949755.0,0,yahoo_gld_proxy,2021-11-02T21:15:00+00:00,2026-03-07 16:33:12
gld_holdings_flow_confirm,2021-11-03,24949755.0,0,yahoo_gld_proxy,2021-11-03T21:15:00+00:00,2026-03-07 16:33:12
gld_holdings_flow_confirm,2021-11-04,24949755.0,0,yahoo_gld_proxy,2021-11-04T21:15:00+00:00,2026-03-07 16:33:12
gld_holdings_flow_confirm,2021-11-05,24949755.0,0,yahoo_gld_proxy,2021-11-05T21:15:00+00:00,2026-03-07 16:33:12
gld_holdings_flow_confirm,2021-11-08,24949755.0,0,yahoo_gld_proxy,2021-11-08T21:15:00+00:00,2026-03-07 16:33:12
gld_holdings_flow_confirm,2021-11-09,24949755.0,0,yahoo_gld_proxy,2021-11-09T21:15:00+00:00,2026-03-07 16:33:12
gld_holdings_flow_confirm,2021-11-10,24949755.0,0,yahoo_gld_proxy,2021-11-10T21:15:00+00:00,2026-03-07 16:33:12
gld_holdings_flow_confirm,2021-11-11,24949755.0,0,yahoo_gld_proxy,2021-11-11T21:15:00+00:00,2026-03-07 16:33:12
gld_holdings_flow_confirm,2021-11-12,24949755.0,0,yahoo_gld_proxy,2021-11-12T21:15:00+00:00,2026-03-07 16:33:12
gld_holdings_flow_confirm,2021-11-15,24949755.0,0,yahoo_gld_proxy,2021-11-15T21:15:00+00:00,2026-03-07 16:33:12
gld_holdings_flow_confirm,2021-11-16,24949755.0,0,yahoo_gld_proxy,2021-11-16T21:15:00+00:00,2026-03-07 16:33:12
gld_holdings_flow_confirm,2021-11-17,24949755.0,0,yahoo_gld_proxy,2021-11-17T21:15:00+00:00,2026-03-07 16:33:12
gld_holdings_flow_confirm,2021-11-18,24949755.0,0,yahoo_gld_proxy,2021-11-18T21:15:00+00:00,2026-03-07 16:33:12
gld_holdings_flow_confirm,2021-11-19,24949755.0,0,yahoo_gld_proxy,2021-11-19T21:15:00+00:00,2026-03-07 16:33:12
gld_holdings_flow_confirm,2021-11-22,24949755.0,0,yahoo_gld_proxy,2021-11-22T21:15:00+00:00,2026-03-07 16:33:12
gld_holdings_flow_confirm,2021-11-23,24949755.0,0,yahoo_gld_proxy,2021-11-23T21:15:00+00:00,2026-03-07 16:33:12
gld_holdings_flow_confirm,2021-11-24,24949755.0,0,yahoo_gld_proxy,2021-11-24T21:15:00+00:00,2026-03-07 16:33:12
gld_holdings_flow_confirm,2021-11-26,24949755.0,0,yahoo_gld_proxy,2021-11-26T21:15:00+00:00,2026-03-07 16:33:12
gld_holdings_flow_confirm,2021-11-29,24949755.0,0,yahoo_gld_proxy,2021-11-29T21:15:00+00:00,2026-03-07 16:33:12
gld_holdings_flow_confirm,2021-11-30,24949755.0,0,yahoo_gld_proxy,2021-11-30T21:15:00+00:00,2026-03-07 16:33:12
gld_holdings_flow_confirm,2021-12-01,24949755.0,0,yahoo_gld_proxy,2021-12-01T21:15:00+00:00,2026-03-07 16:33:12
gld_holdings_flow_confirm,2021-12-02,24949755.0,0,yahoo_gld_proxy,2021-12-02T21:15:00+00:00,2026-03-07 16:33:12
gld_holdings_flow_confirm,2021-12-03,24949755.0,0,yahoo_gld_proxy,2021-12-03T21:15:00+00:00,2026-03-07 16:33:12
gld_holdings_flow_confirm,2021-12-06,24949755.0,0,yahoo_gld_proxy,2021-12-06T21:15:00+00:00,2026-03-07 16:33:12
gld_holdings_flow_confirm,2021-12-07,24949755.0,0,yahoo_gld_proxy,2021-12-07T21:15:00+00:00,2026-03-07 16:33:12
gld_holdings_flow_confirm,2021-12-08,24949755.0,0,yahoo_gld_proxy,2021-12-08T21:15:00+00:00,2026-03-07 16:33:12
gld_holdings_flow_confirm,2021-12-09,24949755.0,0,yahoo_gld_proxy,2021-12-09T21:15:00+00:00,2026-03-07 16:33:12
gld_holdings_flow_confirm,2021-12-10,24949755.0,0,yahoo_gld_proxy,2021-12-10T21:15:00+00:00,2026-03-07 16:33:12
gld_holdings_flow_confirm,2021-12-13,24949755.0,0,yahoo_gld_proxy,2021-12-13T21:15:00+00:00,2026-03-07 16:33:12
gld_holdings_flow_confirm,2021-12-14,24949755.0,0,yahoo_gld_proxy,2021-12-14T21:15:00+00:00,2026-03-07 16:33:12
gld_holdings_flow_confirm,2021-12-15,24949755.0,0,yahoo_gld_proxy,2021-12-15T21:15:00+00:00,2026-03-07 16:33:12
gld_holdings_flow_confirm,2021-12-16,24949755.0,0,yahoo_gld_proxy,2021-12-16T21:15:00+00:00,2026-03-07 16:33:12
gld_holdings_flow_confirm,2021-12-17,24949755.0,0,yahoo_gld_proxy,2021-12-17T21:15:00+00:00,2026-03-07 16:33:12
gld_holdings_flow_confirm,2021-12-20,24949755.0,0,yahoo_gld_proxy,2021-12-20T21:15:00+00:00,2026-03-07 16:33:12
gld_holdings_flow_confirm,2021-12-21,24949755.0,0,yahoo_gld_proxy,2021-12-21T21:15:00+00:00,2026-03-07 16:33:12
gld_holdings_flow_confirm,2021-12-22,24949755.0,0,yahoo_gld_proxy,2021-12-22T21:15:00+00:00,2026-03-07 16:33:12
gld_holdings_flow_confirm,2021-12-23,24949755.0,0,yahoo_gld_proxy,2021-12-23T21:15:00+00:00,2026-03-07 16:33:12
gld_holdings_flow_confirm,2021-12-27,24949755.0,0,yahoo_gld_proxy,2021-12-27T21:15:00+00:00,2026-03-07 16:33:12
gld_holdings_flow_confirm,2021-12-28,24949755.0,0,yahoo_gld_proxy,2021-12-28T21:15:00+00:00,2026-03-07 16:33:12
gld_holdings_flow_confirm,2021-12-29,24949755.0,0,yahoo_gld_proxy,2021-12-29T21:15:00+00:00,2026-03-07 16:33:12
gld_holdings_flow_confirm,2021-12-30,24949755.0,0,yahoo_gld_proxy,2021-12-30T21:15:00+00:00,2026-03-07 16:33:12
gld_holdings_flow_confirm,2021-12-31,24949755.0,0,yahoo_gld_proxy,2021-12-31T21:15:00+00:00,2026-03-07 16:33:12
gld_holdings_flow_confirm,2022-01-03,24949755.0,0,yahoo_gld_proxy,2022-01-03T21:15:00+00:00,2026-03-07 16:33:12
gld_holdings_flow_confirm,2022-01-04,24949755.0,0,yahoo_gld_proxy,2022-01-04T21:15:00+00:00,2026-03-07 16:33:12
gld_holdings_flow_confirm,2022-01-05,24949755.0,0,yahoo_gld_proxy,2022-01-05T21:15:00+00:00,2026-03-07 16:33:12
gld_holdings_flow_confirm,2022-01-06,24949755.0,0,yahoo_gld_proxy,2022-01-06T21:15:00+00:00,2026-03-07 16:33:12
gld_holdings_flow_confirm,2022-01-07,24949755.0,0,yahoo_gld_proxy,2022-01-07T21:15:00+00:00,2026-03-07 16:33:12
gld_holdings_flow_confirm,2022-01-10,24949755.0,0,yahoo_gld_proxy,2022-01-10T21:15:00+00:00,2026-03-07 16:33:12
gld_holdings_flow_confirm,2022-01-11,24949755.0,0,yahoo_gld_proxy,2022-01-11T21:15:00+00:00,2026-03-07 16:33:12
gld_holdings_flow_confirm,2022-01-12,24949755.0,0,yahoo_gld_proxy,2022-01-12T21:15:00+00:00,2026-03-07 16:33:12
gld_holdings_flow_confirm,2022-01-13,24949755.0,0,yahoo_gld_proxy,2022-01-13T21:15:00+00:00,2026-03-07 16:33:12
gld_holdings_flow_confirm,2022-01-14,24949755.0,0,yahoo_gld_proxy,2022-01-14T21:15:00+00:00,2026-03-07 16:33:12
gld_holdings_flow_confirm,2022-01-18,24949755.0,0,yahoo_gld_proxy,2022-01-18T21:15:00+00:00,2026-03-07 16:33:12
gld_holdings_flow_confirm,2022-01-19,24949755.0,0,yahoo_gld_proxy,2022-01-19T21:15:00+00:00,2026-03-07 16:33:12
gld_holdings_flow_confirm,2022-01-20,24949755.0,0,yahoo_gld_proxy,2022-01-20T21:15:00+00:00,2026-03-07 16:33:12
gld_holdings_flow_confirm,2022-01-21,24949755.0,0,yahoo_gld_proxy,2022-01-21T21:15:00+00:00,2026-03-07 16:33:12
gld_holdings_flow_confirm,2022-01-24,24949755.0,0,yahoo_gld_proxy,2022-01-24T21:15:00+00:00,2026-03-07 16:33:12
gld_holdings_flow_confirm,2022-01-25,24949755.0,0,yahoo_gld_proxy,2022-01-25T21:15:00+00:00,2026-03-07 16:33:12
gld_holdings_flow_confirm,2022-01-26,24949755.0,0,yahoo_gld_proxy,2022-01-26T21:15:00+00:00,2026-03-07 16:33:12
gld_holdings_flow_confirm,2022-01-27,24949755.0,0,yahoo_gld_proxy,2022-01-27T21:15:00+00:00,2026-03-07 16:33:12
gld_holdings_flow_confirm,2022-01-28,24949755.0,0,yahoo_gld_proxy,2022-01-28T21:15:00+00:00,2026-03-07 16:33:12
gld_holdings_flow_confirm,2022-01-31,24949755.0,0,yahoo_gld_proxy,2022-01-31T21:15:00+00:00,2026-03-07 16:33:12
gld_holdings_flow_confirm,2022-02-01,24949755.0,0,yahoo_gld_proxy,2022-02-01T21:15:00+00:00,2026-03-07 16:33:12
gld_holdings_flow_confirm,2022-02-02,24949755.0,0,yahoo_gld_proxy,2022-02-02T21:15:00+00:00,2026-03-07 16:33:12
gld_holdings_flow_confirm,2022-02-03,24949755.0,0,yahoo_gld_proxy,2022-02-03T21:15:00+00:00,2026-03-07 16:33:12
gld_holdings_flow_confirm,2022-02-04,24949755.0,0,yahoo_gld_proxy,2022-02-04T21:15:00+00:00,2026-03-07 16:33:12
gld_holdings_flow_confirm,2022-02-07,24949755.0,0,yahoo_gld_proxy,2022-02-07T21:15:00+00:00,2026-03-07 16:33:12
gld_holdings_flow_confirm,2022-02-08,24949755.0,0,yahoo_gld_proxy,2022-02-08T21:15:00+00:00,2026-03-07 16:33:12
gld_holdings_flow_confirm,2022-02-09,24949755.0,0,yahoo_gld_proxy,2022-02-09T21:15:00+00:00,2026-03-07 16:33:12
gld_holdings_flow_confirm,2022-02-10,24949755.0,0,yahoo_gld_proxy,2022-02-10T21:15:00+00:00,2026-03-07 16:33:12
gld_holdings_flow_confirm,2022-02-11,24949755.0,0,yahoo_gld_proxy,2022-02-11T21:15:00+00:00,2026-03-07 16:33:12
gld_holdings_flow_confirm,2022-02-14,24949755.0,0,yahoo_gld_proxy,2022-02-14T21:15:00+00:00,2026-03-07 16:33:12
gld_holdings_flow_confirm,2022-02-15,24949755.0,0,yahoo_gld_proxy,2022-02-15T21:15:00+00:00,2026-03-07 16:33:12
gld_holdings_flow_confirm,2022-02-16,24949755.0,0,yahoo_gld_proxy,2022-02-16T21:15:00+00:00,2026-03-07 16:33:12
gld_holdings_flow_confirm,2022-02-17,24949755.0,0,yahoo_gld_proxy,2022-02-17T21:15:00+00:00,2026-03-07 16:33:12
gld_holdings_flow_confirm,2022-02-18,24949755.0,0,yahoo_gld_proxy,2022-02-18T21:15:00+00:00,2026-03-07 16:33:12
gld_holdings_flow_confirm,2022-02-22,24949755.0,0,yahoo_gld_proxy,2022-02-22T21:15:00+00:00,2026-03-07 16:33:12
gld_holdings_flow_confirm,2022-02-23,24949755.0,0,yahoo_gld_proxy,2022-02-23T21:15:00+00:00,2026-03-07 16:33:12
gld_holdings_flow_confirm,2022-02-24,24949755.0,0,yahoo_gld_proxy,2022-02-24T21:15:00+00:00,2026-03-07 16:33:12
gld_holdings_flow_confirm,2022-02-25,24949755.0,0,yahoo_gld_proxy,2022-02-25T21:15:00+00:00,2026-03-07 16:33:12
gld_holdings_flow_confirm,2022-02-28,24949755.0,0,yahoo_gld_proxy,2022-02-28T21:15:00+00:00,2026-03-07 16:33:12
gld_holdings_flow_confirm,2022-03-01,24949755.0,0,yahoo_gld_proxy,2022-03-01T21:15:00+00:00,2026-03-07 16:33:12
gld_holdings_flow_confirm,2022-03-02,24949755.0,0,yahoo_gld_proxy,2022-03-02T21:15:00+00:00,2026-03-07 16:33:12
gld_holdings_flow_confirm,2022-03-03,24949755.0,0,yahoo_gld_proxy,2022-03-03T21:15:00+00:00,2026-03-07 16:33:12
gld_holdings_flow_confirm,2022-03-04,24949755.0,0,yahoo_gld_proxy,2022-03-04T21:15:00+00:00,2026-03-07 16:33:12
gld_holdings_flow_confirm,2022-03-07,24949755.0,0,yahoo_gld_proxy,2022-03-07T21:15:00+00:00,2026-03-07 16:33:12
gld_holdings_flow_confirm,2022-03-08,24949755.0,0,yahoo_gld_proxy,2022-03-08T21:15:00+00:00,2026-03-07 16:33:12
gld_holdings_flow_confirm,2022-03-09,24949755.0,0,yahoo_gld_proxy,2022-03-09T21:15:00+00:00,2026-03-07 16:33:12
gld_holdings_flow_confirm,2022-03-10,24949755.0,0,yahoo_gld_proxy,2022-03-10T21:15:00+00:00,2026-03-07 16:33:12
gld_holdings_flow_confirm,2022-03-11,24949755.0,0,yahoo_gld_proxy,2022-03-11T21:15:00+00:00,2026-03-07 16:33:12
gld_holdings_flow_confirm,2022-03-14,24949755.0,0,yahoo_gld_proxy,2022-03-14T21:15:00+00:00,2026-03-07 16:33:12
gld_holdings_flow_confirm,2022-03-15,24949755.0,0,yahoo_gld_proxy,2022-03-15T21:15:00+00:00,2026-03-07 16:33:12
gld_holdings_flow_confirm,2022-03-16,24949755.0,0,yahoo_gld_proxy,2022-03-16T21:15:00+00:00,2026-03-07 16:33:12
gld_holdings_flow_confirm,2022-03-17,24949755.0,0,yahoo_gld_proxy,2022-03-17T21:15:00+00:00,2026-03-07 16:33:12
gld_holdings_flow_confirm,2022-03-18,24949755.0,0,yahoo_gld_proxy,2022-03-18T21:15:00+00:00,2026-03-07 16:33:12
gld_holdings_flow_confirm,2022-03-21,24949755.0,0,yahoo_gld_proxy,2022-03-21T21:15:00+00:00,2026-03-07 16:33:12
gld_holdings_flow_confirm,2022-03-22,24949755.0,0,yahoo_gld_proxy,2022-03-22T21:15:00+00:00,2026-03-07 16:33:12
gld_holdings_flow_confirm,2022-03-23,24949755.0,0,yahoo_gld_proxy,2022-03-23T21:15:00+00:00,2026-03-07 16:33:12
gld_holdings_flow_confirm,2022-03-24,24949755.0,0,yahoo_gld_proxy,2022-03-24T21:15:00+00:00,2026-03-07 16:33:12
gld_holdings_flow_confirm,2022-03-25,24949755.0,0,yahoo_gld_proxy,2022-03-25T21:15:00+00:00,2026-03-07 16:33:12
gld_holdings_flow_confirm,2022-03-28,24949755.0,0,yahoo_gld_proxy,2022-03-28T21:15:00+00:00,2026-03-07 16:33:12
gld_holdings_flow_confirm,2022-03-29,24949755.0,0,yahoo_gld_proxy,2022-03-29T21:15:00+00:00,2026-03-07 16:33:12
gld_holdings_flow_confirm,2022-03-30,24949755.0,0,yahoo_gld_proxy,2022-03-30T21:15:00+00:00,2026-03-07 16:33:12
gld_holdings_flow_confirm,2022-03-31,24949755.0,0,yahoo_gld_proxy,2022-03-31T21:15:00+00:00,2026-03-07 16:33:12
gld_holdings_flow_confirm,2022-04-01,24949755.0,0,yahoo_gld_proxy,2022-04-01T21:15:00+00:00,2026-03-07 16:33:12
gld_holdings_flow_confirm,2022-04-04,24949755.0,0,yahoo_gld_proxy,2022-04-04T21:15:00+00:00,2026-03-07 16:33:12
gld_holdings_flow_confirm,2022-04-05,24949755.0,0,yahoo_gld_proxy,2022-04-05T21:15:00+00:00,2026-03-07 16:33:12
gld_holdings_flow_confirm,2022-04-06,24949755.0,0,yahoo_gld_proxy,2022-04-06T21:15:00+00:00,2026-03-07 16:33:12
gld_holdings_flow_confirm,2022-04-07,24949755.0,0,yahoo_gld_proxy,2022-04-07T21:15:00+00:00,2026-03-07 16:33:12
gld_holdings_flow_confirm,2022-04-08,24949755.0,0,yahoo_gld_proxy,2022-04-08T21:15:00+00:00,2026-03-07 16:33:12
gld_holdings_flow_confirm,2022-04-11,24949755.0,0,yahoo_gld_proxy,2022-04-11T21:15:00+00:00,2026-03-07 16:33:12
gld_holdings_flow_confirm,2022-04-12,24949755.0,0,yahoo_gld_proxy,2022-04-12T21:15:00+00:00,2026-03-07 16:33:12
gld_holdings_flow_confirm,2022-04-13,24949755.0,0,yahoo_gld_proxy,2022-04-13T21:15:00+00:00,2026-03-07 16:33:12
gld_holdings_flow_confirm,2022-04-14,24949755.0,0,yahoo_gld_proxy,2022-04-14T21:15:00+00:00,2026-03-07 16:33:12
gld_holdings_flow_confirm,2022-04-18,24949755.0,0,yahoo_gld_proxy,2022-04-18T21:15:00+00:00,2026-03-07 16:33:12
gld_holdings_flow_confirm,2022-04-19,24949755.0,0,yahoo_gld_proxy,2022-04-19T21:15:00+00:00,2026-03-07 16:33:12
gld_holdings_flow_confirm,2022-04-20,24949755.0,0,yahoo_gld_proxy,2022-04-20T21:15:00+00:00,2026-03-07 16:33:12
gld_holdings_flow_confirm,2022-04-21,24949755.0,0,yahoo_gld_proxy,2022-04-21T21:15:00+00:00,2026-03-07 16:33:12
gld_holdings_flow_confirm,2022-04-22,24949755.0,0,yahoo_gld_proxy,2022-04-22T21:15:00+00:00,2026-03-07 16:33:12
gld_holdings_flow_confirm,2022-04-25,24949755.0,0,yahoo_gld_proxy,2022-04-25T21:15:00+00:00,2026-03-07 16:33:12
gld_holdings_flow_confirm,2022-04-26,24949755.0,0,yahoo_gld_proxy,2022-04-26T21:15:00+00:00,2026-03-07 16:33:12
gld_holdings_flow_confirm,2022-04-27,24949755.0,0,yahoo_gld_proxy,2022-04-27T21:15:00+00:00,2026-03-07 16:33:12
gld_holdings_flow_confirm,2022-04-28,24949755.0,0,yahoo_gld_proxy,2022-04-28T21:15:00+00:00,2026-03-07 16:33:12
gld_holdings_flow_confirm,2022-04-29,24949755.0,0,yahoo_gld_proxy,2022-04-29T21:15:00+00:00,2026-03-07 16:33:12
gld_holdings_flow_confirm,2022-05-02,24949755.0,0,yahoo_gld_proxy,2022-05-02T21:15:00+00:00,2026-03-07 16:33:12
gld_holdings_flow_confirm,2022-05-03,24949755.0,0,yahoo_gld_proxy,2022-05-03T21:15:00+00:00,2026-03-07 16:33:12
gld_holdings_flow_confirm,2022-05-04,24949755.0,0,yahoo_gld_proxy,2022-05-04T21:15:00+00:00,2026-03-07 16:33:12
gld_holdings_flow_confirm,2022-05-05,24949755.0,0,yahoo_gld_proxy,2022-05-05T21:15:00+00:00,2026-03-07 16:33:12
gld_holdings_flow_confirm,2022-05-06,24949755.0,0,yahoo_gld_proxy,2022-05-06T21:15:00+00:00,2026-03-07 16:33:12
gld_holdings_flow_confirm,2022-05-09,24949755.0,0,yahoo_gld_proxy,2022-05-09T21:15:00+00:00,2026-03-07 16:33:12
gld_holdings_flow_confirm,2022-05-10,24949755.0,0,yahoo_gld_proxy,2022-05-10T21:15:00+00:00,2026-03-07 16:33:12
gld_holdings_flow_confirm,2022-05-11,24949755.0,0,yahoo_gld_proxy,2022-05-11T21:15:00+00:00,2026-03-07 16:33:12
gld_holdings_flow_confirm,2022-05-12,24949755.0,0,yahoo_gld_proxy,2022-05-12T21:15:00+00:00,2026-03-07 16:33:12
gld_holdings_flow_confirm,2022-05-13,24949755.0,0,yahoo_gld_proxy,2022-05-13T21:15:00+00:00,2026-03-07 16:33:12
gld_holdings_flow_confirm,2022-05-16,24949755.0,0,yahoo_gld_proxy,2022-05-16T21:15:00+00:00,2026-03-07 16:33:12
gld_holdings_flow_confirm,2022-05-17,24949755.0,0,yahoo_gld_proxy,2022-05-17T21:15:00+00:00,2026-03-07 16:33:12
gld_holdings_flow_confirm,2022-05-18,24949755.0,0,yahoo_gld_proxy,2022-05-18T21:15:00+00:00,2026-03-07 16:33:12
gld_holdings_flow_confirm,2022-05-19,24949755.0,0,yahoo_gld_proxy,2022-05-19T21:15:00+00:00,2026-03-07 16:33:12
gld_holdings_flow_confirm,2022-05-20,24949755.0,0,yahoo_gld_proxy,2022-05-20T21:15:00+00:00,2026-03-07 16:33:12
gld_holdings_flow_confirm,2022-05-23,24949755.0,0,yahoo_gld_proxy,2022-05-23T21:15:00+00:00,2026-03-07 16:33:12
gld_holdings_flow_confirm,2022-05-24,24949755.0,0,yahoo_gld_proxy,2022-05-24T21:15:00+00:00,2026-03-07 16:33:12
gld_holdings_flow_confirm,2022-05-25,24949755.0,0,yahoo_gld_proxy,2022-05-25T21:15:00+00:00,2026-03-07 16:33:12
gld_holdings_flow_confirm,2022-05-26,24949755.0,0,yahoo_gld_proxy,2022-05-26T21:15:00+00:00,2026-03-07 16:33:12
gld_holdings_flow_confirm,2022-05-27,24949755.0,0,yahoo_gld_proxy,2022-05-27T21:15:00+00:00,2026-03-07 16:33:12
gld_holdings_flow_confirm,2022-05-31,24949755.0,0,yahoo_gld_proxy,2022-05-31T21:15:00+00:00,2026-03-07 16:33:12
gld_holdings_flow_confirm,2022-06-01,24949755.0,0,yahoo_gld_proxy,2022-06-01T21:15:00+00:00,2026-03-07 16:33:12
gld_holdings_flow_confirm,2022-06-02,24949755.0,0,yahoo_gld_proxy,2022-06-02T21:15:00+00:00,2026-03-07 16:33:12
gld_holdings_flow_confirm,2022-06-03,24949755.0,0,yahoo_gld_proxy,2022-06-03T21:15:00+00:00,2026-03-07 16:33:12
gld_holdings_flow_confirm,2022-06-06,24949755.0,0,yahoo_gld_proxy,2022-06-06T21:15:00+00:00,2026-03-07 16:33:12
gld_holdings_flow_confirm,2022-06-07,24949755.0,0,yahoo_gld_proxy,2022-06-07T21:15:00+00:00,2026-03-07 16:33:12
gld_holdings_flow_confirm,2022-06-08,24949755.0,0,yahoo_gld_proxy,2022-06-08T21:15:00+00:00,2026-03-07 16:33:12
gld_holdings_flow_confirm,2022-06-09,24949755.0,0,yahoo_gld_proxy,2022-06-09T21:15:00+00:00,2026-03-07 16:33:12
gld_holdings_flow_confirm,2022-06-10,24949755.0,0,yahoo_gld_proxy,2022-06-10T21:15:00+00:00,2026-03-07 16:33:12
gld_holdings_flow_confirm,2022-06-13,24949755.0,0,yahoo_gld_proxy,2022-06-13T21:15:00+00:00,2026-03-07 16:33:12
gld_holdings_flow_confirm,2022-06-14,24949755.0,0,yahoo_gld_proxy,2022-06-14T21:15:00+00:00,2026-03-07 16:33:12
gld_holdings_flow_confirm,2022-06-15,24949755.0,0,yahoo_gld_proxy,2022-06-15T21:15:00+00:00,2026-03-07 16:33:12
gld_holdings_flow_confirm,2022-06-16,24949755.0,0,yahoo_gld_proxy,2022-06-16T21:15:00+00:00,2026-03-07 16:33:12
gld_holdings_flow_confirm,2022-06-17,24949755.0,0,yahoo_gld_proxy,2022-06-17T21:15:00+00:00,2026-03-07 16:33:12
gld_holdings_flow_confirm,2022-06-21,24949755.0,0,yahoo_gld_proxy,2022-06-21T21:15:00+00:00,2026-03-07 16:33:12
gld_holdings_flow_confirm,2022-06-22,24949755.0,0,yahoo_gld_proxy,2022-06-22T21:15:00+00:00,2026-03-07 16:33:12
gld_holdings_flow_confirm,2022-06-23,24949755.0,0,yahoo_gld_proxy,2022-06-23T21:15:00+00:00,2026-03-07 16:33:12
gld_holdings_flow_confirm,2022-06-24,24949755.0,0,yahoo_gld_proxy,2022-06-24T21:15:00+00:00,2026-03-07 16:33:12
gld_holdings_flow_confirm,2022-06-27,24949755.0,0,yahoo_gld_proxy,2022-06-27T21:15:00+00:00,2026-03-07 16:33:12
gld_holdings_flow_confirm,2022-06-28,24949755.0,0,yahoo_gld_proxy,2022-06-28T21:15:00+00:00,2026-03-07 16:33:12
gld_holdings_flow_confirm,2022-06-29,24949755.0,0,yahoo_gld_proxy,2022-06-29T21:15:00+00:00,2026-03-07 16:33:12
gld_holdings_flow_confirm,2022-06-30,24949755.0,0,yahoo_gld_proxy,2022-06-30T21:15:00+00:00,2026-03-07 16:33:12
gld_holdings_flow_confirm,2022-07-01,24949755.0,0,yahoo_gld_proxy,2022-07-01T21:15:00+00:00,2026-03-07 16:33:12
gld_holdings_flow_confirm,2022-07-05,24949755.0,0,yahoo_gld_proxy,2022-07-05T21:15:00+00:00,2026-03-07 16:33:12
gld_holdings_flow_confirm,2022-07-06,24949755.0,0,yahoo_gld_proxy,2022-07-06T21:15:00+00:00,2026-03-07 16:33:12
gld_holdings_flow_confirm,2022-07-07,24949755.0,0,yahoo_gld_proxy,2022-07-07T21:15:00+00:00,2026-03-07 16:33:12
gld_holdings_flow_confirm,2022-07-08,24949755.0,0,yahoo_gld_proxy,2022-07-08T21:15:00+00:00,2026-03-07 16:33:12
gld_holdings_flow_confirm,2022-07-11,24949755.0,0,yahoo_gld_proxy,2022-07-11T21:15:00+00:00,2026-03-07 16:33:12
gld_holdings_flow_confirm,2022-07-12,24949755.0,0,yahoo_gld_proxy,2022-07-12T21:15:00+00:00,2026-03-07 16:33:12
gld_holdings_flow_confirm,2022-07-13,24949755.0,0,yahoo_gld_proxy,2022-07-13T21:15:00+00:00,2026-03-07 16:33:12
gld_holdings_flow_confirm,2022-07-14,24949755.0,0,yahoo_gld_proxy,2022-07-14T21:15:00+00:00,2026-03-07 16:33:12
gld_holdings_flow_confirm,2022-07-15,24949755.0,0,yahoo_gld_proxy,2022-07-15T21:15:00+00:00,2026-03-07 16:33:12
gld_holdings_flow_confirm,2022-07-18,24949755.0,0,yahoo_gld_proxy,2022-07-18T21:15:00+00:00,2026-03-07 16:33:12
gld_holdings_flow_confirm,2022-07-19,24949755.0,0,yahoo_gld_proxy,2022-07-19T21:15:00+00:00,2026-03-07 16:33:12
gld_holdings_flow_confirm,2022-07-20,24949755.0,0,yahoo_gld_proxy,2022-07-20T21:15:00+00:00,2026-03-07 16:33:12
gld_holdings_flow_confirm,2022-07-21,24949755.0,0,yahoo_gld_proxy,2022-07-21T21:15:00+00:00,2026-03-07 16:33:12
gld_holdings_flow_confirm,2022-07-22,24949755.0,0,yahoo_gld_proxy,2022-07-22T21:15:00+00:00,2026-03-07 16:33:12
gld_holdings_flow_confirm,2022-07-25,24949755.0,0,yahoo_gld_proxy,2022-07-25T21:15:00+00:00,2026-03-07 16:33:12
gld_holdings_flow_confirm,2022-07-26,24949755.0,0,yahoo_gld_proxy,2022-07-26T21:15:00+00:00,2026-03-07 16:33:12
gld_holdings_flow_confirm,2022-07-27,24949755.0,0,yahoo_gld_proxy,2022-07-27T21:15:00+00:00,2026-03-07 16:33:12
gld_holdings_flow_confirm,2022-07-28,24949755.0,0,yahoo_gld_proxy,2022-07-28T21:15:00+00:00,2026-03-07 16:33:12
gld_holdings_flow_confirm,2022-07-29,24949755.0,0,yahoo_gld_proxy,2022-07-29T21:15:00+00:00,2026-03-07 16:33:12
gld_holdings_flow_confirm,2022-08-01,24949755.0,0,yahoo_gld_proxy,2022-08-01T21:15:00+00:00,2026-03-07 16:33:12
gld_holdings_flow_confirm,2022-08-02,24949755.0,0,yahoo_gld_proxy,2022-08-02T21:15:00+00:00,2026-03-07 16:33:12
gld_holdings_flow_confirm,2022-08-03,24949755.0,0,yahoo_gld_proxy,2022-08-03T21:15:00+00:00,2026-03-07 16:33:12
gld_holdings_flow_confirm,2022-08-04,24949755.0,0,yahoo_gld_proxy,2022-08-04T21:15:00+00:00,2026-03-07 16:33:12
gld_holdings_flow_confirm,2022-08-05,24949755.0,0,yahoo_gld_proxy,2022-08-05T21:15:00+00:00,2026-03-07 16:33:12
gld_holdings_flow_confirm,2022-08-08,24949755.0,0,yahoo_gld_proxy,2022-08-08T21:15:00+00:00,2026-03-07 16:33:12
gld_holdings_flow_confirm,2022-08-09,24949755.0,0,yahoo_gld_proxy,2022-08-09T21:15:00+00:00,2026-03-07 16:33:12
gld_holdings_flow_confirm,2022-08-10,24949755.0,0,yahoo_gld_proxy,2022-08-10T21:15:00+00:00,2026-03-07 16:33:12
gld_holdings_flow_confirm,2022-08-11,24949755.0,0,yahoo_gld_proxy,2022-08-11T21:15:00+00:00,2026-03-07 16:33:12
gld_holdings_flow_confirm,2022-08-12,24949755.0,0,yahoo_gld_proxy,2022-08-12T21:15:00+00:00,2026-03-07 16:33:12
gld_holdings_flow_confirm,2022-08-15,24949755.0,0,yahoo_gld_proxy,2022-08-15T21:15:00+00:00,2026-03-07 16:33:12
gld_holdings_flow_confirm,2022-08-16,24949755.0,0,yahoo_gld_proxy,2022-08-16T21:15:00+00:00,2026-03-07 16:33:12
gld_holdings_flow_confirm,2022-08-17,24949755.0,0,yahoo_gld_proxy,2022-08-17T21:15:00+00:00,2026-03-07 16:33:12
gld_holdings_flow_confirm,2022-08-18,24949755.0,0,yahoo_gld_proxy,2022-08-18T21:15:00+00:00,2026-03-07 16:33:12
gld_holdings_flow_confirm,2022-08-19,24949755.0,0,yahoo_gld_proxy,2022-08-19T21:15:00+00:00,2026-03-07 16:33:12
gld_holdings_flow_confirm,2022-08-22,24949755.0,0,yahoo_gld_proxy,2022-08-22T21:15:00+00:00,2026-03-07 16:33:12
gld_holdings_flow_confirm,2022-08-23,24949755.0,0,yahoo_gld_proxy,2022-08-23T21:15:00+00:00,2026-03-07 16:33:12
gld_holdings_flow_confirm,2022-08-24,24949755.0,0,yahoo_gld_proxy,2022-08-24T21:15:00+00:00,2026-03-07 16:33:12
gld_holdings_flow_confirm,2022-08-25,24949755.0,0,yahoo_gld_proxy,2022-08-25T21:15:00+00:00,2026-03-07 16:33:12
gld_holdings_flow_confirm,2022-08-26,24949755.0,0,yahoo_gld_proxy,2022-08-26T21:15:00+00:00,2026-03-07 16:33:12
gld_holdings_flow_confirm,2022-08-29,24949755.0,0,yahoo_gld_proxy,2022-08-29T21:15:00+00:00,2026-03-07 16:33:12
gld_holdings_flow_confirm,2022-08-30,24949755.0,0,yahoo_gld_proxy,2022-08-30T21:15:00+00:00,2026-03-07 16:33:12
gld_holdings_flow_confirm,2022-08-31,24949755.0,0,yahoo_gld_proxy,2022-08-31T21:15:00+00:00,2026-03-07 16:33:12
gld_holdings_flow_confirm,2022-09-01,24949755.0,0,yahoo_gld_proxy,2022-09-01T21:15:00+00:00,2026-03-07 16:33:12
gld_holdings_flow_confirm,2022-09-02,24949755.0,0,yahoo_gld_proxy,2022-09-02T21:15:00+00:00,2026-03-07 16:33:12
gld_holdings_flow_confirm,2022-09-06,24949755.0,0,yahoo_gld_proxy,2022-09-06T21:15:00+00:00,2026-03-07 16:33:12
gld_holdings_flow_confirm,2022-09-07,24949755.0,0,yahoo_gld_proxy,2022-09-07T21:15:00+00:00,2026-03-07 16:33:12
gld_holdings_flow_confirm,2022-09-08,24949755.0,0,yahoo_gld_proxy,2022-09-08T21:15:00+00:00,2026-03-07 16:33:12
gld_holdings_flow_confirm,2022-09-09,24949755.0,0,yahoo_gld_proxy,2022-09-09T21:15:00+00:00,2026-03-07 16:33:12
gld_holdings_flow_confirm,2022-09-12,24949755.0,0,yahoo_gld_proxy,2022-09-12T21:15:00+00:00,2026-03-07 16:33:12
gld_holdings_flow_confirm,2022-09-13,24949755.0,0,yahoo_gld_proxy,2022-09-13T21:15:00+00:00,2026-03-07 16:33:12
gld_holdings_flow_confirm,2022-09-14,24949755.0,0,yahoo_gld_proxy,2022-09-14T21:15:00+00:00,2026-03-07 16:33:12
gld_holdings_flow_confirm,2022-09-15,24949755.0,0,yahoo_gld_proxy,2022-09-15T21:15:00+00:00,2026-03-07 16:33:12
gld_holdings_flow_confirm,2022-09-16,24949755.0,0,yahoo_gld_proxy,2022-09-16T21:15:00+00:00,2026-03-07 16:33:12
gld_holdings_flow_confirm,2022-09-19,24949755.0,0,yahoo_gld_proxy,2022-09-19T21:15:00+00:00,2026-03-07 16:33:12
gld_holdings_flow_confirm,2022-09-20,24949755.0,0,yahoo_gld_proxy,2022-09-20T21:15:00+00:00,2026-03-07 16:33:12
gld_holdings_flow_confirm,2022-09-21,24949755.0,0,yahoo_gld_proxy,2022-09-21T21:15:00+00:00,2026-03-07 16:33:12
gld_holdings_flow_confirm,2022-09-22,24949755.0,0,yahoo_gld_proxy,2022-09-22T21:15:00+00:00,2026-03-07 16:33:12
gld_holdings_flow_confirm,2022-09-23,24949755.0,0,yahoo_gld_proxy,2022-09-23T21:15:00+00:00,2026-03-07 16:33:12
gld_holdings_flow_confirm,2022-09-26,24949755.0,0,yahoo_gld_proxy,2022-09-26T21:15:00+00:00,2026-03-07 16:33:12
gld_holdings_flow_confirm,2022-09-27,24949755.0,0,yahoo_gld_proxy,2022-09-27T21:15:00+00:00,2026-03-07 16:33:12
gld_holdings_flow_confirm,2022-09-28,24949755.0,0,yahoo_gld_proxy,2022-09-28T21:15:00+00:00,2026-03-07 16:33:12
gld_holdings_flow_confirm,2022-09-29,24949755.0,0,yahoo_gld_proxy,2022-09-29T21:15:00+00:00,2026-03-07 16:33:12
gld_holdings_flow_confirm,2022-09-30,24949755.0,0,yahoo_gld_proxy,2022-09-30T21:15:00+00:00,2026-03-07 16:33:12
gld_holdings_flow_confirm,2022-10-03,24949755.0,0,yahoo_gld_proxy,2022-10-03T21:15:00+00:00,2026-03-07 16:33:12
gld_holdings_flow_confirm,2022-10-04,24949755.0,0,yahoo_gld_proxy,2022-10-04T21:15:00+00:00,2026-03-07 16:33:12
gld_holdings_flow_confirm,2022-10-05,24949755.0,0,yahoo_gld_proxy,2022-10-05T21:15:00+00:00,2026-03-07 16:33:12
gld_holdings_flow_confirm,2022-10-06,24949755.0,0,yahoo_gld_proxy,2022-10-06T21:15:00+00:00,2026-03-07 16:33:12
gld_holdings_flow_confirm,2022-10-07,24949755.0,0,yahoo_gld_proxy,2022-10-07T21:15:00+00:00,2026-03-07 16:33:12
gld_holdings_flow_confirm,2022-10-10,24949755.0,0,yahoo_gld_proxy,2022-10-10T21:15:00+00:00,2026-03-07 16:33:12
gld_holdings_flow_confirm,2022-10-11,24949755.0,0,yahoo_gld_proxy,2022-10-11T21:15:00+00:00,2026-03-07 16:33:12
gld_holdings_flow_confirm,2022-10-12,24949755.0,0,yahoo_gld_proxy,2022-10-12T21:15:00+00:00,2026-03-07 16:33:12
gld_holdings_flow_confirm,2022-10-13,24949755.0,0,yahoo_gld_proxy,2022-10-13T21:15:00+00:00,2026-03-07 16:33:12
gld_holdings_flow_confirm,2022-10-14,24949755.0,0,yahoo_gld_proxy,2022-10-14T21:15:00+00:00,2026-03-07 16:33:12
gld_holdings_flow_confirm,2022-10-17,24949755.0,0,yahoo_gld_proxy,2022-10-17T21:15:00+00:00,2026-03-07 16:33:12
gld_holdings_flow_confirm,2022-10-18,24949755.0,0,yahoo_gld_proxy,2022-10-18T21:15:00+00:00,2026-03-07 16:33:12
gld_holdings_flow_confirm,2022-10-19,24949755.0,0,yahoo_gld_proxy,2022-10-19T21:15:00+00:00,2026-03-07 16:33:12
gld_holdings_flow_confirm,2022-10-20,24949755.0,0,yahoo_gld_proxy,2022-10-20T21:15:00+00:00,2026-03-07 16:33:12
gld_holdings_flow_confirm,2022-10-21,24949755.0,0,yahoo_gld_proxy,2022-10-21T21:15:00+00:00,2026-03-07 16:33:12
gld_holdings_flow_confirm,2022-10-24,24949755.0,0,yahoo_gld_proxy,2022-10-24T21:15:00+00:00,2026-03-07 16:33:12
gld_holdings_flow_confirm,2022-10-25,24949755.0,0,yahoo_gld_proxy,2022-10-25T21:15:00+00:00,2026-03-07 16:33:12
gld_holdings_flow_confirm,2022-10-26,24949755.0,0,yahoo_gld_proxy,2022-10-26T21:15:00+00:00,2026-03-07 16:33:12
gld_holdings_flow_confirm,2022-10-27,24949755.0,0,yahoo_gld_proxy,2022-10-27T21:15:00+00:00,2026-03-07 16:33:12
gld_holdings_flow_confirm,2022-10-28,24949755.0,0,yahoo_gld_proxy,2022-10-28T21:15:00+00:00,2026-03-07 16:33:12
gld_holdings_flow_confirm,2022-10-31,24949755.0,0,yahoo_gld_proxy,2022-10-31T21:15:00+00:00,2026-03-07 16:33:12
gld_holdings_flow_confirm,2022-11-01,24949755.0,0,yahoo_gld_proxy,2022-11-01T21:15:00+00:00,2026-03-07 16:33:12
gld_holdings_flow_confirm,2022-11-02,24949755.0,0,yahoo_gld_proxy,2022-11-02T21:15:00+00:00,2026-03-07 16:33:12
gld_holdings_flow_confirm,2022-11-03,24949755.0,0,yahoo_gld_proxy,2022-11-03T21:15:00+00:00,2026-03-07 16:33:12
gld_holdings_flow_confirm,2022-11-04,24949755.0,0,yahoo_gld_proxy,2022-11-04T21:15:00+00:00,2026-03-07 16:33:12
gld_holdings_flow_confirm,2022-11-07,24949755.0,0,yahoo_gld_proxy,2022-11-07T21:15:00+00:00,2026-03-07 16:33:12
gld_holdings_flow_confirm,2022-11-08,24949755.0,0,yahoo_gld_proxy,2022-11-08T21:15:00+00:00,2026-03-07 16:33:12
gld_holdings_flow_confirm,2022-11-09,24949755.0,0,yahoo_gld_proxy,2022-11-09T21:15:00+00:00,2026-03-07 16:33:12
gld_holdings_flow_confirm,2022-11-10,24949755.0,0,yahoo_gld_proxy,2022-11-10T21:15:00+00:00,2026-03-07 16:33:12
gld_holdings_flow_confirm,2022-11-11,24949755.0,0,yahoo_gld_proxy,2022-11-11T21:15:00+00:00,2026-03-07 16:33:12
gld_holdings_flow_confirm,2022-11-14,24949755.0,0,yahoo_gld_proxy,2022-11-14T21:15:00+00:00,2026-03-07 16:33:12
gld_holdings_flow_confirm,2022-11-15,24949755.0,0,yahoo_gld_proxy,2022-11-15T21:15:00+00:00,2026-03-07 16:33:12
gld_holdings_flow_confirm,2022-11-16,24949755.0,0,yahoo_gld_proxy,2022-11-16T21:15:00+00:00,2026-03-07 16:33:12
gld_holdings_flow_confirm,2022-11-17,24949755.0,0,yahoo_gld_proxy,2022-11-17T21:15:00+00:00,2026-03-07 16:33:12
gld_holdings_flow_confirm,2022-11-18,24949755.0,0,yahoo_gld_proxy,2022-11-18T21:15:00+00:00,2026-03-07 16:33:12
gld_holdings_flow_confirm,2022-11-21,24949755.0,0,yahoo_gld_proxy,2022-11-21T21:15:00+00:00,2026-03-07 16:33:12
gld_holdings_flow_confirm,2022-11-22,24949755.0,0,yahoo_gld_proxy,2022-11-22T21:15:00+00:00,2026-03-07 16:33:12
gld_holdings_flow_confirm,2022-11-23,24949755.0,0,yahoo_gld_proxy,2022-11-23T21:15:00+00:00,2026-03-07 16:33:12
gld_holdings_flow_confirm,2022-11-25,24949755.0,0,yahoo_gld_proxy,2022-11-25T21:15:00+00:00,2026-03-07 16:33:12
gld_holdings_flow_confirm,2022-11-28,24949755.0,0,yahoo_gld_proxy,2022-11-28T21:15:00+00:00,2026-03-07 16:33:12
gld_holdings_flow_confirm,2022-11-29,24949755.0,0,yahoo_gld_proxy,2022-11-29T21:15:00+00:00,2026-03-07 16:33:12
gld_holdings_flow_confirm,2022-11-30,24949755.0,0,yahoo_gld_proxy,2022-11-30T21:15:00+00:00,2026-03-07 16:33:12
gld_holdings_flow_confirm,2022-12-01,24949755.0,0,yahoo_gld_proxy,2022-12-01T21:15:00+00:00,2026-03-07 16:33:12
gld_holdings_flow_confirm,2022-12-02,24949755.0,0,yahoo_gld_proxy,2022-12-02T21:15:00+00:00,2026-03-07 16:33:12
gld_holdings_flow_confirm,2022-12-05,24949755.0,0,yahoo_gld_proxy,2022-12-05T21:15:00+00:00,2026-03-07 16:33:12
gld_holdings_flow_confirm,2022-12-06,24949755.0,0,yahoo_gld_proxy,2022-12-06T21:15:00+00:00,2026-03-07 16:33:12
gld_holdings_flow_confirm,2022-12-07,24949755.0,0,yahoo_gld_proxy,2022-12-07T21:15:00+00:00,2026-03-07 16:33:12
gld_holdings_flow_confirm,2022-12-08,24949755.0,0,yahoo_gld_proxy,2022-12-08T21:15:00+00:00,2026-03-07 16:33:12
gld_holdings_flow_confirm,2022-12-09,24949755.0,0,yahoo_gld_proxy,2022-12-09T21:15:00+00:00,2026-03-07 16:33:12
gld_holdings_flow_confirm,2022-12-12,24949755.0,0,yahoo_gld_proxy,2022-12-12T21:15:00+00:00,2026-03-07 16:33:12
gld_holdings_flow_confirm,2022-12-13,24949755.0,0,yahoo_gld_proxy,2022-12-13T21:15:00+00:00,2026-03-07 16:33:12
gld_holdings_flow_confirm,2022-12-14,24949755.0,0,yahoo_gld_proxy,2022-12-14T21:15:00+00:00,2026-03-07 16:33:12
gld_holdings_flow_confirm,2022-12-15,24949755.0,0,yahoo_gld_proxy,2022-12-15T21:15:00+00:00,2026-03-07 16:33:12
gld_holdings_flow_confirm,2022-12-16,24949755.0,0,yahoo_gld_proxy,2022-12-16T21:15:00+00:00,2026-03-07 16:33:12
gld_holdings_flow_confirm,2022-12-19,24949755.0,0,yahoo_gld_proxy,2022-12-19T21:15:00+00:00,2026-03-07 16:33:12
gld_holdings_flow_confirm,2022-12-20,24949755.0,0,yahoo_gld_proxy,2022-12-20T21:15:00+00:00,2026-03-07 16:33:12
gld_holdings_flow_confirm,2022-12-21,24949755.0,0,yahoo_gld_proxy,2022-12-21T21:15:00+00:00,2026-03-07 16:33:12
gld_holdings_flow_confirm,2022-12-22,24949755.0,0,yahoo_gld_proxy,2022-12-22T21:15:00+00:00,2026-03-07 16:33:12
gld_holdings_flow_confirm,2022-12-23,24949755.0,0,yahoo_gld_proxy,2022-12-23T21:15:00+00:00,2026-03-07 16:33:12
gld_holdings_flow_confirm,2022-12-27,24949755.0,0,yahoo_gld_proxy,2022-12-27T21:15:00+00:00,2026-03-07 16:33:12
gld_holdings_flow_confirm,2022-12-28,24949755.0,0,yahoo_gld_proxy,2022-12-28T21:15:00+00:00,2026-03-07 16:33:12
gld_holdings_flow_confirm,2022-12-29,24949755.0,0,yahoo_gld_proxy,2022-12-29T21:15:00+00:00,2026-03-07 16:33:12
gld_holdings_flow_confirm,2022-12-30,24949755.0,0,yahoo_gld_proxy,2022-12-30T21:15:00+00:00,2026-03-07 16:33:12
gld_holdings_flow_confirm,2023-01-03,24949755.0,0,yahoo_gld_proxy,2023-01-03T21:15:00+00:00,2026-03-07 16:33:12
gld_holdings_flow_confirm,2023-01-04,24949755.0,0,yahoo_gld_proxy,2023-01-04T21:15:00+00:00,2026-03-07 16:33:12
gld_holdings_flow_confirm,2023-01-05,24949755.0,0,yahoo_gld_proxy,2023-01-05T21:15:00+00:00,2026-03-07 16:33:12
gld_holdings_flow_confirm,2023-01-06,24949755.0,0,yahoo_gld_proxy,2023-01-06T21:15:00+00:00,2026-03-07 16:33:12
gld_holdings_flow_confirm,2023-01-09,24949755.0,0,yahoo_gld_proxy,2023-01-09T21:15:00+00:00,2026-03-07 16:33:12
gld_holdings_flow_confirm,2023-01-10,24949755.0,0,yahoo_gld_proxy,2023-01-10T21:15:00+00:00,2026-03-07 16:33:12
gld_holdings_flow_confirm,2023-01-11,24949755.0,0,yahoo_gld_proxy,2023-01-11T21:15:00+00:00,2026-03-07 16:33:12
gld_holdings_flow_confirm,2023-01-12,24949755.0,0,yahoo_gld_proxy,2023-01-12T21:15:00+00:00,2026-03-07 16:33:12
gld_holdings_flow_confirm,2023-01-13,24949755.0,0,yahoo_gld_proxy,2023-01-13T21:15:00+00:00,2026-03-07 16:33:12
gld_holdings_flow_confirm,2023-01-17,24949755.0,0,yahoo_gld_proxy,2023-01-17T21:15:00+00:00,2026-03-07 16:33:12
gld_holdings_flow_confirm,2023-01-18,24949755.0,0,yahoo_gld_proxy,2023-01-18T21:15:00+00:00,2026-03-07 16:33:12
gld_holdings_flow_confirm,2023-01-19,24949755.0,0,yahoo_gld_proxy,2023-01-19T21:15:00+00:00,2026-03-07 16:33:12
gld_holdings_flow_confirm,2023-01-20,24949755.0,0,yahoo_gld_proxy,2023-01-20T21:15:00+00:00,2026-03-07 16:33:12
gld_holdings_flow_confirm,2023-01-23,24949755.0,0,yahoo_gld_proxy,2023-01-23T21:15:00+00:00,2026-03-07 16:33:12
gld_holdings_flow_confirm,2023-01-24,24949755.0,0,yahoo_gld_proxy,2023-01-24T21:15:00+00:00,2026-03-07 16:33:12
gld_holdings_flow_confirm,2023-01-25,24949755.0,0,yahoo_gld_proxy,2023-01-25T21:15:00+00:00,2026-03-07 16:33:12
gld_holdings_flow_confirm,2023-01-26,24949755.0,0,yahoo_gld_proxy,2023-01-26T21:15:00+00:00,2026-03-07 16:33:12
gld_holdings_flow_confirm,2023-01-27,24949755.0,0,yahoo_gld_proxy,2023-01-27T21:15:00+00:00,2026-03-07 16:33:12
gld_holdings_flow_confirm,2023-01-30,24949755.0,0,yahoo_gld_proxy,2023-01-30T21:15:00+00:00,2026-03-07 16:33:12
gld_holdings_flow_confirm,2023-01-31,24949755.0,0,yahoo_gld_proxy,2023-01-31T21:15:00+00:00,2026-03-07 16:33:12
gld_holdings_flow_confirm,2023-02-01,24949755.0,0,yahoo_gld_proxy,2023-02-01T21:15:00+00:00,2026-03-07 16:33:12
gld_holdings_flow_confirm,2023-02-02,24949755.0,0,yahoo_gld_proxy,2023-02-02T21:15:00+00:00,2026-03-07 16:33:12
gld_holdings_flow_confirm,2023-02-03,24949755.0,0,yahoo_gld_proxy,2023-02-03T21:15:00+00:00,2026-03-07 16:33:12
gld_holdings_flow_confirm,2023-02-06,24949755.0,0,yahoo_gld_proxy,2023-02-06T21:15:00+00:00,2026-03-07 16:33:12
gld_holdings_flow_confirm,2023-02-07,24949755.0,0,yahoo_gld_proxy,2023-02-07T21:15:00+00:00,2026-03-07 16:33:12
gld_holdings_flow_confirm,2023-02-08,24949755.0,0,yahoo_gld_proxy,2023-02-08T21:15:00+00:00,2026-03-07 16:33:12
gld_holdings_flow_confirm,2023-02-09,24949755.0,0,yahoo_gld_proxy,2023-02-09T21:15:00+00:00,2026-03-07 16:33:12
gld_holdings_flow_confirm,2023-02-10,24949755.0,0,yahoo_gld_proxy,2023-02-10T21:15:00+00:00,2026-03-07 16:33:12
gld_holdings_flow_confirm,2023-02-13,24949755.0,0,yahoo_gld_proxy,2023-02-13T21:15:00+00:00,2026-03-07 16:33:12
gld_holdings_flow_confirm,2023-02-14,24949755.0,0,yahoo_gld_proxy,2023-02-14T21:15:00+00:00,2026-03-07 16:33:12
gld_holdings_flow_confirm,2023-02-15,24949755.0,0,yahoo_gld_proxy,2023-02-15T21:15:00+00:00,2026-03-07 16:33:12
gld_holdings_flow_confirm,2023-02-16,24949755.0,0,yahoo_gld_proxy,2023-02-16T21:15:00+00:00,2026-03-07 16:33:12
gld_holdings_flow_confirm,2023-02-17,24949755.0,0,yahoo_gld_proxy,2023-02-17T21:15:00+00:00,2026-03-07 16:33:12
gld_holdings_flow_confirm,2023-02-21,24949755.0,0,yahoo_gld_proxy,2023-02-21T21:15:00+00:00,2026-03-07 16:33:12
gld_holdings_flow_confirm,2023-02-22,24949755.0,0,yahoo_gld_proxy,2023-02-22T21:15:00+00:00,2026-03-07 16:33:12
gld_holdings_flow_confirm,2023-02-23,24949755.0,0,yahoo_gld_proxy,2023-02-23T21:15:00+00:00,2026-03-07 16:33:12
gld_holdings_flow_confirm,2023-02-24,24949755.0,0,yahoo_gld_proxy,2023-02-24T21:15:00+00:00,2026-03-07 16:33:12
gld_holdings_flow_confirm,2023-02-27,24949755.0,0,yahoo_gld_proxy,2023-02-27T21:15:00+00:00,2026-03-07 16:33:12
gld_holdings_flow_confirm,2023-02-28,24949755.0,0,yahoo_gld_proxy,2023-02-28T21:15:00+00:00,2026-03-07 16:33:12
gld_holdings_flow_confirm,2023-03-01,24949755.0,0,yahoo_gld_proxy,2023-03-01T21:15:00+00:00,2026-03-07 16:33:12
gld_holdings_flow_confirm,2023-03-02,24949755.0,0,yahoo_gld_proxy,2023-03-02T21:15:00+00:00,2026-03-07 16:33:12
gld_holdings_flow_confirm,2023-03-03,24949755.0,0,yahoo_gld_proxy,2023-03-03T21:15:00+00:00,2026-03-07 16:33:12
gld_holdings_flow_confirm,2023-03-06,24949755.0,0,yahoo_gld_proxy,2023-03-06T21:15:00+00:00,2026-03-07 16:33:12
gld_holdings_flow_confirm,2023-03-07,24949755.0,0,yahoo_gld_proxy,2023-03-07T21:15:00+00:00,2026-03-07 16:33:12
gld_holdings_flow_confirm,2023-03-08,24949755.0,0,yahoo_gld_proxy,2023-03-08T21:15:00+00:00,2026-03-07 16:33:12
gld_holdings_flow_confirm,2023-03-09,24949755.0,0,yahoo_gld_proxy,2023-03-09T21:15:00+00:00,2026-03-07 16:33:12
gld_holdings_flow_confirm,2023-03-10,24949755.0,0,yahoo_gld_proxy,2023-03-10T21:15:00+00:00,2026-03-07 16:33:12
gld_holdings_flow_confirm,2023-03-13,24949755.0,0,yahoo_gld_proxy,2023-03-13T21:15:00+00:00,2026-03-07 16:33:12
gld_holdings_flow_confirm,2023-03-14,24949755.0,0,yahoo_gld_proxy,2023-03-14T21:15:00+00:00,2026-03-07 16:33:12
gld_holdings_flow_confirm,2023-03-15,24949755.0,0,yahoo_gld_proxy,2023-03-15T21:15:00+00:00,2026-03-07 16:33:12
gld_holdings_flow_confirm,2023-03-16,24949755.0,0,yahoo_gld_proxy,2023-03-16T21:15:00+00:00,2026-03-07 16:33:12
gld_holdings_flow_confirm,2023-03-17,24949755.0,0,yahoo_gld_proxy,2023-03-17T21:15:00+00:00,2026-03-07 16:33:12
gld_holdings_flow_confirm,2023-03-20,24949755.0,0,yahoo_gld_proxy,2023-03-20T21:15:00+00:00,2026-03-07 16:33:12
gld_holdings_flow_confirm,2023-03-21,24949755.0,0,yahoo_gld_proxy,2023-03-21T21:15:00+00:00,2026-03-07 16:33:12
gld_holdings_flow_confirm,2023-03-22,24949755.0,0,yahoo_gld_proxy,2023-03-22T21:15:00+00:00,2026-03-07 16:33:12
gld_holdings_flow_confirm,2023-03-23,24949755.0,0,yahoo_gld_proxy,2023-03-23T21:15:00+00:00,2026-03-07 16:33:12
gld_holdings_flow_confirm,2023-03-24,24949755.0,0,yahoo_gld_proxy,2023-03-24T21:15:00+00:00,2026-03-07 16:33:12
gld_holdings_flow_confirm,2023-03-27,24949755.0,0,yahoo_gld_proxy,2023-03-27T21:15:00+00:00,2026-03-07 16:33:12
gld_holdings_flow_confirm,2023-03-28,24949755.0,0,yahoo_gld_proxy,2023-03-28T21:15:00+00:00,2026-03-07 16:33:12
gld_holdings_flow_confirm,2023-03-29,24949755.0,0,yahoo_gld_proxy,2023-03-29T21:15:00+00:00,2026-03-07 16:33:12
gld_holdings_flow_confirm,2023-03-30,24949755.0,0,yahoo_gld_proxy,2023-03-30T21:15:00+00:00,2026-03-07 16:33:12
gld_holdings_flow_confirm,2023-03-31,24949755.0,0,yahoo_gld_proxy,2023-03-31T21:15:00+00:00,2026-03-07 16:33:12
gld_holdings_flow_confirm,2023-04-03,24949755.0,0,yahoo_gld_proxy,2023-04-03T21:15:00+00:00,2026-03-07 16:33:12
gld_holdings_flow_confirm,2023-04-04,24949755.0,0,yahoo_gld_proxy,2023-04-04T21:15:00+00:00,2026-03-07 16:33:12
gld_holdings_flow_confirm,2023-04-05,24949755.0,0,yahoo_gld_proxy,2023-04-05T21:15:00+00:00,2026-03-07 16:33:12
gld_holdings_flow_confirm,2023-04-06,24949755.0,0,yahoo_gld_proxy,2023-04-06T21:15:00+00:00,2026-03-07 16:33:12
gld_holdings_flow_confirm,2023-04-10,24949755.0,0,yahoo_gld_proxy,2023-04-10T21:15:00+00:00,2026-03-07 16:33:12
gld_holdings_flow_confirm,2023-04-11,24949755.0,0,yahoo_gld_proxy,2023-04-11T21:15:00+00:00,2026-03-07 16:33:12
gld_holdings_flow_confirm,2023-04-12,24949755.0,0,yahoo_gld_proxy,2023-04-12T21:15:00+00:00,2026-03-07 16:33:12
gld_holdings_flow_confirm,2023-04-13,24949755.0,0,yahoo_gld_proxy,2023-04-13T21:15:00+00:00,2026-03-07 16:33:12
gld_holdings_flow_confirm,2023-04-14,24949755.0,0,yahoo_gld_proxy,2023-04-14T21:15:00+00:00,2026-03-07 16:33:12
gld_holdings_flow_confirm,2023-04-17,24949755.0,0,yahoo_gld_proxy,2023-04-17T21:15:00+00:00,2026-03-07 16:33:12
gld_holdings_flow_confirm,2023-04-18,24949755.0,0,yahoo_gld_proxy,2023-04-18T21:15:00+00:00,2026-03-07 16:33:12
gld_holdings_flow_confirm,2023-04-19,24949755.0,0,yahoo_gld_proxy,2023-04-19T21:15:00+00:00,2026-03-07 16:33:12
gld_holdings_flow_confirm,2023-04-20,24949755.0,0,yahoo_gld_proxy,2023-04-20T21:15:00+00:00,2026-03-07 16:33:12
gld_holdings_flow_confirm,2023-04-21,24949755.0,0,yahoo_gld_proxy,2023-04-21T21:15:00+00:00,2026-03-07 16:33:12
gld_holdings_flow_confirm,2023-04-24,24949755.0,0,yahoo_gld_proxy,2023-04-24T21:15:00+00:00,2026-03-07 16:33:12
gld_holdings_flow_confirm,2023-04-25,24949755.0,0,yahoo_gld_proxy,2023-04-25T21:15:00+00:00,2026-03-07 16:33:12
gld_holdings_flow_confirm,2023-04-26,24949755.0,0,yahoo_gld_proxy,2023-04-26T21:15:00+00:00,2026-03-07 16:33:12
gld_holdings_flow_confirm,2023-04-27,24949755.0,0,yahoo_gld_proxy,2023-04-27T21:15:00+00:00,2026-03-07 16:33:12
gld_holdings_flow_confirm,2023-04-28,24949755.0,0,yahoo_gld_proxy,2023-04-28T21:15:00+00:00,2026-03-07 16:33:12
gld_holdings_flow_confirm,2023-05-01,24949755.0,0,yahoo_gld_proxy,2023-05-01T21:15:00+00:00,2026-03-07 16:33:12
gld_holdings_flow_confirm,2023-05-02,24949755.0,0,yahoo_gld_proxy,2023-05-02T21:15:00+00:00,2026-03-07 16:33:12
gld_holdings_flow_confirm,2023-05-03,24949755.0,0,yahoo_gld_proxy,2023-05-03T21:15:00+00:00,2026-03-07 16:33:12
gld_holdings_flow_confirm,2023-05-04,24949755.0,0,yahoo_gld_proxy,2023-05-04T21:15:00+00:00,2026-03-07 16:33:12
gld_holdings_flow_confirm,2023-05-05,24949755.0,0,yahoo_gld_proxy,2023-05-05T21:15:00+00:00,2026-03-07 16:33:12
gld_holdings_flow_confirm,2023-05-08,24949755.0,0,yahoo_gld_proxy,2023-05-08T21:15:00+00:00,2026-03-07 16:33:12
gld_holdings_flow_confirm,2023-05-09,24949755.0,0,yahoo_gld_proxy,2023-05-09T21:15:00+00:00,2026-03-07 16:33:12
gld_holdings_flow_confirm,2023-05-10,24949755.0,0,yahoo_gld_proxy,2023-05-10T21:15:00+00:00,2026-03-07 16:33:12
gld_holdings_flow_confirm,2023-05-11,24949755.0,0,yahoo_gld_proxy,2023-05-11T21:15:00+00:00,2026-03-07 16:33:12
gld_holdings_flow_confirm,2023-05-12,24949755.0,0,yahoo_gld_proxy,2023-05-12T21:15:00+00:00,2026-03-07 16:33:12
gld_holdings_flow_confirm,2023-05-15,24949755.0,0,yahoo_gld_proxy,2023-05-15T21:15:00+00:00,2026-03-07 16:33:12
gld_holdings_flow_confirm,2023-05-16,24949755.0,0,yahoo_gld_proxy,2023-05-16T21:15:00+00:00,2026-03-07 16:33:12
gld_holdings_flow_confirm,2023-05-17,24949755.0,0,yahoo_gld_proxy,2023-05-17T21:15:00+00:00,2026-03-07 16:33:12
gld_holdings_flow_confirm,2023-05-18,24949755.0,0,yahoo_gld_proxy,2023-05-18T21:15:00+00:00,2026-03-07 16:33:12
gld_holdings_flow_confirm,2023-05-19,24949755.0,0,yahoo_gld_proxy,2023-05-19T21:15:00+00:00,2026-03-07 16:33:12
gld_holdings_flow_confirm,2023-05-22,24949755.0,0,yahoo_gld_proxy,2023-05-22T21:15:00+00:00,2026-03-07 16:33:12
gld_holdings_flow_confirm,2023-05-23,24949755.0,0,yahoo_gld_proxy,2023-05-23T21:15:00+00:00,2026-03-07 16:33:12
gld_holdings_flow_confirm,2023-05-24,24949755.0,0,yahoo_gld_proxy,2023-05-24T21:15:00+00:00,2026-03-07 16:33:12
gld_holdings_flow_confirm,2023-05-25,24949755.0,0,yahoo_gld_proxy,2023-05-25T21:15:00+00:00,2026-03-07 16:33:12
gld_holdings_flow_confirm,2023-05-26,24949755.0,0,yahoo_gld_proxy,2023-05-26T21:15:00+00:00,2026-03-07 16:33:12
gld_holdings_flow_confirm,2023-05-30,24949755.0,0,yahoo_gld_proxy,2023-05-30T21:15:00+00:00,2026-03-07 16:33:12
gld_holdings_flow_confirm,2023-05-31,24949755.0,0,yahoo_gld_proxy,2023-05-31T21:15:00+00:00,2026-03-07 16:33:12
gld_holdings_flow_confirm,2023-06-01,24949755.0,0,yahoo_gld_proxy,2023-06-01T21:15:00+00:00,2026-03-07 16:33:12
gld_holdings_flow_confirm,2023-06-02,24949755.0,0,yahoo_gld_proxy,2023-06-02T21:15:00+00:00,2026-03-07 16:33:12
gld_holdings_flow_confirm,2023-06-05,24949755.0,0,yahoo_gld_proxy,2023-06-05T21:15:00+00:00,2026-03-07 16:33:12
gld_holdings_flow_confirm,2023-06-06,24949755.0,0,yahoo_gld_proxy,2023-06-06T21:15:00+00:00,2026-03-07 16:33:12
gld_holdings_flow_confirm,2023-06-07,24949755.0,0,yahoo_gld_proxy,2023-06-07T21:15:00+00:00,2026-03-07 16:33:12
gld_holdings_flow_confirm,2023-06-08,24949755.0,0,yahoo_gld_proxy,2023-06-08T21:15:00+00:00,2026-03-07 16:33:12
gld_holdings_flow_confirm,2023-06-09,24949755.0,0,yahoo_gld_proxy,2023-06-09T21:15:00+00:00,2026-03-07 16:33:12
gld_holdings_flow_confirm,2023-06-12,24949755.0,0,yahoo_gld_proxy,2023-06-12T21:15:00+00:00,2026-03-07 16:33:12
gld_holdings_flow_confirm,2023-06-13,24949755.0,0,yahoo_gld_proxy,2023-06-13T21:15:00+00:00,2026-03-07 16:33:12
gld_holdings_flow_confirm,2023-06-14,24949755.0,0,yahoo_gld_proxy,2023-06-14T21:15:00+00:00,2026-03-07 16:33:12
gld_holdings_flow_confirm,2023-06-15,24949755.0,0,yahoo_gld_proxy,2023-06-15T21:15:00+00:00,2026-03-07 16:33:12
gld_holdings_flow_confirm,2023-06-16,24949755.0,0,yahoo_gld_proxy,2023-06-16T21:15:00+00:00,2026-03-07 16:33:12
gld_holdings_flow_confirm,2023-06-20,24949755.0,0,yahoo_gld_proxy,2023-06-20T21:15:00+00:00,2026-03-07 16:33:12
gld_holdings_flow_confirm,2023-06-21,24949755.0,0,yahoo_gld_proxy,2023-06-21T21:15:00+00:00,2026-03-07 16:33:12
gld_holdings_flow_confirm,2023-06-22,24949755.0,0,yahoo_gld_proxy,2023-06-22T21:15:00+00:00,2026-03-07 16:33:12
gld_holdings_flow_confirm,2023-06-23,24949755.0,0,yahoo_gld_proxy,2023-06-23T21:15:00+00:00,2026-03-07 16:33:12
gld_holdings_flow_confirm,2023-06-26,24949755.0,0,yahoo_gld_proxy,2023-06-26T21:15:00+00:00,2026-03-07 16:33:12
gld_holdings_flow_confirm,2023-06-27,24949755.0,0,yahoo_gld_proxy,2023-06-27T21:15:00+00:00,2026-03-07 16:33:12
gld_holdings_flow_confirm,2023-06-28,24949755.0,0,yahoo_gld_proxy,2023-06-28T21:15:00+00:00,2026-03-07 16:33:12
gld_holdings_flow_confirm,2023-06-29,24949755.0,0,yahoo_gld_proxy,2023-06-29T21:15:00+00:00,2026-03-07 16:33:12
gld_holdings_flow_confirm,2023-06-30,24949755.0,0,yahoo_gld_proxy,2023-06-30T21:15:00+00:00,2026-03-07 16:33:12
gld_holdings_flow_confirm,2023-07-03,24949755.0,0,yahoo_gld_proxy,2023-07-03T21:15:00+00:00,2026-03-07 16:33:12
gld_holdings_flow_confirm,2023-07-05,24949755.0,0,yahoo_gld_proxy,2023-07-05T21:15:00+00:00,2026-03-07 16:33:12
gld_holdings_flow_confirm,2023-07-06,24949755.0,0,yahoo_gld_proxy,2023-07-06T21:15:00+00:00,2026-03-07 16:33:12
gld_holdings_flow_confirm,2023-07-07,24949755.0,0,yahoo_gld_proxy,2023-07-07T21:15:00+00:00,2026-03-07 16:33:12
gld_holdings_flow_confirm,2023-07-10,24949755.0,0,yahoo_gld_proxy,2023-07-10T21:15:00+00:00,2026-03-07 16:33:12
gld_holdings_flow_confirm,2023-07-11,24949755.0,0,yahoo_gld_proxy,2023-07-11T21:15:00+00:00,2026-03-07 16:33:12
gld_holdings_flow_confirm,2023-07-12,24949755.0,0,yahoo_gld_proxy,2023-07-12T21:15:00+00:00,2026-03-07 16:33:12
gld_holdings_flow_confirm,2023-07-13,24949755.0,0,yahoo_gld_proxy,2023-07-13T21:15:00+00:00,2026-03-07 16:33:12
gld_holdings_flow_confirm,2023-07-14,24949755.0,0,yahoo_gld_proxy,2023-07-14T21:15:00+00:00,2026-03-07 16:33:12
gld_holdings_flow_confirm,2023-07-17,24949755.0,0,yahoo_gld_proxy,2023-07-17T21:15:00+00:00,2026-03-07 16:33:12
gld_holdings_flow_confirm,2023-07-18,24949755.0,0,yahoo_gld_proxy,2023-07-18T21:15:00+00:00,2026-03-07 16:33:12
gld_holdings_flow_confirm,2023-07-19,24949755.0,0,yahoo_gld_proxy,2023-07-19T21:15:00+00:00,2026-03-07 16:33:12
gld_holdings_flow_confirm,2023-07-20,24949755.0,0,yahoo_gld_proxy,2023-07-20T21:15:00+00:00,2026-03-07 16:33:12
gld_holdings_flow_confirm,2023-07-21,24949755.0,0,yahoo_gld_proxy,2023-07-21T21:15:00+00:00,2026-03-07 16:33:12
gld_holdings_flow_confirm,2023-07-24,24949755.0,0,yahoo_gld_proxy,2023-07-24T21:15:00+00:00,2026-03-07 16:33:12
gld_holdings_flow_confirm,2023-07-25,24949755.0,0,yahoo_gld_proxy,2023-07-25T21:15:00+00:00,2026-03-07 16:33:12
gld_holdings_flow_confirm,2023-07-26,24949755.0,0,yahoo_gld_proxy,2023-07-26T21:15:00+00:00,2026-03-07 16:33:12
gld_holdings_flow_confirm,2023-07-27,24949755.0,0,yahoo_gld_proxy,2023-07-27T21:15:00+00:00,2026-03-07 16:33:12
gld_holdings_flow_confirm,2023-07-28,24949755.0,0,yahoo_gld_proxy,2023-07-28T21:15:00+00:00,2026-03-07 16:33:12
gld_holdings_flow_confirm,2023-07-31,24949755.0,0,yahoo_gld_proxy,2023-07-31T21:15:00+00:00,2026-03-07 16:33:12
gld_holdings_flow_confirm,2023-08-01,24949755.0,0,yahoo_gld_proxy,2023-08-01T21:15:00+00:00,2026-03-07 16:33:12
gld_holdings_flow_confirm,2023-08-02,24949755.0,0,yahoo_gld_proxy,2023-08-02T21:15:00+00:00,2026-03-07 16:33:12
gld_holdings_flow_confirm,2023-08-03,24949755.0,0,yahoo_gld_proxy,2023-08-03T21:15:00+00:00,2026-03-07 16:33:12
gld_holdings_flow_confirm,2023-08-04,24949755.0,0,yahoo_gld_proxy,2023-08-04T21:15:00+00:00,2026-03-07 16:33:12
gld_holdings_flow_confirm,2023-08-07,24949755.0,0,yahoo_gld_proxy,2023-08-07T21:15:00+00:00,2026-03-07 16:33:12
gld_holdings_flow_confirm,2023-08-08,24949755.0,0,yahoo_gld_proxy,2023-08-08T21:15:00+00:00,2026-03-07 16:33:12
gld_holdings_flow_confirm,2023-08-09,24949755.0,0,yahoo_gld_proxy,2023-08-09T21:15:00+00:00,2026-03-07 16:33:12
gld_holdings_flow_confirm,2023-08-10,24949755.0,0,yahoo_gld_proxy,2023-08-10T21:15:00+00:00,2026-03-07 16:33:12
gld_holdings_flow_confirm,2023-08-11,24949755.0,0,yahoo_gld_proxy,2023-08-11T21:15:00+00:00,2026-03-07 16:33:12
gld_holdings_flow_confirm,2023-08-14,24949755.0,0,yahoo_gld_proxy,2023-08-14T21:15:00+00:00,2026-03-07 16:33:12
gld_holdings_flow_confirm,2023-08-15,24949755.0,0,yahoo_gld_proxy,2023-08-15T21:15:00+00:00,2026-03-07 16:33:12
gld_holdings_flow_confirm,2023-08-16,24949755.0,0,yahoo_gld_proxy,2023-08-16T21:15:00+00:00,2026-03-07 16:33:12
gld_holdings_flow_confirm,2023-08-17,24949755.0,0,yahoo_gld_proxy,2023-08-17T21:15:00+00:00,2026-03-07 16:33:12
gld_holdings_flow_confirm,2023-08-18,24949755.0,0,yahoo_gld_proxy,2023-08-18T21:15:00+00:00,2026-03-07 16:33:12
gld_holdings_flow_confirm,2023-08-21,24949755.0,0,yahoo_gld_proxy,2023-08-21T21:15:00+00:00,2026-03-07 16:33:12
gld_holdings_flow_confirm,2023-08-22,24949755.0,0,yahoo_gld_proxy,2023-08-22T21:15:00+00:00,2026-03-07 16:33:12
gld_holdings_flow_confirm,2023-08-23,24949755.0,0,yahoo_gld_proxy,2023-08-23T21:15:00+00:00,2026-03-07 16:33:12
gld_holdings_flow_confirm,2023-08-24,24949755.0,0,yahoo_gld_proxy,2023-08-24T21:15:00+00:00,2026-03-07 16:33:12
gld_holdings_flow_confirm,2023-08-25,24949755.0,0,yahoo_gld_proxy,2023-08-25T21:15:00+00:00,2026-03-07 16:33:12
gld_holdings_flow_confirm,2023-08-28,24949755.0,0,yahoo_gld_proxy,2023-08-28T21:15:00+00:00,2026-03-07 16:33:12
gld_holdings_flow_confirm,2023-08-29,24949755.0,0,yahoo_gld_proxy,2023-08-29T21:15:00+00:00,2026-03-07 16:33:12
gld_holdings_flow_confirm,2023-08-30,24949755.0,0,yahoo_gld_proxy,2023-08-30T21:15:00+00:00,2026-03-07 16:33:12
gld_holdings_flow_confirm,2023-08-31,24949755.0,0,yahoo_gld_proxy,2023-08-31T21:15:00+00:00,2026-03-07 16:33:12
gld_holdings_flow_confirm,2023-09-01,24949755.0,0,yahoo_gld_proxy,2023-09-01T21:15:00+00:00,2026-03-07 16:33:12
gld_holdings_flow_confirm,2023-09-05,24949755.0,0,yahoo_gld_proxy,2023-09-05T21:15:00+00:00,2026-03-07 16:33:12
gld_holdings_flow_confirm,2023-09-06,24949755.0,0,yahoo_gld_proxy,2023-09-06T21:15:00+00:00,2026-03-07 16:33:12
gld_holdings_flow_confirm,2023-09-07,24949755.0,0,yahoo_gld_proxy,2023-09-07T21:15:00+00:00,2026-03-07 16:33:12
gld_holdings_flow_confirm,2023-09-08,24949755.0,0,yahoo_gld_proxy,2023-09-08T21:15:00+00:00,2026-03-07 16:33:12
gld_holdings_flow_confirm,2023-09-11,24949755.0,0,yahoo_gld_proxy,2023-09-11T21:15:00+00:00,2026-03-07 16:33:12
gld_holdings_flow_confirm,2023-09-12,24949755.0,0,yahoo_gld_proxy,2023-09-12T21:15:00+00:00,2026-03-07 16:33:12
gld_holdings_flow_confirm,2023-09-13,24949755.0,0,yahoo_gld_proxy,2023-09-13T21:15:00+00:00,2026-03-07 16:33:12
gld_holdings_flow_confirm,2023-09-14,24949755.0,0,yahoo_gld_proxy,2023-09-14T21:15:00+00:00,2026-03-07 16:33:12
gld_holdings_flow_confirm,2023-09-15,24949755.0,0,yahoo_gld_proxy,2023-09-15T21:15:00+00:00,2026-03-07 16:33:12
gld_holdings_flow_confirm,2023-09-18,24949755.0,0,yahoo_gld_proxy,2023-09-18T21:15:00+00:00,2026-03-07 16:33:12
gld_holdings_flow_confirm,2023-09-19,24949755.0,0,yahoo_gld_proxy,2023-09-19T21:15:00+00:00,2026-03-07 16:33:12
gld_holdings_flow_confirm,2023-09-20,24949755.0,0,yahoo_gld_proxy,2023-09-20T21:15:00+00:00,2026-03-07 16:33:12
gld_holdings_flow_confirm,2023-09-21,24949755.0,0,yahoo_gld_proxy,2023-09-21T21:15:00+00:00,2026-03-07 16:33:12
gld_holdings_flow_confirm,2023-09-22,24949755.0,0,yahoo_gld_proxy,2023-09-22T21:15:00+00:00,2026-03-07 16:33:12
gld_holdings_flow_confirm,2023-09-25,24949755.0,0,yahoo_gld_proxy,2023-09-25T21:15:00+00:00,2026-03-07 16:33:12
gld_holdings_flow_confirm,2023-09-26,24949755.0,0,yahoo_gld_proxy,2023-09-26T21:15:00+00:00,2026-03-07 16:33:12
gld_holdings_flow_confirm,2023-09-27,24949755.0,0,yahoo_gld_proxy,2023-09-27T21:15:00+00:00,2026-03-07 16:33:12
gld_holdings_flow_confirm,2023-09-28,24949755.0,0,yahoo_gld_proxy,2023-09-28T21:15:00+00:00,2026-03-07 16:33:12
gld_holdings_flow_confirm,2023-09-29,24949755.0,0,yahoo_gld_proxy,2023-09-29T21:15:00+00:00,2026-03-07 16:33:12
gld_holdings_flow_confirm,2023-10-02,24949755.0,0,yahoo_gld_proxy,2023-10-02T21:15:00+00:00,2026-03-07 16:33:12
gld_holdings_flow_confirm,2023-10-03,24949755.0,0,yahoo_gld_proxy,2023-10-03T21:15:00+00:00,2026-03-07 16:33:12
gld_holdings_flow_confirm,2023-10-04,24949755.0,0,yahoo_gld_proxy,2023-10-04T21:15:00+00:00,2026-03-07 16:33:12
gld_holdings_flow_confirm,2023-10-05,24949755.0,0,yahoo_gld_proxy,2023-10-05T21:15:00+00:00,2026-03-07 16:33:12
gld_holdings_flow_confirm,2023-10-06,24949755.0,0,yahoo_gld_proxy,2023-10-06T21:15:00+00:00,2026-03-07 16:33:12
gld_holdings_flow_confirm,2023-10-09,24949755.0,0,yahoo_gld_proxy,2023-10-09T21:15:00+00:00,2026-03-07 16:33:12
gld_holdings_flow_confirm,2023-10-10,24949755.0,0,yahoo_gld_proxy,2023-10-10T21:15:00+00:00,2026-03-07 16:33:12
gld_holdings_flow_confirm,2023-10-11,24949755.0,0,yahoo_gld_proxy,2023-10-11T21:15:00+00:00,2026-03-07 16:33:12
gld_holdings_flow_confirm,2023-10-12,24949755.0,0,yahoo_gld_proxy,2023-10-12T21:15:00+00:00,2026-03-07 16:33:12
gld_holdings_flow_confirm,2023-10-13,24949755.0,0,yahoo_gld_proxy,2023-10-13T21:15:00+00:00,2026-03-07 16:33:12
gld_holdings_flow_confirm,2023-10-16,24949755.0,0,yahoo_gld_proxy,2023-10-16T21:15:00+00:00,2026-03-07 16:33:12
gld_holdings_flow_confirm,2023-10-17,24949755.0,0,yahoo_gld_proxy,2023-10-17T21:15:00+00:00,2026-03-07 16:33:12
gld_holdings_flow_confirm,2023-10-18,24949755.0,0,yahoo_gld_proxy,2023-10-18T21:15:00+00:00,2026-03-07 16:33:12
gld_holdings_flow_confirm,2023-10-19,24949755.0,0,yahoo_gld_proxy,2023-10-19T21:15:00+00:00,2026-03-07 16:33:12
gld_holdings_flow_confirm,2023-10-20,24949755.0,0,yahoo_gld_proxy,2023-10-20T21:15:00+00:00,2026-03-07 16:33:12
gld_holdings_flow_confirm,2023-10-23,24949755.0,0,yahoo_gld_proxy,2023-10-23T21:15:00+00:00,2026-03-07 16:33:12
gld_holdings_flow_confirm,2023-10-24,24949755.0,0,yahoo_gld_proxy,2023-10-24T21:15:00+00:00,2026-03-07 16:33:12
gld_holdings_flow_confirm,2023-10-25,24949755.0,0,yahoo_gld_proxy,2023-10-25T21:15:00+00:00,2026-03-07 16:33:12
gld_holdings_flow_confirm,2023-10-26,24949755.0,0,yahoo_gld_proxy,2023-10-26T21:15:00+00:00,2026-03-07 16:33:12
gld_holdings_flow_confirm,2023-10-27,24949755.0,0,yahoo_gld_proxy,2023-10-27T21:15:00+00:00,2026-03-07 16:33:12
gld_holdings_flow_confirm,2023-10-30,24949755.0,0,yahoo_gld_proxy,2023-10-30T21:15:00+00:00,2026-03-07 16:33:12
gld_holdings_flow_confirm,2023-10-31,24949755.0,0,yahoo_gld_proxy,2023-10-31T21:15:00+00:00,2026-03-07 16:33:12
gld_holdings_flow_confirm,2023-11-01,24949755.0,0,yahoo_gld_proxy,2023-11-01T21:15:00+00:00,2026-03-07 16:33:12
gld_holdings_flow_confirm,2023-11-02,24949755.0,0,yahoo_gld_proxy,2023-11-02T21:15:00+00:00,2026-03-07 16:33:12
gld_holdings_flow_confirm,2023-11-03,24949755.0,0,yahoo_gld_proxy,2023-11-03T21:15:00+00:00,2026-03-07 16:33:12
gld_holdings_flow_confirm,2023-11-06,24949755.0,0,yahoo_gld_proxy,2023-11-06T21:15:00+00:00,2026-03-07 16:33:12
gld_holdings_flow_confirm,2023-11-07,24949755.0,0,yahoo_gld_proxy,2023-11-07T21:15:00+00:00,2026-03-07 16:33:12
gld_holdings_flow_confirm,2023-11-08,24949755.0,0,yahoo_gld_proxy,2023-11-08T21:15:00+00:00,2026-03-07 16:33:12
gld_holdings_flow_confirm,2023-11-09,24949755.0,0,yahoo_gld_proxy,2023-11-09T21:15:00+00:00,2026-03-07 16:33:12
gld_holdings_flow_confirm,2023-11-10,24949755.0,0,yahoo_gld_proxy,2023-11-10T21:15:00+00:00,2026-03-07 16:33:12
gld_holdings_flow_confirm,2023-11-13,24949755.0,0,yahoo_gld_proxy,2023-11-13T21:15:00+00:00,2026-03-07 16:33:12
gld_holdings_flow_confirm,2023-11-14,24949755.0,0,yahoo_gld_proxy,2023-11-14T21:15:00+00:00,2026-03-07 16:33:12
gld_holdings_flow_confirm,2023-11-15,24949755.0,0,yahoo_gld_proxy,2023-11-15T21:15:00+00:00,2026-03-07 16:33:12
gld_holdings_flow_confirm,2023-11-16,24949755.0,0,yahoo_gld_proxy,2023-11-16T21:15:00+00:00,2026-03-07 16:33:12
gld_holdings_flow_confirm,2023-11-17,24949755.0,0,yahoo_gld_proxy,2023-11-17T21:15:00+00:00,2026-03-07 16:33:12
gld_holdings_flow_confirm,2023-11-20,24949755.0,0,yahoo_gld_proxy,2023-11-20T21:15:00+00:00,2026-03-07 16:33:12
gld_holdings_flow_confirm,2023-11-21,24949755.0,0,yahoo_gld_proxy,2023-11-21T21:15:00+00:00,2026-03-07 16:33:12
gld_holdings_flow_confirm,2023-11-22,24949755.0,0,yahoo_gld_proxy,2023-11-22T21:15:00+00:00,2026-03-07 16:33:12
gld_holdings_flow_confirm,2023-11-24,24949755.0,0,yahoo_gld_proxy,2023-11-24T21:15:00+00:00,2026-03-07 16:33:12
gld_holdings_flow_confirm,2023-11-27,24949755.0,0,yahoo_gld_proxy,2023-11-27T21:15:00+00:00,2026-03-07 16:33:12
gld_holdings_flow_confirm,2023-11-28,24949755.0,0,yahoo_gld_proxy,2023-11-28T21:15:00+00:00,2026-03-07 16:33:12
gld_holdings_flow_confirm,2023-11-29,24949755.0,0,yahoo_gld_proxy,2023-11-29T21:15:00+00:00,2026-03-07 16:33:12
gld_holdings_flow_confirm,2023-11-30,24949755.0,0,yahoo_gld_proxy,2023-11-30T21:15:00+00:00,2026-03-07 16:33:12
gld_holdings_flow_confirm,2023-12-01,24949755.0,0,yahoo_gld_proxy,2023-12-01T21:15:00+00:00,2026-03-07 16:33:12
gld_holdings_flow_confirm,2023-12-04,24949755.0,0,yahoo_gld_proxy,2023-12-04T21:15:00+00:00,2026-03-07 16:33:12
gld_holdings_flow_confirm,2023-12-05,24949755.0,0,yahoo_gld_proxy,2023-12-05T21:15:00+00:00,2026-03-07 16:33:12
gld_holdings_flow_confirm,2023-12-06,24949755.0,0,yahoo_gld_proxy,2023-12-06T21:15:00+00:00,2026-03-07 16:33:12
gld_holdings_flow_confirm,2023-12-07,24949755.0,0,yahoo_gld_proxy,2023-12-07T21:15:00+00:00,2026-03-07 16:33:12
gld_holdings_flow_confirm,2023-12-08,24949755.0,0,yahoo_gld_proxy,2023-12-08T21:15:00+00:00,2026-03-07 16:33:12
gld_holdings_flow_confirm,2023-12-11,24949755.0,0,yahoo_gld_proxy,2023-12-11T21:15:00+00:00,2026-03-07 16:33:12
gld_holdings_flow_confirm,2023-12-12,24949755.0,0,yahoo_gld_proxy,2023-12-12T21:15:00+00:00,2026-03-07 16:33:12
gld_holdings_flow_confirm,2023-12-13,24949755.0,0,yahoo_gld_proxy,2023-12-13T21:15:00+00:00,2026-03-07 16:33:12
gld_holdings_flow_confirm,2023-12-14,24949755.0,0,yahoo_gld_proxy,2023-12-14T21:15:00+00:00,2026-03-07 16:33:12
gld_holdings_flow_confirm,2023-12-15,24949755.0,0,yahoo_gld_proxy,2023-12-15T21:15:00+00:00,2026-03-07 16:33:12
gld_holdings_flow_confirm,2023-12-18,24949755.0,0,yahoo_gld_proxy,2023-12-18T21:15:00+00:00,2026-03-07 16:33:12
gld_holdings_flow_confirm,2023-12-19,24949755.0,0,yahoo_gld_proxy,2023-12-19T21:15:00+00:00,2026-03-07 16:33:12
gld_holdings_flow_confirm,2023-12-20,24949755.0,0,yahoo_gld_proxy,2023-12-20T21:15:00+00:00,2026-03-07 16:33:12
gld_holdings_flow_confirm,2023-12-21,24949755.0,0,yahoo_gld_proxy,2023-12-21T21:15:00+00:00,2026-03-07 16:33:12
gld_holdings_flow_confirm,2023-12-22,24949755.0,0,yahoo_gld_proxy,2023-12-22T21:15:00+00:00,2026-03-07 16:33:12
gld_holdings_flow_confirm,2023-12-26,24949755.0,0,yahoo_gld_proxy,2023-12-26T21:15:00+00:00,2026-03-07 16:33:12
gld_holdings_flow_confirm,2023-12-27,24949755.0,0,yahoo_gld_proxy,2023-12-27T21:15:00+00:00,2026-03-07 16:33:12
gld_holdings_flow_confirm,2023-12-28,24949755.0,0,yahoo_gld_proxy,2023-12-28T21:15:00+00:00,2026-03-07 16:33:12
gld_holdings_flow_confirm,2023-12-29,24949755.0,0,yahoo_gld_proxy,2023-12-29T21:15:00+00:00,2026-03-07 16:33:12
gld_holdings_flow_confirm,2024-01-02,24949755.0,0,yahoo_gld_proxy,2024-01-02T21:15:00+00:00,2026-03-07 16:33:12
gld_holdings_flow_confirm,2024-01-03,24949755.0,0,yahoo_gld_proxy,2024-01-03T21:15:00+00:00,2026-03-07 16:33:12
gld_holdings_flow_confirm,2024-01-04,24949755.0,0,yahoo_gld_proxy,2024-01-04T21:15:00+00:00,2026-03-07 16:33:12
gld_holdings_flow_confirm,2024-01-05,24949755.0,0,yahoo_gld_proxy,2024-01-05T21:15:00+00:00,2026-03-07 16:33:12
gld_holdings_flow_confirm,2024-01-08,24949755.0,0,yahoo_gld_proxy,2024-01-08T21:15:00+00:00,2026-03-07 16:33:12
gld_holdings_flow_confirm,2024-01-09,24949755.0,0,yahoo_gld_proxy,2024-01-09T21:15:00+00:00,2026-03-07 16:33:12
gld_holdings_flow_confirm,2024-01-10,24949755.0,0,yahoo_gld_proxy,2024-01-10T21:15:00+00:00,2026-03-07 16:33:12
gld_holdings_flow_confirm,2024-01-11,24949755.0,0,yahoo_gld_proxy,2024-01-11T21:15:00+00:00,2026-03-07 16:33:12
gld_holdings_flow_confirm,2024-01-12,24949755.0,0,yahoo_gld_proxy,2024-01-12T21:15:00+00:00,2026-03-07 16:33:12
gld_holdings_flow_confirm,2024-01-16,24949755.0,0,yahoo_gld_proxy,2024-01-16T21:15:00+00:00,2026-03-07 16:33:12
gld_holdings_flow_confirm,2024-01-17,24949755.0,0,yahoo_gld_proxy,2024-01-17T21:15:00+00:00,2026-03-07 16:33:12
gld_holdings_flow_confirm,2024-01-18,24949755.0,0,yahoo_gld_proxy,2024-01-18T21:15:00+00:00,2026-03-07 16:33:12
gld_holdings_flow_confirm,2024-01-19,24949755.0,0,yahoo_gld_proxy,2024-01-19T21:15:00+00:00,2026-03-07 16:33:12
gld_holdings_flow_confirm,2024-01-22,24949755.0,0,yahoo_gld_proxy,2024-01-22T21:15:00+00:00,2026-03-07 16:33:12
gld_holdings_flow_confirm,2024-01-23,24949755.0,0,yahoo_gld_proxy,2024-01-23T21:15:00+00:00,2026-03-07 16:33:12
gld_holdings_flow_confirm,2024-01-24,24949755.0,0,yahoo_gld_proxy,2024-01-24T21:15:00+00:00,2026-03-07 16:33:12
gld_holdings_flow_confirm,2024-01-25,24949755.0,0,yahoo_gld_proxy,2024-01-25T21:15:00+00:00,2026-03-07 16:33:12
gld_holdings_flow_confirm,2024-01-26,24949755.0,0,yahoo_gld_proxy,2024-01-26T21:15:00+00:00,2026-03-07 16:33:12
gld_holdings_flow_confirm,2024-01-29,24949755.0,0,yahoo_gld_proxy,2024-01-29T21:15:00+00:00,2026-03-07 16:33:12
gld_holdings_flow_confirm,2024-01-30,24949755.0,0,yahoo_gld_proxy,2024-01-30T21:15:00+00:00,2026-03-07 16:33:12
gld_holdings_flow_confirm,2024-01-31,24949755.0,0,yahoo_gld_proxy,2024-01-31T21:15:00+00:00,2026-03-07 16:33:12
gld_holdings_flow_confirm,2024-02-01,24949755.0,0,yahoo_gld_proxy,2024-02-01T21:15:00+00:00,2026-03-07 16:33:12
gld_holdings_flow_confirm,2024-02-02,24949755.0,0,yahoo_gld_proxy,2024-02-02T21:15:00+00:00,2026-03-07 16:33:12
gld_holdings_flow_confirm,2024-02-05,24949755.0,0,yahoo_gld_proxy,2024-02-05T21:15:00+00:00,2026-03-07 16:33:12
gld_holdings_flow_confirm,2024-02-06,24949755.0,0,yahoo_gld_proxy,2024-02-06T21:15:00+00:00,2026-03-07 16:33:12
gld_holdings_flow_confirm,2024-02-07,24949755.0,0,yahoo_gld_proxy,2024-02-07T21:15:00+00:00,2026-03-07 16:33:12
gld_holdings_flow_confirm,2024-02-08,24949755.0,0,yahoo_gld_proxy,2024-02-08T21:15:00+00:00,2026-03-07 16:33:12
gld_holdings_flow_confirm,2024-02-09,24949755.0,0,yahoo_gld_proxy,2024-02-09T21:15:00+00:00,2026-03-07 16:33:12
gld_holdings_flow_confirm,2024-02-12,24949755.0,0,yahoo_gld_proxy,2024-02-12T21:15:00+00:00,2026-03-07 16:33:12
gld_holdings_flow_confirm,2024-02-13,24949755.0,0,yahoo_gld_proxy,2024-02-13T21:15:00+00:00,2026-03-07 16:33:12
gld_holdings_flow_confirm,2024-02-14,24949755.0,0,yahoo_gld_proxy,2024-02-14T21:15:00+00:00,2026-03-07 16:33:12
gld_holdings_flow_confirm,2024-02-15,24949755.0,0,yahoo_gld_proxy,2024-02-15T21:15:00+00:00,2026-03-07 16:33:12
gld_holdings_flow_confirm,2024-02-16,24949755.0,0,yahoo_gld_proxy,2024-02-16T21:15:00+00:00,2026-03-07 16:33:12
gld_holdings_flow_confirm,2024-02-20,24949755.0,0,yahoo_gld_proxy,2024-02-20T21:15:00+00:00,2026-03-07 16:33:12
gld_holdings_flow_confirm,2024-02-21,24949755.0,0,yahoo_gld_proxy,2024-02-21T21:15:00+00:00,2026-03-07 16:33:12
gld_holdings_flow_confirm,2024-02-22,24949755.0,0,yahoo_gld_proxy,2024-02-22T21:15:00+00:00,2026-03-07 16:33:12
gld_holdings_flow_confirm,2024-02-23,24949755.0,0,yahoo_gld_proxy,2024-02-23T21:15:00+00:00,2026-03-07 16:33:12
gld_holdings_flow_confirm,2024-02-26,24949755.0,0,yahoo_gld_proxy,2024-02-26T21:15:00+00:00,2026-03-07 16:33:12
gld_holdings_flow_confirm,2024-02-27,24949755.0,0,yahoo_gld_proxy,2024-02-27T21:15:00+00:00,2026-03-07 16:33:12
gld_holdings_flow_confirm,2024-02-28,24949755.0,0,yahoo_gld_proxy,2024-02-28T21:15:00+00:00,2026-03-07 16:33:12
gld_holdings_flow_confirm,2024-02-29,24949755.0,0,yahoo_gld_proxy,2024-02-29T21:15:00+00:00,2026-03-07 16:33:12
gld_holdings_flow_confirm,2024-03-01,24949755.0,0,yahoo_gld_proxy,2024-03-01T21:15:00+00:00,2026-03-07 16:33:12
gld_holdings_flow_confirm,2024-03-04,24949755.0,0,yahoo_gld_proxy,2024-03-04T21:15:00+00:00,2026-03-07 16:33:12
gld_holdings_flow_confirm,2024-03-05,24949755.0,0,yahoo_gld_proxy,2024-03-05T21:15:00+00:00,2026-03-07 16:33:12
gld_holdings_flow_confirm,2024-03-06,24949755.0,0,yahoo_gld_proxy,2024-03-06T21:15:00+00:00,2026-03-07 16:33:12
gld_holdings_flow_confirm,2024-03-07,24949755.0,0,yahoo_gld_proxy,2024-03-07T21:15:00+00:00,2026-03-07 16:33:12
gld_holdings_flow_confirm,2024-03-08,24949755.0,0,yahoo_gld_proxy,2024-03-08T21:15:00+00:00,2026-03-07 16:33:12
gld_holdings_flow_confirm,2024-03-11,24949755.0,0,yahoo_gld_proxy,2024-03-11T21:15:00+00:00,2026-03-07 16:33:12
gld_holdings_flow_confirm,2024-03-12,24949755.0,0,yahoo_gld_proxy,2024-03-12T21:15:00+00:00,2026-03-07 16:33:12
gld_holdings_flow_confirm,2024-03-13,24949755.0,0,yahoo_gld_proxy,2024-03-13T21:15:00+00:00,2026-03-07 16:33:12
gld_holdings_flow_confirm,2024-03-14,24949755.0,0,yahoo_gld_proxy,2024-03-14T21:15:00+00:00,2026-03-07 16:33:12
gld_holdings_flow_confirm,2024-03-15,24949755.0,0,yahoo_gld_proxy,2024-03-15T21:15:00+00:00,2026-03-07 16:33:12
gld_holdings_flow_confirm,2024-03-18,24949755.0,0,yahoo_gld_proxy,2024-03-18T21:15:00+00:00,2026-03-07 16:33:12
gld_holdings_flow_confirm,2024-03-19,24949755.0,0,yahoo_gld_proxy,2024-03-19T21:15:00+00:00,2026-03-07 16:33:12
gld_holdings_flow_confirm,2024-03-20,24949755.0,0,yahoo_gld_proxy,2024-03-20T21:15:00+00:00,2026-03-07 16:33:12
gld_holdings_flow_confirm,2024-03-21,24949755.0,0,yahoo_gld_proxy,2024-03-21T21:15:00+00:00,2026-03-07 16:33:12
gld_holdings_flow_confirm,2024-03-22,24949755.0,0,yahoo_gld_proxy,2024-03-22T21:15:00+00:00,2026-03-07 16:33:12
gld_holdings_flow_confirm,2024-03-25,24949755.0,0,yahoo_gld_proxy,2024-03-25T21:15:00+00:00,2026-03-07 16:33:12
gld_holdings_flow_confirm,2024-03-26,24949755.0,0,yahoo_gld_proxy,2024-03-26T21:15:00+00:00,2026-03-07 16:33:12
gld_holdings_flow_confirm,2024-03-27,24949755.0,0,yahoo_gld_proxy,2024-03-27T21:15:00+00:00,2026-03-07 16:33:12
gld_holdings_flow_confirm,2024-03-28,24949755.0,0,yahoo_gld_proxy,2024-03-28T21:15:00+00:00,2026-03-07 16:33:12
gld_holdings_flow_confirm,2024-04-01,24949755.0,0,yahoo_gld_proxy,2024-04-01T21:15:00+00:00,2026-03-07 16:33:12
gld_holdings_flow_confirm,2024-04-02,24949755.0,0,yahoo_gld_proxy,2024-04-02T21:15:00+00:00,2026-03-07 16:33:12
gld_holdings_flow_confirm,2024-04-03,24949755.0,0,yahoo_gld_proxy,2024-04-03T21:15:00+00:00,2026-03-07 16:33:12
gld_holdings_flow_confirm,2024-04-04,24949755.0,0,yahoo_gld_proxy,2024-04-04T21:15:00+00:00,2026-03-07 16:33:12
gld_holdings_flow_confirm,2024-04-05,24949755.0,0,yahoo_gld_proxy,2024-04-05T21:15:00+00:00,2026-03-07 16:33:12
gld_holdings_flow_confirm,2024-04-08,24949755.0,0,yahoo_gld_proxy,2024-04-08T21:15:00+00:00,2026-03-07 16:33:12
gld_holdings_flow_confirm,2024-04-09,24949755.0,0,yahoo_gld_proxy,2024-04-09T21:15:00+00:00,2026-03-07 16:33:12
gld_holdings_flow_confirm,2024-04-10,24949755.0,0,yahoo_gld_proxy,2024-04-10T21:15:00+00:00,2026-03-07 16:33:12
gld_holdings_flow_confirm,2024-04-11,24949755.0,0,yahoo_gld_proxy,2024-04-11T21:15:00+00:00,2026-03-07 16:33:12
gld_holdings_flow_confirm,2024-04-12,24949755.0,0,yahoo_gld_proxy,2024-04-12T21:15:00+00:00,2026-03-07 16:33:12
gld_holdings_flow_confirm,2024-04-15,24949755.0,0,yahoo_gld_proxy,2024-04-15T21:15:00+00:00,2026-03-07 16:33:12
gld_holdings_flow_confirm,2024-04-16,24949755.0,0,yahoo_gld_proxy,2024-04-16T21:15:00+00:00,2026-03-07 16:33:12
gld_holdings_flow_confirm,2024-04-17,24949755.0,0,yahoo_gld_proxy,2024-04-17T21:15:00+00:00,2026-03-07 16:33:12
gld_holdings_flow_confirm,2024-04-18,24949755.0,0,yahoo_gld_proxy,2024-04-18T21:15:00+00:00,2026-03-07 16:33:12
gld_holdings_flow_confirm,2024-04-19,24949755.0,0,yahoo_gld_proxy,2024-04-19T21:15:00+00:00,2026-03-07 16:33:12
gld_holdings_flow_confirm,2024-04-22,24949755.0,0,yahoo_gld_proxy,2024-04-22T21:15:00+00:00,2026-03-07 16:33:12
gld_holdings_flow_confirm,2024-04-23,24949755.0,0,yahoo_gld_proxy,2024-04-23T21:15:00+00:00,2026-03-07 16:33:12
gld_holdings_flow_confirm,2024-04-24,24949755.0,0,yahoo_gld_proxy,2024-04-24T21:15:00+00:00,2026-03-07 16:33:12
gld_holdings_flow_confirm,2024-04-25,24949755.0,0,yahoo_gld_proxy,2024-04-25T21:15:00+00:00,2026-03-07 16:33:12
gld_holdings_flow_confirm,2024-04-26,24949755.0,0,yahoo_gld_proxy,2024-04-26T21:15:00+00:00,2026-03-07 16:33:12
gld_holdings_flow_confirm,2024-04-29,24949755.0,0,yahoo_gld_proxy,2024-04-29T21:15:00+00:00,2026-03-07 16:33:12
gld_holdings_flow_confirm,2024-04-30,24949755.0,0,yahoo_gld_proxy,2024-04-30T21:15:00+00:00,2026-03-07 16:33:12
gld_holdings_flow_confirm,2024-05-01,24949755.0,0,yahoo_gld_proxy,2024-05-01T21:15:00+00:00,2026-03-07 16:33:12
gld_holdings_flow_confirm,2024-05-02,24949755.0,0,yahoo_gld_proxy,2024-05-02T21:15:00+00:00,2026-03-07 16:33:12
gld_holdings_flow_confirm,2024-05-03,24949755.0,0,yahoo_gld_proxy,2024-05-03T21:15:00+00:00,2026-03-07 16:33:12
gld_holdings_flow_confirm,2024-05-06,24949755.0,0,yahoo_gld_proxy,2024-05-06T21:15:00+00:00,2026-03-07 16:33:12
gld_holdings_flow_confirm,2024-05-07,24949755.0,0,yahoo_gld_proxy,2024-05-07T21:15:00+00:00,2026-03-07 16:33:12
gld_holdings_flow_confirm,2024-05-08,24949755.0,0,yahoo_gld_proxy,2024-05-08T21:15:00+00:00,2026-03-07 16:33:12
gld_holdings_flow_confirm,2024-05-09,24949755.0,0,yahoo_gld_proxy,2024-05-09T21:15:00+00:00,2026-03-07 16:33:12
gld_holdings_flow_confirm,2024-05-10,24949755.0,0,yahoo_gld_proxy,2024-05-10T21:15:00+00:00,2026-03-07 16:33:12
gld_holdings_flow_confirm,2024-05-13,24949755.0,0,yahoo_gld_proxy,2024-05-13T21:15:00+00:00,2026-03-07 16:33:12
gld_holdings_flow_confirm,2024-05-14,24949755.0,0,yahoo_gld_proxy,2024-05-14T21:15:00+00:00,2026-03-07 16:33:12
gld_holdings_flow_confirm,2024-05-15,24949755.0,0,yahoo_gld_proxy,2024-05-15T21:15:00+00:00,2026-03-07 16:33:12
gld_holdings_flow_confirm,2024-05-16,24949755.0,0,yahoo_gld_proxy,2024-05-16T21:15:00+00:00,2026-03-07 16:33:12
gld_holdings_flow_confirm,2024-05-17,24949755.0,0,yahoo_gld_proxy,2024-05-17T21:15:00+00:00,2026-03-07 16:33:12
gld_holdings_flow_confirm,2024-05-20,24949755.0,0,yahoo_gld_proxy,2024-05-20T21:15:00+00:00,2026-03-07 16:33:12
gld_holdings_flow_confirm,2024-05-21,24949755.0,0,yahoo_gld_proxy,2024-05-21T21:15:00+00:00,2026-03-07 16:33:12
gld_holdings_flow_confirm,2024-05-22,24949755.0,0,yahoo_gld_proxy,2024-05-22T21:15:00+00:00,2026-03-07 16:33:12
gld_holdings_flow_confirm,2024-05-23,24949755.0,0,yahoo_gld_proxy,2024-05-23T21:15:00+00:00,2026-03-07 16:33:12
gld_holdings_flow_confirm,2024-05-24,24949755.0,0,yahoo_gld_proxy,2024-05-24T21:15:00+00:00,2026-03-07 16:33:12
gld_holdings_flow_confirm,2024-05-28,24949755.0,0,yahoo_gld_proxy,2024-05-28T21:15:00+00:00,2026-03-07 16:33:12
gld_holdings_flow_confirm,2024-05-29,24949755.0,0,yahoo_gld_proxy,2024-05-29T21:15:00+00:00,2026-03-07 16:33:12
gld_holdings_flow_confirm,2024-05-30,24949755.0,0,yahoo_gld_proxy,2024-05-30T21:15:00+00:00,2026-03-07 16:33:12
gld_holdings_flow_confirm,2024-05-31,24949755.0,0,yahoo_gld_proxy,2024-05-31T21:15:00+00:00,2026-03-07 16:33:12
gld_holdings_flow_confirm,2024-06-03,24949755.0,0,yahoo_gld_proxy,2024-06-03T21:15:00+00:00,2026-03-07 16:33:12
gld_holdings_flow_confirm,2024-06-04,24949755.0,0,yahoo_gld_proxy,2024-06-04T21:15:00+00:00,2026-03-07 16:33:12
gld_holdings_flow_confirm,2024-06-05,24949755.0,0,yahoo_gld_proxy,2024-06-05T21:15:00+00:00,2026-03-07 16:33:12
gld_holdings_flow_confirm,2024-06-06,24949755.0,0,yahoo_gld_proxy,2024-06-06T21:15:00+00:00,2026-03-07 16:33:12
gld_holdings_flow_confirm,2024-06-07,24949755.0,0,yahoo_gld_proxy,2024-06-07T21:15:00+00:00,2026-03-07 16:33:12
gld_holdings_flow_confirm,2024-06-10,24949755.0,0,yahoo_gld_proxy,2024-06-10T21:15:00+00:00,2026-03-07 16:33:12
gld_holdings_flow_confirm,2024-06-11,24949755.0,0,yahoo_gld_proxy,2024-06-11T21:15:00+00:00,2026-03-07 16:33:12
gld_holdings_flow_confirm,2024-06-12,24949755.0,0,yahoo_gld_proxy,2024-06-12T21:15:00+00:00,2026-03-07 16:33:12
gld_holdings_flow_confirm,2024-06-13,24949755.0,0,yahoo_gld_proxy,2024-06-13T21:15:00+00:00,2026-03-07 16:33:12
gld_holdings_flow_confirm,2024-06-14,24949755.0,0,yahoo_gld_proxy,2024-06-14T21:15:00+00:00,2026-03-07 16:33:12
gld_holdings_flow_confirm,2024-06-17,24949755.0,0,yahoo_gld_proxy,2024-06-17T21:15:00+00:00,2026-03-07 16:33:12
gld_holdings_flow_confirm,2024-06-18,24949755.0,0,yahoo_gld_proxy,2024-06-18T21:15:00+00:00,2026-03-07 16:33:12
gld_holdings_flow_confirm,2024-06-20,24949755.0,0,yahoo_gld_proxy,2024-06-20T21:15:00+00:00,2026-03-07 16:33:12
gld_holdings_flow_confirm,2024-06-21,24949755.0,0,yahoo_gld_proxy,2024-06-21T21:15:00+00:00,2026-03-07 16:33:12
gld_holdings_flow_confirm,2024-06-24,24949755.0,0,yahoo_gld_proxy,2024-06-24T21:15:00+00:00,2026-03-07 16:33:12
gld_holdings_flow_confirm,2024-06-25,24949755.0,0,yahoo_gld_proxy,2024-06-25T21:15:00+00:00,2026-03-07 16:33:12
gld_holdings_flow_confirm,2024-06-26,24949755.0,0,yahoo_gld_proxy,2024-06-26T21:15:00+00:00,2026-03-07 16:33:12
gld_holdings_flow_confirm,2024-06-27,24949755.0,0,yahoo_gld_proxy,2024-06-27T21:15:00+00:00,2026-03-07 16:33:12
gld_holdings_flow_confirm,2024-06-28,24949755.0,0,yahoo_gld_proxy,2024-06-28T21:15:00+00:00,2026-03-07 16:33:12
gld_holdings_flow_confirm,2024-07-01,24949755.0,0,yahoo_gld_proxy,2024-07-01T21:15:00+00:00,2026-03-07 16:33:12
gld_holdings_flow_confirm,2024-07-02,24949755.0,0,yahoo_gld_proxy,2024-07-02T21:15:00+00:00,2026-03-07 16:33:12
gld_holdings_flow_confirm,2024-07-03,24949755.0,0,yahoo_gld_proxy,2024-07-03T21:15:00+00:00,2026-03-07 16:33:12
gld_holdings_flow_confirm,2024-07-05,24949755.0,0,yahoo_gld_proxy,2024-07-05T21:15:00+00:00,2026-03-07 16:33:12
gld_holdings_flow_confirm,2024-07-08,24949755.0,0,yahoo_gld_proxy,2024-07-08T21:15:00+00:00,2026-03-07 16:33:12
gld_holdings_flow_confirm,2024-07-09,24949755.0,0,yahoo_gld_proxy,2024-07-09T21:15:00+00:00,2026-03-07 16:33:12
gld_holdings_flow_confirm,2024-07-10,24949755.0,0,yahoo_gld_proxy,2024-07-10T21:15:00+00:00,2026-03-07 16:33:12
gld_holdings_flow_confirm,2024-07-11,24949755.0,0,yahoo_gld_proxy,2024-07-11T21:15:00+00:00,2026-03-07 16:33:12
gld_holdings_flow_confirm,2024-07-12,24949755.0,0,yahoo_gld_proxy,2024-07-12T21:15:00+00:00,2026-03-07 16:33:12
gld_holdings_flow_confirm,2024-07-15,24949755.0,0,yahoo_gld_proxy,2024-07-15T21:15:00+00:00,2026-03-07 16:33:12
gld_holdings_flow_confirm,2024-07-16,24949755.0,0,yahoo_gld_proxy,2024-07-16T21:15:00+00:00,2026-03-07 16:33:12
gld_holdings_flow_confirm,2024-07-17,24949755.0,0,yahoo_gld_proxy,2024-07-17T21:15:00+00:00,2026-03-07 16:33:12
gld_holdings_flow_confirm,2024-07-18,24949755.0,0,yahoo_gld_proxy,2024-07-18T21:15:00+00:00,2026-03-07 16:33:12
gld_holdings_flow_confirm,2024-07-19,24949755.0,0,yahoo_gld_proxy,2024-07-19T21:15:00+00:00,2026-03-07 16:33:12
gld_holdings_flow_confirm,2024-07-22,24949755.0,0,yahoo_gld_proxy,2024-07-22T21:15:00+00:00,2026-03-07 16:33:12
gld_holdings_flow_confirm,2024-07-23,24949755.0,0,yahoo_gld_proxy,2024-07-23T21:15:00+00:00,2026-03-07 16:33:12
gld_holdings_flow_confirm,2024-07-24,24949755.0,0,yahoo_gld_proxy,2024-07-24T21:15:00+00:00,2026-03-07 16:33:12
gld_holdings_flow_confirm,2024-07-25,24949755.0,0,yahoo_gld_proxy,2024-07-25T21:15:00+00:00,2026-03-07 16:33:12
gld_holdings_flow_confirm,2024-07-26,24949755.0,0,yahoo_gld_proxy,2024-07-26T21:15:00+00:00,2026-03-07 16:33:12
gld_holdings_flow_confirm,2024-07-29,24949755.0,0,yahoo_gld_proxy,2024-07-29T21:15:00+00:00,2026-03-07 16:33:12
gld_holdings_flow_confirm,2024-07-30,24949755.0,0,yahoo_gld_proxy,2024-07-30T21:15:00+00:00,2026-03-07 16:33:12
gld_holdings_flow_confirm,2024-07-31,24949755.0,0,yahoo_gld_proxy,2024-07-31T21:15:00+00:00,2026-03-07 16:33:12
gld_holdings_flow_confirm,2024-08-01,24949755.0,0,yahoo_gld_proxy,2024-08-01T21:15:00+00:00,2026-03-07 16:33:12
gld_holdings_flow_confirm,2024-08-02,24949755.0,0,yahoo_gld_proxy,2024-08-02T21:15:00+00:00,2026-03-07 16:33:12
gld_holdings_flow_confirm,2024-08-05,24949755.0,0,yahoo_gld_proxy,2024-08-05T21:15:00+00:00,2026-03-07 16:33:12
gld_holdings_flow_confirm,2024-08-06,24949755.0,0,yahoo_gld_proxy,2024-08-06T21:15:00+00:00,2026-03-07 16:33:12
gld_holdings_flow_confirm,2024-08-07,24949755.0,0,yahoo_gld_proxy,2024-08-07T21:15:00+00:00,2026-03-07 16:33:12
gld_holdings_flow_confirm,2024-08-08,24949755.0,0,yahoo_gld_proxy,2024-08-08T21:15:00+00:00,2026-03-07 16:33:12
gld_holdings_flow_confirm,2024-08-09,24949755.0,0,yahoo_gld_proxy,2024-08-09T21:15:00+00:00,2026-03-07 16:33:12
gld_holdings_flow_confirm,2024-08-12,24949755.0,0,yahoo_gld_proxy,2024-08-12T21:15:00+00:00,2026-03-07 16:33:12
gld_holdings_flow_confirm,2024-08-13,24949755.0,0,yahoo_gld_proxy,2024-08-13T21:15:00+00:00,2026-03-07 16:33:12
gld_holdings_flow_confirm,2024-08-14,24949755.0,0,yahoo_gld_proxy,2024-08-14T21:15:00+00:00,2026-03-07 16:33:12
gld_holdings_flow_confirm,2024-08-15,24949755.0,0,yahoo_gld_proxy,2024-08-15T21:15:00+00:00,2026-03-07 16:33:12
gld_holdings_flow_confirm,2024-08-16,24949755.0,0,yahoo_gld_proxy,2024-08-16T21:15:00+00:00,2026-03-07 16:33:12
gld_holdings_flow_confirm,2024-08-19,24949755.0,0,yahoo_gld_proxy,2024-08-19T21:15:00+00:00,2026-03-07 16:33:12
gld_holdings_flow_confirm,2024-08-20,24949755.0,0,yahoo_gld_proxy,2024-08-20T21:15:00+00:00,2026-03-07 16:33:12
gld_holdings_flow_confirm,2024-08-21,24949755.0,0,yahoo_gld_proxy,2024-08-21T21:15:00+00:00,2026-03-07 16:33:12
gld_holdings_flow_confirm,2024-08-22,24949755.0,0,yahoo_gld_proxy,2024-08-22T21:15:00+00:00,2026-03-07 16:33:12
gld_holdings_flow_confirm,2024-08-23,24949755.0,0,yahoo_gld_proxy,2024-08-23T21:15:00+00:00,2026-03-07 16:33:12
gld_holdings_flow_confirm,2024-08-26,24949755.0,0,yahoo_gld_proxy,2024-08-26T21:15:00+00:00,2026-03-07 16:33:12
gld_holdings_flow_confirm,2024-08-27,24949755.0,0,yahoo_gld_proxy,2024-08-27T21:15:00+00:00,2026-03-07 16:33:12
gld_holdings_flow_confirm,2024-08-28,24949755.0,0,yahoo_gld_proxy,2024-08-28T21:15:00+00:00,2026-03-07 16:33:12
gld_holdings_flow_confirm,2024-08-29,24949755.0,0,yahoo_gld_proxy,2024-08-29T21:15:00+00:00,2026-03-07 16:33:12
gld_holdings_flow_confirm,2024-08-30,24949755.0,0,yahoo_gld_proxy,2024-08-30T21:15:00+00:00,2026-03-07 16:33:12
gld_holdings_flow_confirm,2024-09-03,24949755.0,0,yahoo_gld_proxy,2024-09-03T21:15:00+00:00,2026-03-07 16:33:12
gld_holdings_flow_confirm,2024-09-04,24949755.0,0,yahoo_gld_proxy,2024-09-04T21:15:00+00:00,2026-03-07 16:33:12
gld_holdings_flow_confirm,2024-09-05,24949755.0,0,yahoo_gld_proxy,2024-09-05T21:15:00+00:00,2026-03-07 16:33:12
gld_holdings_flow_confirm,2024-09-06,24949755.0,0,yahoo_gld_proxy,2024-09-06T21:15:00+00:00,2026-03-07 16:33:12
gld_holdings_flow_confirm,2024-09-09,24949755.0,0,yahoo_gld_proxy,2024-09-09T21:15:00+00:00,2026-03-07 16:33:12
gld_holdings_flow_confirm,2024-09-10,24949755.0,0,yahoo_gld_proxy,2024-09-10T21:15:00+00:00,2026-03-07 16:33:12
gld_holdings_flow_confirm,2024-09-11,24949755.0,0,yahoo_gld_proxy,2024-09-11T21:15:00+00:00,2026-03-07 16:33:12
gld_holdings_flow_confirm,2024-09-12,24949755.0,0,yahoo_gld_proxy,2024-09-12T21:15:00+00:00,2026-03-07 16:33:12
gld_holdings_flow_confirm,2024-09-13,24949755.0,0,yahoo_gld_proxy,2024-09-13T21:15:00+00:00,2026-03-07 16:33:12
gld_holdings_flow_confirm,2024-09-16,24949755.0,0,yahoo_gld_proxy,2024-09-16T21:15:00+00:00,2026-03-07 16:33:12
gld_holdings_flow_confirm,2024-09-17,24949755.0,0,yahoo_gld_proxy,2024-09-17T21:15:00+00:00,2026-03-07 16:33:12
gld_holdings_flow_confirm,2024-09-18,24949755.0,0,yahoo_gld_proxy,2024-09-18T21:15:00+00:00,2026-03-07 16:33:12
gld_holdings_flow_confirm,2024-09-19,24949755.0,0,yahoo_gld_proxy,2024-09-19T21:15:00+00:00,2026-03-07 16:33:12
gld_holdings_flow_confirm,2024-09-20,24949755.0,0,yahoo_gld_proxy,2024-09-20T21:15:00+00:00,2026-03-07 16:33:12
gld_holdings_flow_confirm,2024-09-23,24949755.0,0,yahoo_gld_proxy,2024-09-23T21:15:00+00:00,2026-03-07 16:33:12
gld_holdings_flow_confirm,2024-09-24,24949755.0,0,yahoo_gld_proxy,2024-09-24T21:15:00+00:00,2026-03-07 16:33:12
gld_holdings_flow_confirm,2024-09-25,24949755.0,0,yahoo_gld_proxy,2024-09-25T21:15:00+00:00,2026-03-07 16:33:12
gld_holdings_flow_confirm,2024-09-26,24949755.0,0,yahoo_gld_proxy,2024-09-26T21:15:00+00:00,2026-03-07 16:33:12
gld_holdings_flow_confirm,2024-09-27,24949755.0,0,yahoo_gld_proxy,2024-09-27T21:15:00+00:00,2026-03-07 16:33:12
gld_holdings_flow_confirm,2024-09-30,24949755.0,0,yahoo_gld_proxy,2024-09-30T21:15:00+00:00,2026-03-07 16:33:12
gld_holdings_flow_confirm,2024-10-01,24949755.0,0,yahoo_gld_proxy,2024-10-01T21:15:00+00:00,2026-03-07 16:33:12
gld_holdings_flow_confirm,2024-10-02,24949755.0,0,yahoo_gld_proxy,2024-10-02T21:15:00+00:00,2026-03-07 16:33:12
gld_holdings_flow_confirm,2024-10-03,24949755.0,0,yahoo_gld_proxy,2024-10-03T21:15:00+00:00,2026-03-07 16:33:12
gld_holdings_flow_confirm,2024-10-04,24949755.0,0,yahoo_gld_proxy,2024-10-04T21:15:00+00:00,2026-03-07 16:33:12
gld_holdings_flow_confirm,2024-10-07,24949755.0,0,yahoo_gld_proxy,2024-10-07T21:15:00+00:00,2026-03-07 16:33:12
gld_holdings_flow_confirm,2024-10-08,24949755.0,0,yahoo_gld_proxy,2024-10-08T21:15:00+00:00,2026-03-07 16:33:12
gld_holdings_flow_confirm,2024-10-09,24949755.0,0,yahoo_gld_proxy,2024-10-09T21:15:00+00:00,2026-03-07 16:33:12
gld_holdings_flow_confirm,2024-10-10,24949755.0,0,yahoo_gld_proxy,2024-10-10T21:15:00+00:00,2026-03-07 16:33:12
gld_holdings_flow_confirm,2024-10-11,24949755.0,0,yahoo_gld_proxy,2024-10-11T21:15:00+00:00,2026-03-07 16:33:12
gld_holdings_flow_confirm,2024-10-14,24949755.0,0,yahoo_gld_proxy,2024-10-14T21:15:00+00:00,2026-03-07 16:33:12
gld_holdings_flow_confirm,2024-10-15,24949755.0,0,yahoo_gld_proxy,2024-10-15T21:15:00+00:00,2026-03-07 16:33:12
gld_holdings_flow_confirm,2024-10-16,24949755.0,0,yahoo_gld_proxy,2024-10-16T21:15:00+00:00,2026-03-07 16:33:12
gld_holdings_flow_confirm,2024-10-17,24949755.0,0,yahoo_gld_proxy,2024-10-17T21:15:00+00:00,2026-03-07 16:33:12
gld_holdings_flow_confirm,2024-10-18,24949755.0,0,yahoo_gld_proxy,2024-10-18T21:15:00+00:00,2026-03-07 16:33:12
gld_holdings_flow_confirm,2024-10-21,24949755.0,0,yahoo_gld_proxy,2024-10-21T21:15:00+00:00,2026-03-07 16:33:12
gld_holdings_flow_confirm,2024-10-22,24949755.0,0,yahoo_gld_proxy,2024-10-22T21:15:00+00:00,2026-03-07 16:33:12
gld_holdings_flow_confirm,2024-10-23,24949755.0,0,yahoo_gld_proxy,2024-10-23T21:15:00+00:00,2026-03-07 16:33:12
gld_holdings_flow_confirm,2024-10-24,24949755.0,0,yahoo_gld_proxy,2024-10-24T21:15:00+00:00,2026-03-07 16:33:12
gld_holdings_flow_confirm,2024-10-25,24949755.0,0,yahoo_gld_proxy,2024-10-25T21:15:00+00:00,2026-03-07 16:33:12
gld_holdings_flow_confirm,2024-10-28,24949755.0,0,yahoo_gld_proxy,2024-10-28T21:15:00+00:00,2026-03-07 16:33:12
gld_holdings_flow_confirm,2024-10-29,24949755.0,0,yahoo_gld_proxy,2024-10-29T21:15:00+00:00,2026-03-07 16:33:12
gld_holdings_flow_confirm,2024-10-30,24949755.0,0,yahoo_gld_proxy,2024-10-30T21:15:00+00:00,2026-03-07 16:33:12
gld_holdings_flow_confirm,2024-10-31,24949755.0,0,yahoo_gld_proxy,2024-10-31T21:15:00+00:00,2026-03-07 16:33:12
gld_holdings_flow_confirm,2024-11-01,24949755.0,0,yahoo_gld_proxy,2024-11-01T21:15:00+00:00,2026-03-07 16:33:12
gld_holdings_flow_confirm,2024-11-04,24949755.0,0,yahoo_gld_proxy,2024-11-04T21:15:00+00:00,2026-03-07 16:33:12
gld_holdings_flow_confirm,2024-11-05,24949755.0,0,yahoo_gld_proxy,2024-11-05T21:15:00+00:00,2026-03-07 16:33:12
gld_holdings_flow_confirm,2024-11-06,24949755.0,0,yahoo_gld_proxy,2024-11-06T21:15:00+00:00,2026-03-07 16:33:12
gld_holdings_flow_confirm,2024-11-07,24949755.0,0,yahoo_gld_proxy,2024-11-07T21:15:00+00:00,2026-03-07 16:33:12
gld_holdings_flow_confirm,2024-11-08,24949755.0,0,yahoo_gld_proxy,2024-11-08T21:15:00+00:00,2026-03-07 16:33:12
gld_holdings_flow_confirm,2024-11-11,24949755.0,0,yahoo_gld_proxy,2024-11-11T21:15:00+00:00,2026-03-07 16:33:12
gld_holdings_flow_confirm,2024-11-12,24949755.0,0,yahoo_gld_proxy,2024-11-12T21:15:00+00:00,2026-03-07 16:33:12
gld_holdings_flow_confirm,2024-11-13,24949755.0,0,yahoo_gld_proxy,2024-11-13T21:15:00+00:00,2026-03-07 16:33:12
gld_holdings_flow_confirm,2024-11-14,24949755.0,0,yahoo_gld_proxy,2024-11-14T21:15:00+00:00,2026-03-07 16:33:12
gld_holdings_flow_confirm,2024-11-15,24949755.0,0,yahoo_gld_proxy,2024-11-15T21:15:00+00:00,2026-03-07 16:33:12
gld_holdings_flow_confirm,2024-11-18,24949755.0,0,yahoo_gld_proxy,2024-11-18T21:15:00+00:00,2026-03-07 16:33:12
gld_holdings_flow_confirm,2024-11-19,24949755.0,0,yahoo_gld_proxy,2024-11-19T21:15:00+00:00,2026-03-07 16:33:12
gld_holdings_flow_confirm,2024-11-20,24949755.0,0,yahoo_gld_proxy,2024-11-20T21:15:00+00:00,2026-03-07 16:33:12
gld_holdings_flow_confirm,2024-11-21,24949755.0,0,yahoo_gld_proxy,2024-11-21T21:15:00+00:00,2026-03-07 16:33:12
gld_holdings_flow_confirm,2024-11-22,24949755.0,0,yahoo_gld_proxy,2024-11-22T21:15:00+00:00,2026-03-07 16:33:12
gld_holdings_flow_confirm,2024-11-25,24949755.0,0,yahoo_gld_proxy,2024-11-25T21:15:00+00:00,2026-03-07 16:33:12
gld_holdings_flow_confirm,2024-11-26,24949755.0,0,yahoo_gld_proxy,2024-11-26T21:15:00+00:00,2026-03-07 16:33:12
gld_holdings_flow_confirm,2024-11-27,24949755.0,0,yahoo_gld_proxy,2024-11-27T21:15:00+00:00,2026-03-07 16:33:12
gld_holdings_flow_confirm,2024-11-29,24949755.0,0,yahoo_gld_proxy,2024-11-29T21:15:00+00:00,2026-03-07 16:33:12
gld_holdings_flow_confirm,2024-12-02,24949755.0,0,yahoo_gld_proxy,2024-12-02T21:15:00+00:00,2026-03-07 16:33:12
gld_holdings_flow_confirm,2024-12-03,24949755.0,0,yahoo_gld_proxy,2024-12-03T21:15:00+00:00,2026-03-07 16:33:12
gld_holdings_flow_confirm,2024-12-04,24949755.0,0,yahoo_gld_proxy,2024-12-04T21:15:00+00:00,2026-03-07 16:33:12
gld_holdings_flow_confirm,2024-12-05,24949755.0,0,yahoo_gld_proxy,2024-12-05T21:15:00+00:00,2026-03-07 16:33:12
gld_holdings_flow_confirm,2024-12-06,24949755.0,0,yahoo_gld_proxy,2024-12-06T21:15:00+00:00,2026-03-07 16:33:12
gld_holdings_flow_confirm,2024-12-09,24949755.0,0,yahoo_gld_proxy,2024-12-09T21:15:00+00:00,2026-03-07 16:33:12
gld_holdings_flow_confirm,2024-12-10,24949755.0,0,yahoo_gld_proxy,2024-12-10T21:15:00+00:00,2026-03-07 16:33:12
gld_holdings_flow_confirm,2024-12-11,24949755.0,0,yahoo_gld_proxy,2024-12-11T21:15:00+00:00,2026-03-07 16:33:12
gld_holdings_flow_confirm,2024-12-12,24949755.0,0,yahoo_gld_proxy,2024-12-12T21:15:00+00:00,2026-03-07 16:33:12
gld_holdings_flow_confirm,2024-12-13,24949755.0,0,yahoo_gld_proxy,2024-12-13T21:15:00+00:00,2026-03-07 16:33:12
gld_holdings_flow_confirm,2024-12-16,24949755.0,0,yahoo_gld_proxy,2024-12-16T21:15:00+00:00,2026-03-07 16:33:12
gld_holdings_flow_confirm,2024-12-17,24949755.0,0,yahoo_gld_proxy,2024-12-17T21:15:00+00:00,2026-03-07 16:33:12
gld_holdings_flow_confirm,2024-12-18,24949755.0,0,yahoo_gld_proxy,2024-12-18T21:15:00+00:00,2026-03-07 16:33:12
gld_holdings_flow_confirm,2024-12-19,24949755.0,0,yahoo_gld_proxy,2024-12-19T21:15:00+00:00,2026-03-07 16:33:12
gld_holdings_flow_confirm,2024-12-20,24949755.0,0,yahoo_gld_proxy,2024-12-20T21:15:00+00:00,2026-03-07 16:33:12
gld_holdings_flow_confirm,2024-12-23,24949755.0,0,yahoo_gld_proxy,2024-12-23T21:15:00+00:00,2026-03-07 16:33:12
gld_holdings_flow_confirm,2024-12-24,24949755.0,0,yahoo_gld_proxy,2024-12-24T21:15:00+00:00,2026-03-07 16:33:12
gld_holdings_flow_confirm,2024-12-26,24949755.0,0,yahoo_gld_proxy,2024-12-26T21:15:00+00:00,2026-03-07 16:33:12
gld_holdings_flow_confirm,2024-12-27,24949755.0,0,yahoo_gld_proxy,2024-12-27T21:15:00+00:00,2026-03-07 16:33:12
gld_holdings_flow_confirm,2024-12-30,24949755.0,0,yahoo_gld_proxy,2024-12-30T21:15:00+00:00,2026-03-07 16:33:12
gld_holdings_flow_confirm,2024-12-31,24949755.0,0,yahoo_gld_proxy,2024-12-31T21:15:00+00:00,2026-03-07 16:33:12
gld_holdings_flow_confirm,2025-01-02,24949755.0,0,yahoo_gld_proxy,2025-01-02T21:15:00+00:00,2026-03-07 16:33:12
gld_holdings_flow_confirm,2025-01-03,24949755.0,0,yahoo_gld_proxy,2025-01-03T21:15:00+00:00,2026-03-07 16:33:12
gld_holdings_flow_confirm,2025-01-06,24949755.0,0,yahoo_gld_proxy,2025-01-06T21:15:00+00:00,2026-03-07 16:33:12
gld_holdings_flow_confirm,2025-01-07,24949755.0,0,yahoo_gld_proxy,2025-01-07T21:15:00+00:00,2026-03-07 16:33:12
gld_holdings_flow_confirm,2025-01-08,24949755.0,0,yahoo_gld_proxy,2025-01-08T21:15:00+00:00,2026-03-07 16:33:12
gld_holdings_flow_confirm,2025-01-10,24949755.0,0,yahoo_gld_proxy,2025-01-10T21:15:00+00:00,2026-03-07 16:33:12
gld_holdings_flow_confirm,2025-01-13,24949755.0,0,yahoo_gld_proxy,2025-01-13T21:15:00+00:00,2026-03-07 16:33:12
gld_holdings_flow_confirm,2025-01-14,24949755.0,0,yahoo_gld_proxy,2025-01-14T21:15:00+00:00,2026-03-07 16:33:12
gld_holdings_flow_confirm,2025-01-15,24949755.0,0,yahoo_gld_proxy,2025-01-15T21:15:00+00:00,2026-03-07 16:33:12
gld_holdings_flow_confirm,2025-01-16,24949755.0,0,yahoo_gld_proxy,2025-01-16T21:15:00+00:00,2026-03-07 16:33:12
gld_holdings_flow_confirm,2025-01-17,24949755.0,0,yahoo_gld_proxy,2025-01-17T21:15:00+00:00,2026-03-07 16:33:12
gld_holdings_flow_confirm,2025-01-21,24949755.0,0,yahoo_gld_proxy,2025-01-21T21:15:00+00:00,2026-03-07 16:33:12
gld_holdings_flow_confirm,2025-01-22,24949755.0,0,yahoo_gld_proxy,2025-01-22T21:15:00+00:00,2026-03-07 16:33:12
gld_holdings_flow_confirm,2025-01-23,24949755.0,0,yahoo_gld_proxy,2025-01-23T21:15:00+00:00,2026-03-07 16:33:12
gld_holdings_flow_confirm,2025-01-24,24949755.0,0,yahoo_gld_proxy,2025-01-24T21:15:00+00:00,2026-03-07 16:33:12
gld_holdings_flow_confirm,2025-01-27,24949755.0,0,yahoo_gld_proxy,2025-01-27T21:15:00+00:00,2026-03-07 16:33:12
gld_holdings_flow_confirm,2025-01-28,24949755.0,0,yahoo_gld_proxy,2025-01-28T21:15:00+00:00,2026-03-07 16:33:12
gld_holdings_flow_confirm,2025-01-29,24949755.0,0,yahoo_gld_proxy,2025-01-29T21:15:00+00:00,2026-03-07 16:33:12
gld_holdings_flow_confirm,2025-01-30,24949755.0,0,yahoo_gld_proxy,2025-01-30T21:15:00+00:00,2026-03-07 16:33:12
gld_holdings_flow_confirm,2025-01-31,24949755.0,0,yahoo_gld_proxy,2025-01-31T21:15:00+00:00,2026-03-07 16:33:12
gld_holdings_flow_confirm,2025-02-03,24949755.0,0,yahoo_gld_proxy,2025-02-03T21:15:00+00:00,2026-03-07 16:33:12
gld_holdings_flow_confirm,2025-02-04,24949755.0,0,yahoo_gld_proxy,2025-02-04T21:15:00+00:00,2026-03-07 16:33:12
gld_holdings_flow_confirm,2025-02-05,24949755.0,0,yahoo_gld_proxy,2025-02-05T21:15:00+00:00,2026-03-07 16:33:12
gld_holdings_flow_confirm,2025-02-06,24949755.0,0,yahoo_gld_proxy,2025-02-06T21:15:00+00:00,2026-03-07 16:33:12
gld_holdings_flow_confirm,2025-02-07,24949755.0,0,yahoo_gld_proxy,2025-02-07T21:15:00+00:00,2026-03-07 16:33:12
gld_holdings_flow_confirm,2025-02-10,24949755.0,0,yahoo_gld_proxy,2025-02-10T21:15:00+00:00,2026-03-07 16:33:12
gld_holdings_flow_confirm,2025-02-11,24949755.0,0,yahoo_gld_proxy,2025-02-11T21:15:00+00:00,2026-03-07 16:33:12
gld_holdings_flow_confirm,2025-02-12,24949755.0,0,yahoo_gld_proxy,2025-02-12T21:15:00+00:00,2026-03-07 16:33:12
gld_holdings_flow_confirm,2025-02-13,24949755.0,0,yahoo_gld_proxy,2025-02-13T21:15:00+00:00,2026-03-07 16:33:12
gld_holdings_flow_confirm,2025-02-14,24949755.0,0,yahoo_gld_proxy,2025-02-14T21:15:00+00:00,2026-03-07 16:33:12
gld_holdings_flow_confirm,2025-02-18,24949755.0,0,yahoo_gld_proxy,2025-02-18T21:15:00+00:00,2026-03-07 16:33:12
gld_holdings_flow_confirm,2025-02-19,24949755.0,0,yahoo_gld_proxy,2025-02-19T21:15:00+00:00,2026-03-07 16:33:12
gld_holdings_flow_confirm,2025-02-20,24949755.0,0,yahoo_gld_proxy,2025-02-20T21:15:00+00:00,2026-03-07 16:33:12
gld_holdings_flow_confirm,2025-02-21,24949755.0,0,yahoo_gld_proxy,2025-02-21T21:15:00+00:00,2026-03-07 16:33:12
gld_holdings_flow_confirm,2025-02-24,24949755.0,0,yahoo_gld_proxy,2025-02-24T21:15:00+00:00,2026-03-07 16:33:12
gld_holdings_flow_confirm,2025-02-25,24949755.0,0,yahoo_gld_proxy,2025-02-25T21:15:00+00:00,2026-03-07 16:33:12
gld_holdings_flow_confirm,2025-02-26,24949755.0,0,yahoo_gld_proxy,2025-02-26T21:15:00+00:00,2026-03-07 16:33:12
gld_holdings_flow_confirm,2025-02-27,24949755.0,0,yahoo_gld_proxy,2025-02-27T21:15:00+00:00,2026-03-07 16:33:12
gld_holdings_flow_confirm,2025-02-28,24949755.0,0,yahoo_gld_proxy,2025-02-28T21:15:00+00:00,2026-03-07 16:33:12
gld_holdings_flow_confirm,2025-03-03,24949755.0,0,yahoo_gld_proxy,2025-03-03T21:15:00+00:00,2026-03-07 16:33:12
gld_holdings_flow_confirm,2025-03-04,24949755.0,0,yahoo_gld_proxy,2025-03-04T21:15:00+00:00,2026-03-07 16:33:12
gld_holdings_flow_confirm,2025-03-05,24949755.0,0,yahoo_gld_proxy,2025-03-05T21:15:00+00:00,2026-03-07 16:33:12
gld_holdings_flow_confirm,2025-03-06,24949755.0,0,yahoo_gld_proxy,2025-03-06T21:15:00+00:00,2026-03-07 16:33:12
gld_holdings_flow_confirm,2025-03-07,24949755.0,0,yahoo_gld_proxy,2025-03-07T21:15:00+00:00,2026-03-07 16:33:12
gld_holdings_flow_confirm,2025-03-10,24949755.0,0,yahoo_gld_proxy,2025-03-10T21:15:00+00:00,2026-03-07 16:33:12
gld_holdings_flow_confirm,2025-03-11,24949755.0,0,yahoo_gld_proxy,2025-03-11T21:15:00+00:00,2026-03-07 16:33:12
gld_holdings_flow_confirm,2025-03-12,24949755.0,0,yahoo_gld_proxy,2025-03-12T21:15:00+00:00,2026-03-07 16:33:12
gld_holdings_flow_confirm,2025-03-13,24949755.0,0,yahoo_gld_proxy,2025-03-13T21:15:00+00:00,2026-03-07 16:33:12
gld_holdings_flow_confirm,2025-03-14,24949755.0,0,yahoo_gld_proxy,2025-03-14T21:15:00+00:00,2026-03-07 16:33:12
gld_holdings_flow_confirm,2025-03-17,24949755.0,0,yahoo_gld_proxy,2025-03-17T21:15:00+00:00,2026-03-07 16:33:12
gld_holdings_flow_confirm,2025-03-18,24949755.0,0,yahoo_gld_proxy,2025-03-18T21:15:00+00:00,2026-03-07 16:33:12
gld_holdings_flow_confirm,2025-03-19,24949755.0,0,yahoo_gld_proxy,2025-03-19T21:15:00+00:00,2026-03-07 16:33:12
gld_holdings_flow_confirm,2025-03-20,24949755.0,0,yahoo_gld_proxy,2025-03-20T21:15:00+00:00,2026-03-07 16:33:12
gld_holdings_flow_confirm,2025-03-21,24949755.0,0,yahoo_gld_proxy,2025-03-21T21:15:00+00:00,2026-03-07 16:33:12
gld_holdings_flow_confirm,2025-03-24,24949755.0,0,yahoo_gld_proxy,2025-03-24T21:15:00+00:00,2026-03-07 16:33:12
gld_holdings_flow_confirm,2025-03-25,24949755.0,0,yahoo_gld_proxy,2025-03-25T21:15:00+00:00,2026-03-07 16:33:12
gld_holdings_flow_confirm,2025-03-26,24949755.0,0,yahoo_gld_proxy,2025-03-26T21:15:00+00:00,2026-03-07 16:33:12
gld_holdings_flow_confirm,2025-03-27,24949755.0,0,yahoo_gld_proxy,2025-03-27T21:15:00+00:00,2026-03-07 16:33:12
gld_holdings_flow_confirm,2025-03-28,24949755.0,0,yahoo_gld_proxy,2025-03-28T21:15:00+00:00,2026-03-07 16:33:12
gld_holdings_flow_confirm,2025-03-31,24949755.0,0,yahoo_gld_proxy,2025-03-31T21:15:00+00:00,2026-03-07 16:33:12
gld_holdings_flow_confirm,2025-04-01,24949755.0,0,yahoo_gld_proxy,2025-04-01T21:15:00+00:00,2026-03-07 16:33:12
gld_holdings_flow_confirm,2025-04-02,24949755.0,0,yahoo_gld_proxy,2025-04-02T21:15:00+00:00,2026-03-07 16:33:12
gld_holdings_flow_confirm,2025-04-03,24949755.0,0,yahoo_gld_proxy,2025-04-03T21:15:00+00:00,2026-03-07 16:33:12
gld_holdings_flow_confirm,2025-04-04,24949755.0,0,yahoo_gld_proxy,2025-04-04T21:15:00+00:00,2026-03-07 16:33:12
gld_holdings_flow_confirm,2025-04-07,24949755.0,0,yahoo_gld_proxy,2025-04-07T21:15:00+00:00,2026-03-07 16:33:12
gld_holdings_flow_confirm,2025-04-08,24949755.0,0,yahoo_gld_proxy,2025-04-08T21:15:00+00:00,2026-03-07 16:33:12
gld_holdings_flow_confirm,2025-04-09,24949755.0,0,yahoo_gld_proxy,2025-04-09T21:15:00+00:00,2026-03-07 16:33:12
gld_holdings_flow_confirm,2025-04-10,24949755.0,0,yahoo_gld_proxy,2025-04-10T21:15:00+00:00,2026-03-07 16:33:12
gld_holdings_flow_confirm,2025-04-11,24949755.0,0,yahoo_gld_proxy,2025-04-11T21:15:00+00:00,2026-03-07 16:33:12
gld_holdings_flow_confirm,2025-04-14,24949755.0,0,yahoo_gld_proxy,2025-04-14T21:15:00+00:00,2026-03-07 16:33:12
gld_holdings_flow_confirm,2025-04-15,24949755.0,0,yahoo_gld_proxy,2025-04-15T21:15:00+00:00,2026-03-07 16:33:12
gld_holdings_flow_confirm,2025-04-16,24949755.0,0,yahoo_gld_proxy,2025-04-16T21:15:00+00:00,2026-03-07 16:33:12
gld_holdings_flow_confirm,2025-04-17,24949755.0,0,yahoo_gld_proxy,2025-04-17T21:15:00+00:00,2026-03-07 16:33:12
gld_holdings_flow_confirm,2025-04-21,24949755.0,0,yahoo_gld_proxy,2025-04-21T21:15:00+00:00,2026-03-07 16:33:12
gld_holdings_flow_confirm,2025-04-22,24949755.0,0,yahoo_gld_proxy,2025-04-22T21:15:00+00:00,2026-03-07 16:33:12
gld_holdings_flow_confirm,2025-04-23,24949755.0,0,yahoo_gld_proxy,2025-04-23T21:15:00+00:00,2026-03-07 16:33:12
gld_holdings_flow_confirm,2025-04-24,24949755.0,0,yahoo_gld_proxy,2025-04-24T21:15:00+00:00,2026-03-07 16:33:12
gld_holdings_flow_confirm,2025-04-25,24949755.0,0,yahoo_gld_proxy,2025-04-25T21:15:00+00:00,2026-03-07 16:33:12
gld_holdings_flow_confirm,2025-04-28,24949755.0,0,yahoo_gld_proxy,2025-04-28T21:15:00+00:00,2026-03-07 16:33:12
gld_holdings_flow_confirm,2025-04-29,24949755.0,0,yahoo_gld_proxy,2025-04-29T21:15:00+00:00,2026-03-07 16:33:12
gld_holdings_flow_confirm,2025-04-30,24949755.0,0,yahoo_gld_proxy,2025-04-30T21:15:00+00:00,2026-03-07 16:33:12
gld_holdings_flow_confirm,2025-05-01,24949755.0,0,yahoo_gld_proxy,2025-05-01T21:15:00+00:00,2026-03-07 16:33:12
gld_holdings_flow_confirm,2025-05-02,24949755.0,0,yahoo_gld_proxy,2025-05-02T21:15:00+00:00,2026-03-07 16:33:12
gld_holdings_flow_confirm,2025-05-05,24949755.0,0,yahoo_gld_proxy,2025-05-05T21:15:00+00:00,2026-03-07 16:33:12
gld_holdings_flow_confirm,2025-05-06,24949755.0,0,yahoo_gld_proxy,2025-05-06T21:15:00+00:00,2026-03-07 16:33:12
gld_holdings_flow_confirm,2025-05-07,24949755.0,0,yahoo_gld_proxy,2025-05-07T21:15:00+00:00,2026-03-07 16:33:12
gld_holdings_flow_confirm,2025-05-08,24949755.0,0,yahoo_gld_proxy,2025-05-08T21:15:00+00:00,2026-03-07 16:33:12
gld_holdings_flow_confirm,2025-05-09,24949755.0,0,yahoo_gld_proxy,2025-05-09T21:15:00+00:00,2026-03-07 16:33:12
gld_holdings_flow_confirm,2025-05-12,24949755.0,0,yahoo_gld_proxy,2025-05-12T21:15:00+00:00,2026-03-07 16:33:12
gld_holdings_flow_confirm,2025-05-13,24949755.0,0,yahoo_gld_proxy,2025-05-13T21:15:00+00:00,2026-03-07 16:33:12
gld_holdings_flow_confirm,2025-05-14,24949755.0,0,yahoo_gld_proxy,2025-05-14T21:15:00+00:00,2026-03-07 16:33:12
gld_holdings_flow_confirm,2025-05-15,24949755.0,0,yahoo_gld_proxy,2025-05-15T21:15:00+00:00,2026-03-07 16:33:12
gld_holdings_flow_confirm,2025-05-16,24949755.0,0,yahoo_gld_proxy,2025-05-16T21:15:00+00:00,2026-03-07 16:33:12
gld_holdings_flow_confirm,2025-05-19,24949755.0,0,yahoo_gld_proxy,2025-05-19T21:15:00+00:00,2026-03-07 16:33:12
gld_holdings_flow_confirm,2025-05-20,24949755.0,0,yahoo_gld_proxy,2025-05-20T21:15:00+00:00,2026-03-07 16:33:12
gld_holdings_flow_confirm,2025-05-21,24949755.0,0,yahoo_gld_proxy,2025-05-21T21:15:00+00:00,2026-03-07 16:33:12
gld_holdings_flow_confirm,2025-05-22,24949755.0,0,yahoo_gld_proxy,2025-05-22T21:15:00+00:00,2026-03-07 16:33:12
gld_holdings_flow_confirm,2025-05-23,24949755.0,0,yahoo_gld_proxy,2025-05-23T21:15:00+00:00,2026-03-07 16:33:12
gld_holdings_flow_confirm,2025-05-27,24949755.0,0,yahoo_gld_proxy,2025-05-27T21:15:00+00:00,2026-03-07 16:33:12
gld_holdings_flow_confirm,2025-05-28,24949755.0,0,yahoo_gld_proxy,2025-05-28T21:15:00+00:00,2026-03-07 16:33:12
gld_holdings_flow_confirm,2025-05-29,24949755.0,0,yahoo_gld_proxy,2025-05-29T21:15:00+00:00,2026-03-07 16:33:12
gld_holdings_flow_confirm,2025-05-30,24949755.0,0,yahoo_gld_proxy,2025-05-30T21:15:00+00:00,2026-03-07 16:33:12
gld_holdings_flow_confirm,2025-06-02,24949755.0,0,yahoo_gld_proxy,2025-06-02T21:15:00+00:00,2026-03-07 16:33:12
gld_holdings_flow_confirm,2025-06-03,24949755.0,0,yahoo_gld_proxy,2025-06-03T21:15:00+00:00,2026-03-07 16:33:12
gld_holdings_flow_confirm,2025-06-04,24949755.0,0,yahoo_gld_proxy,2025-06-04T21:15:00+00:00,2026-03-07 16:33:12
gld_holdings_flow_confirm,2025-06-05,24949755.0,0,yahoo_gld_proxy,2025-06-05T21:15:00+00:00,2026-03-07 16:33:12
gld_holdings_flow_confirm,2025-06-06,24949755.0,0,yahoo_gld_proxy,2025-06-06T21:15:00+00:00,2026-03-07 16:33:12
gld_holdings_flow_confirm,2025-06-09,24949755.0,0,yahoo_gld_proxy,2025-06-09T21:15:00+00:00,2026-03-07 16:33:12
gld_holdings_flow_confirm,2025-06-10,24949755.0,0,yahoo_gld_proxy,2025-06-10T21:15:00+00:00,2026-03-07 16:33:12
gld_holdings_flow_confirm,2025-06-11,24949755.0,0,yahoo_gld_proxy,2025-06-11T21:15:00+00:00,2026-03-07 16:33:12
gld_holdings_flow_confirm,2025-06-12,24949755.0,0,yahoo_gld_proxy,2025-06-12T21:15:00+00:00,2026-03-07 16:33:12
gld_holdings_flow_confirm,2025-06-13,24949755.0,0,yahoo_gld_proxy,2025-06-13T21:15:00+00:00,2026-03-07 16:33:12
gld_holdings_flow_confirm,2025-06-16,24949755.0,0,yahoo_gld_proxy,2025-06-16T21:15:00+00:00,2026-03-07 16:33:12
gld_holdings_flow_confirm,2025-06-17,24949755.0,0,yahoo_gld_proxy,2025-06-17T21:15:00+00:00,2026-03-07 16:33:12
gld_holdings_flow_confirm,2025-06-18,24949755.0,0,yahoo_gld_proxy,2025-06-18T21:15:00+00:00,2026-03-07 16:33:12
gld_holdings_flow_confirm,2025-06-20,24949755.0,0,yahoo_gld_proxy,2025-06-20T21:15:00+00:00,2026-03-07 16:33:12
gld_holdings_flow_confirm,2025-06-23,24949755.0,0,yahoo_gld_proxy,2025-06-23T21:15:00+00:00,2026-03-07 16:33:12
gld_holdings_flow_confirm,2025-06-24,24949755.0,0,yahoo_gld_proxy,2025-06-24T21:15:00+00:00,2026-03-07 16:33:12
gld_holdings_flow_confirm,2025-06-25,24949755.0,0,yahoo_gld_proxy,2025-06-25T21:15:00+00:00,2026-03-07 16:33:12
gld_holdings_flow_confirm,2025-06-26,24949755.0,0,yahoo_gld_proxy,2025-06-26T21:15:00+00:00,2026-03-07 16:33:12
gld_holdings_flow_confirm,2025-06-27,24949755.0,0,yahoo_gld_proxy,2025-06-27T21:15:00+00:00,2026-03-07 16:33:12
gld_holdings_flow_confirm,2025-06-30,24949755.0,0,yahoo_gld_proxy,2025-06-30T21:15:00+00:00,2026-03-07 16:33:12
gld_holdings_flow_confirm,2025-07-01,24949755.0,0,yahoo_gld_proxy,2025-07-01T21:15:00+00:00,2026-03-07 16:33:12
gld_holdings_flow_confirm,2025-07-02,24949755.0,0,yahoo_gld_proxy,2025-07-02T21:15:00+00:00,2026-03-07 16:33:12
gld_holdings_flow_confirm,2025-07-03,24949755.0,0,yahoo_gld_proxy,2025-07-03T21:15:00+00:00,2026-03-07 16:33:12
gld_holdings_flow_confirm,2025-07-07,24949755.0,0,yahoo_gld_proxy,2025-07-07T21:15:00+00:00,2026-03-07 16:33:12
gld_holdings_flow_confirm,2025-07-08,24949755.0,0,yahoo_gld_proxy,2025-07-08T21:15:00+00:00,2026-03-07 16:33:12
gld_holdings_flow_confirm,2025-07-09,24949755.0,0,yahoo_gld_proxy,2025-07-09T21:15:00+00:00,2026-03-07 16:33:12
gld_holdings_flow_confirm,2025-07-10,24949755.0,0,yahoo_gld_proxy,2025-07-10T21:15:00+00:00,2026-03-07 16:33:12
gld_holdings_flow_confirm,2025-07-11,24949755.0,0,yahoo_gld_proxy,2025-07-11T21:15:00+00:00,2026-03-07 16:33:12
gld_holdings_flow_confirm,2025-07-14,24949755.0,0,yahoo_gld_proxy,2025-07-14T21:15:00+00:00,2026-03-07 16:33:12
gld_holdings_flow_confirm,2025-07-15,24949755.0,0,yahoo_gld_proxy,2025-07-15T21:15:00+00:00,2026-03-07 16:33:12
gld_holdings_flow_confirm,2025-07-16,24949755.0,0,yahoo_gld_proxy,2025-07-16T21:15:00+00:00,2026-03-07 16:33:12
gld_holdings_flow_confirm,2025-07-17,24949755.0,0,yahoo_gld_proxy,2025-07-17T21:15:00+00:00,2026-03-07 16:33:12
gld_holdings_flow_confirm,2025-07-18,24949755.0,0,yahoo_gld_proxy,2025-07-18T21:15:00+00:00,2026-03-07 16:33:12
gld_holdings_flow_confirm,2025-07-21,24949755.0,0,yahoo_gld_proxy,2025-07-21T21:15:00+00:00,2026-03-07 16:33:12
gld_holdings_flow_confirm,2025-07-22,24949755.0,0,yahoo_gld_proxy,2025-07-22T21:15:00+00:00,2026-03-07 16:33:12
gld_holdings_flow_confirm,2025-07-23,24949755.0,0,yahoo_gld_proxy,2025-07-23T21:15:00+00:00,2026-03-07 16:33:12
gld_holdings_flow_confirm,2025-07-24,24949755.0,0,yahoo_gld_proxy,2025-07-24T21:15:00+00:00,2026-03-07 16:33:12
gld_holdings_flow_confirm,2025-07-25,24949755.0,0,yahoo_gld_proxy,2025-07-25T21:15:00+00:00,2026-03-07 16:33:12
gld_holdings_flow_confirm,2025-07-28,24949755.0,0,yahoo_gld_proxy,2025-07-28T21:15:00+00:00,2026-03-07 16:33:12
gld_holdings_flow_confirm,2025-07-29,24949755.0,0,yahoo_gld_proxy,2025-07-29T21:15:00+00:00,2026-03-07 16:33:12
gld_holdings_flow_confirm,2025-07-30,24949755.0,0,yahoo_gld_proxy,2025-07-30T21:15:00+00:00,2026-03-07 16:33:12
gld_holdings_flow_confirm,2025-07-31,24949755.0,0,yahoo_gld_proxy,2025-07-31T21:15:00+00:00,2026-03-07 16:33:12
gld_holdings_flow_confirm,2025-08-01,24949755.0,0,yahoo_gld_proxy,2025-08-01T21:15:00+00:00,2026-03-07 16:33:12
gld_holdings_flow_confirm,2025-08-04,24949755.0,0,yahoo_gld_proxy,2025-08-04T21:15:00+00:00,2026-03-07 16:33:12
gld_holdings_flow_confirm,2025-08-05,24949755.0,0,yahoo_gld_proxy,2025-08-05T21:15:00+00:00,2026-03-07 16:33:12
gld_holdings_flow_confirm,2025-08-06,24949755.0,0,yahoo_gld_proxy,2025-08-06T21:15:00+00:00,2026-03-07 16:33:12
gld_holdings_flow_confirm,2025-08-07,24949755.0,0,yahoo_gld_proxy,2025-08-07T21:15:00+00:00,2026-03-07 16:33:12
gld_holdings_flow_confirm,2025-08-08,24949755.0,0,yahoo_gld_proxy,2025-08-08T21:15:00+00:00,2026-03-07 16:33:12
gld_holdings_flow_confirm,2025-08-11,24949755.0,0,yahoo_gld_proxy,2025-08-11T21:15:00+00:00,2026-03-07 16:33:12
gld_holdings_flow_confirm,2025-08-12,24949755.0,0,yahoo_gld_proxy,2025-08-12T21:15:00+00:00,2026-03-07 16:33:12
gld_holdings_flow_confirm,2025-08-13,24949755.0,0,yahoo_gld_proxy,2025-08-13T21:15:00+00:00,2026-03-07 16:33:12
gld_holdings_flow_confirm,2025-08-14,24949755.0,0,yahoo_gld_proxy,2025-08-14T21:15:00+00:00,2026-03-07 16:33:12
gld_holdings_flow_confirm,2025-08-15,24949755.0,0,yahoo_gld_proxy,2025-08-15T21:15:00+00:00,2026-03-07 16:33:12
gld_holdings_flow_confirm,2025-08-18,24949755.0,0,yahoo_gld_proxy,2025-08-18T21:15:00+00:00,2026-03-07 16:33:12
gld_holdings_flow_confirm,2025-08-19,24949755.0,0,yahoo_gld_proxy,2025-08-19T21:15:00+00:00,2026-03-07 16:33:12
gld_holdings_flow_confirm,2025-08-20,24949755.0,0,yahoo_gld_proxy,2025-08-20T21:15:00+00:00,2026-03-07 16:33:12
gld_holdings_flow_confirm,2025-08-21,24949755.0,0,yahoo_gld_proxy,2025-08-21T21:15:00+00:00,2026-03-07 16:33:12
gld_holdings_flow_confirm,2025-08-22,24949755.0,0,yahoo_gld_proxy,2025-08-22T21:15:00+00:00,2026-03-07 16:33:12
gld_holdings_flow_confirm,2025-08-25,24949755.0,0,yahoo_gld_proxy,2025-08-25T21:15:00+00:00,2026-03-07 16:33:12
gld_holdings_flow_confirm,2025-08-26,24949755.0,0,yahoo_gld_proxy,2025-08-26T21:15:00+00:00,2026-03-07 16:33:12
gld_holdings_flow_confirm,2025-08-27,24949755.0,0,yahoo_gld_proxy,2025-08-27T21:15:00+00:00,2026-03-07 16:33:12
gld_holdings_flow_confirm,2025-08-28,24949755.0,0,yahoo_gld_proxy,2025-08-28T21:15:00+00:00,2026-03-07 16:33:12
gld_holdings_flow_confirm,2025-08-29,24949755.0,0,yahoo_gld_proxy,2025-08-29T21:15:00+00:00,2026-03-07 16:33:12
gld_holdings_flow_confirm,2025-09-02,24949755.0,0,yahoo_gld_proxy,2025-09-02T21:15:00+00:00,2026-03-07 16:33:12
gld_holdings_flow_confirm,2025-09-03,24949755.0,0,yahoo_gld_proxy,2025-09-03T21:15:00+00:00,2026-03-07 16:33:12
gld_holdings_flow_confirm,2025-09-04,24949755.0,0,yahoo_gld_proxy,2025-09-04T21:15:00+00:00,2026-03-07 16:33:12
gld_holdings_flow_confirm,2025-09-05,24949755.0,0,yahoo_gld_proxy,2025-09-05T21:15:00+00:00,2026-03-07 16:33:12
gld_holdings_flow_confirm,2025-09-08,24949755.0,0,yahoo_gld_proxy,2025-09-08T21:15:00+00:00,2026-03-07 16:33:12
gld_holdings_flow_confirm,2025-09-09,24949755.0,0,yahoo_gld_proxy,2025-09-09T21:15:00+00:00,2026-03-07 16:33:12
gld_holdings_flow_confirm,2025-09-10,24949755.0,0,yahoo_gld_proxy,2025-09-10T21:15:00+00:00,2026-03-07 16:33:12
gld_holdings_flow_confirm,2025-09-11,24949755.0,0,yahoo_gld_proxy,2025-09-11T21:15:00+00:00,2026-03-07 16:33:12
gld_holdings_flow_confirm,2025-09-12,24949755.0,0,yahoo_gld_proxy,2025-09-12T21:15:00+00:00,2026-03-07 16:33:12
gld_holdings_flow_confirm,2025-09-15,24949755.0,0,yahoo_gld_proxy,2025-09-15T21:15:00+00:00,2026-03-07 16:33:12
gld_holdings_flow_confirm,2025-09-16,24949755.0,0,yahoo_gld_proxy,2025-09-16T21:15:00+00:00,2026-03-07 16:33:12
gld_holdings_flow_confirm,2025-09-17,24949755.0,0,yahoo_gld_proxy,2025-09-17T21:15:00+00:00,2026-03-07 16:33:12
gld_holdings_flow_confirm,2025-09-18,24949755.0,0,yahoo_gld_proxy,2025-09-18T21:15:00+00:00,2026-03-07 16:33:12
gld_holdings_flow_confirm,2025-09-19,24949755.0,0,yahoo_gld_proxy,2025-09-19T21:15:00+00:00,2026-03-07 16:33:12
gld_holdings_flow_confirm,2025-09-22,24949755.0,0,yahoo_gld_proxy,2025-09-22T21:15:00+00:00,2026-03-07 16:33:12
gld_holdings_flow_confirm,2025-09-23,24949755.0,0,yahoo_gld_proxy,2025-09-23T21:15:00+00:00,2026-03-07 16:33:12
gld_holdings_flow_confirm,2025-09-24,24949755.0,0,yahoo_gld_proxy,2025-09-24T21:15:00+00:00,2026-03-07 16:33:12
gld_holdings_flow_confirm,2025-09-25,24949755.0,0,yahoo_gld_proxy,2025-09-25T21:15:00+00:00,2026-03-07 16:33:12
gld_holdings_flow_confirm,2025-09-26,24949755.0,0,yahoo_gld_proxy,2025-09-26T21:15:00+00:00,2026-03-07 16:33:12
gld_holdings_flow_confirm,2025-09-29,24949755.0,0,yahoo_gld_proxy,2025-09-29T21:15:00+00:00,2026-03-07 16:33:12
gld_holdings_flow_confirm,2025-09-30,24949755.0,0,yahoo_gld_proxy,2025-09-30T21:15:00+00:00,2026-03-07 16:33:12
gld_holdings_flow_confirm,2025-10-01,24949755.0,0,yahoo_gld_proxy,2025-10-01T21:15:00+00:00,2026-03-07 16:33:12
gld_holdings_flow_confirm,2025-10-02,24949755.0,0,yahoo_gld_proxy,2025-10-02T21:15:00+00:00,2026-03-07 16:33:12
gld_holdings_flow_confirm,2025-10-03,24949755.0,0,yahoo_gld_proxy,2025-10-03T21:15:00+00:00,2026-03-07 16:33:12
gld_holdings_flow_confirm,2025-10-06,24949755.0,0,yahoo_gld_proxy,2025-10-06T21:15:00+00:00,2026-03-07 16:33:12
gld_holdings_flow_confirm,2025-10-07,24949755.0,0,yahoo_gld_proxy,2025-10-07T21:15:00+00:00,2026-03-07 16:33:12
gld_holdings_flow_confirm,2025-10-08,24949755.0,0,yahoo_gld_proxy,2025-10-08T21:15:00+00:00,2026-03-07 16:33:12
gld_holdings_flow_confirm,2025-10-09,24949755.0,0,yahoo_gld_proxy,2025-10-09T21:15:00+00:00,2026-03-07 16:33:12
gld_holdings_flow_confirm,2025-10-10,24949755.0,0,yahoo_gld_proxy,2025-10-10T21:15:00+00:00,2026-03-07 16:33:12
gld_holdings_flow_confirm,2025-10-13,24949755.0,0,yahoo_gld_proxy,2025-10-13T21:15:00+00:00,2026-03-07 16:33:12
gld_holdings_flow_confirm,2025-10-14,24949755.0,0,yahoo_gld_proxy,2025-10-14T21:15:00+00:00,2026-03-07 16:33:12
gld_holdings_flow_confirm,2025-10-15,24949755.0,0,yahoo_gld_proxy,2025-10-15T21:15:00+00:00,2026-03-07 16:33:12
gld_holdings_flow_confirm,2025-10-16,24949755.0,0,yahoo_gld_proxy,2025-10-16T21:15:00+00:00,2026-03-07 16:33:12
gld_holdings_flow_confirm,2025-10-17,24949755.0,0,yahoo_gld_proxy,2025-10-17T21:15:00+00:00,2026-03-07 16:33:12
gld_holdings_flow_confirm,2025-10-20,24949755.0,0,yahoo_gld_proxy,2025-10-20T21:15:00+00:00,2026-03-07 16:33:12
gld_holdings_flow_confirm,2025-10-21,24949755.0,0,yahoo_gld_proxy,2025-10-21T21:15:00+00:00,2026-03-07 16:33:12
gld_holdings_flow_confirm,2025-10-22,24949755.0,0,yahoo_gld_proxy,2025-10-22T21:15:00+00:00,2026-03-07 16:33:12
gld_holdings_flow_confirm,2025-10-23,24949755.0,0,yahoo_gld_proxy,2025-10-23T21:15:00+00:00,2026-03-07 16:33:12
gld_holdings_flow_confirm,2025-10-24,24949755.0,0,yahoo_gld_proxy,2025-10-24T21:15:00+00:00,2026-03-07 16:33:12
gld_holdings_flow_confirm,2025-10-27,24949755.0,0,yahoo_gld_proxy,2025-10-27T21:15:00+00:00,2026-03-07 16:33:12
gld_holdings_flow_confirm,2025-10-28,24949755.0,0,yahoo_gld_proxy,2025-10-28T21:15:00+00:00,2026-03-07 16:33:12
gld_holdings_flow_confirm,2025-10-29,24949755.0,0,yahoo_gld_proxy,2025-10-29T21:15:00+00:00,2026-03-07 16:33:12
gld_holdings_flow_confirm,2025-10-30,24949755.0,0,yahoo_gld_proxy,2025-10-30T21:15:00+00:00,2026-03-07 16:33:12
gld_holdings_flow_confirm,2025-10-31,24949755.0,0,yahoo_gld_proxy,2025-10-31T21:15:00+00:00,2026-03-07 16:33:12
gld_holdings_flow_confirm,2025-11-03,24949755.0,0,yahoo_gld_proxy,2025-11-03T21:15:00+00:00,2026-03-07 16:33:12
gld_holdings_flow_confirm,2025-11-04,24949755.0,0,yahoo_gld_proxy,2025-11-04T21:15:00+00:00,2026-03-07 16:33:12
gld_holdings_flow_confirm,2025-11-05,24949755.0,0,yahoo_gld_proxy,2025-11-05T21:15:00+00:00,2026-03-07 16:33:12
gld_holdings_flow_confirm,2025-11-06,24949755.0,0,yahoo_gld_proxy,2025-11-06T21:15:00+00:00,2026-03-07 16:33:12
gld_holdings_flow_confirm,2025-11-07,24949755.0,0,yahoo_gld_proxy,2025-11-07T21:15:00+00:00,2026-03-07 16:33:12
gld_holdings_flow_confirm,2025-11-10,24949755.0,0,yahoo_gld_proxy,2025-11-10T21:15:00+00:00,2026-03-07 16:33:12
gld_holdings_flow_confirm,2025-11-11,24949755.0,0,yahoo_gld_proxy,2025-11-11T21:15:00+00:00,2026-03-07 16:33:12
gld_holdings_flow_confirm,2025-11-12,24949755.0,0,yahoo_gld_proxy,2025-11-12T21:15:00+00:00,2026-03-07 16:33:12
gld_holdings_flow_confirm,2025-11-13,24949755.0,0,yahoo_gld_proxy,2025-11-13T21:15:00+00:00,2026-03-07 16:33:12
gld_holdings_flow_confirm,2025-11-14,24949755.0,0,yahoo_gld_proxy,2025-11-14T21:15:00+00:00,2026-03-07 16:33:12
gld_holdings_flow_confirm,2025-11-17,24949755.0,0,yahoo_gld_proxy,2025-11-17T21:15:00+00:00,2026-03-07 16:33:12
gld_holdings_flow_confirm,2025-11-18,24949755.0,0,yahoo_gld_proxy,2025-11-18T21:15:00+00:00,2026-03-07 16:33:12
gld_holdings_flow_confirm,2025-11-19,24949755.0,0,yahoo_gld_proxy,2025-11-19T21:15:00+00:00,2026-03-07 16:33:12
gld_holdings_flow_confirm,2025-11-20,24949755.0,0,yahoo_gld_proxy,2025-11-20T21:15:00+00:00,2026-03-07 16:33:12
gld_holdings_flow_confirm,2025-11-21,24949755.0,0,yahoo_gld_proxy,2025-11-21T21:15:00+00:00,2026-03-07 16:33:12
gld_holdings_flow_confirm,2025-11-24,24949755.0,0,yahoo_gld_proxy,2025-11-24T21:15:00+00:00,2026-03-07 16:33:12
gld_holdings_flow_confirm,2025-11-25,24949755.0,0,yahoo_gld_proxy,2025-11-25T21:15:00+00:00,2026-03-07 16:33:12
gld_holdings_flow_confirm,2025-11-26,24949755.0,0,yahoo_gld_proxy,2025-11-26T21:15:00+00:00,2026-03-07 16:33:12
gld_holdings_flow_confirm,2025-11-28,24949755.0,0,yahoo_gld_proxy,2025-11-28T21:15:00+00:00,2026-03-07 16:33:12
gld_holdings_flow_confirm,2025-12-01,24949755.0,0,yahoo_gld_proxy,2025-12-01T21:15:00+00:00,2026-03-07 16:33:12
gld_holdings_flow_confirm,2025-12-02,24949755.0,0,yahoo_gld_proxy,2025-12-02T21:15:00+00:00,2026-03-07 16:33:12
gld_holdings_flow_confirm,2025-12-03,24949755.0,0,yahoo_gld_proxy,2025-12-03T21:15:00+00:00,2026-03-07 16:33:12
gld_holdings_flow_confirm,2025-12-04,24949755.0,0,yahoo_gld_proxy,2025-12-04T21:15:00+00:00,2026-03-07 16:33:12
gld_holdings_flow_confirm,2025-12-05,24949755.0,0,yahoo_gld_proxy,2025-12-05T21:15:00+00:00,2026-03-07 16:33:12
gld_holdings_flow_confirm,2025-12-08,24949755.0,0,yahoo_gld_proxy,2025-12-08T21:15:00+00:00,2026-03-07 16:33:12
gld_holdings_flow_confirm,2025-12-09,24949755.0,0,yahoo_gld_proxy,2025-12-09T21:15:00+00:00,2026-03-07 16:33:12
gld_holdings_flow_confirm,2025-12-10,24949755.0,0,yahoo_gld_proxy,2025-12-10T21:15:00+00:00,2026-03-07 16:33:12
gld_holdings_flow_confirm,2025-12-11,24949755.0,0,yahoo_gld_proxy,2025-12-11T21:15:00+00:00,2026-03-07 16:33:12
gld_holdings_flow_confirm,2025-12-12,24949755.0,0,yahoo_gld_proxy,2025-12-12T21:15:00+00:00,2026-03-07 16:33:12
gld_holdings_flow_confirm,2025-12-15,24949755.0,0,yahoo_gld_proxy,2025-12-15T21:15:00+00:00,2026-03-07 16:33:12
gld_holdings_flow_confirm,2025-12-16,24949755.0,0,yahoo_gld_proxy,2025-12-16T21:15:00+00:00,2026-03-07 16:33:12
gld_holdings_flow_confirm,2025-12-17,24949755.0,0,yahoo_gld_proxy,2025-12-17T21:15:00+00:00,2026-03-07 16:33:12
gld_holdings_flow_confirm,2025-12-18,24949755.0,0,yahoo_gld_proxy,2025-12-18T21:15:00+00:00,2026-03-07 16:33:12
gld_holdings_flow_confirm,2025-12-19,24949755.0,0,yahoo_gld_proxy,2025-12-19T21:15:00+00:00,2026-03-07 16:33:12
gld_holdings_flow_confirm,2025-12-22,24949755.0,0,yahoo_gld_proxy,2025-12-22T21:15:00+00:00,2026-03-07 16:33:12
gld_holdings_flow_confirm,2025-12-23,24949755.0,0,yahoo_gld_proxy,2025-12-23T21:15:00+00:00,2026-03-07 16:33:12
gld_holdings_flow_confirm,2025-12-24,24949755.0,0,yahoo_gld_proxy,2025-12-24T21:15:00+00:00,2026-03-07 16:33:12
gld_holdings_flow_confirm,2025-12-26,24949755.0,0,yahoo_gld_proxy,2025-12-26T21:15:00+00:00,2026-03-07 16:33:12
gld_holdings_flow_confirm,2025-12-29,24949755.0,0,yahoo_gld_proxy,2025-12-29T21:15:00+00:00,2026-03-07 16:33:12
gld_holdings_flow_confirm,2025-12-30,24949755.0,0,yahoo_gld_proxy,2025-12-30T21:15:00+00:00,2026-03-07 16:33:12
gld_holdings_flow_confirm,2025-12-31,24949755.0,0,yahoo_gld_proxy,2025-12-31T21:15:00+00:00,2026-03-07 16:33:12
gld_holdings_flow_confirm,2026-01-02,24949755.0,0,yahoo_gld_proxy,2026-01-02T21:15:00+00:00,2026-03-07 16:33:12
gld_holdings_flow_confirm,2026-01-05,24949755.0,0,yahoo_gld_proxy,2026-01-05T21:15:00+00:00,2026-03-07 16:33:12
gld_holdings_flow_confirm,2026-01-06,24949755.0,0,yahoo_gld_proxy,2026-01-06T21:15:00+00:00,2026-03-07 16:33:12
gld_holdings_flow_confirm,2026-01-07,24949755.0,0,yahoo_gld_proxy,2026-01-07T21:15:00+00:00,2026-03-07 16:33:12
gld_holdings_flow_confirm,2026-01-08,24949755.0,0,yahoo_gld_proxy,2026-01-08T21:15:00+00:00,2026-03-07 16:33:12
gld_holdings_flow_confirm,2026-01-09,24949755.0,0,yahoo_gld_proxy,2026-01-09T21:15:00+00:00,2026-03-07 16:33:12
gld_holdings_flow_confirm,2026-01-12,24949755.0,0,yahoo_gld_proxy,2026-01-12T21:15:00+00:00,2026-03-07 16:33:12
gld_holdings_flow_confirm,2026-01-13,24949755.0,0,yahoo_gld_proxy,2026-01-13T21:15:00+00:00,2026-03-07 16:33:12
gld_holdings_flow_confirm,2026-01-14,24949755.0,0,yahoo_gld_proxy,2026-01-14T21:15:00+00:00,2026-03-07 16:33:12
gld_holdings_flow_confirm,2026-01-15,24949755.0,0,yahoo_gld_proxy,2026-01-15T21:15:00+00:00,2026-03-07 16:33:12
gld_holdings_flow_confirm,2026-01-16,24949755.0,0,yahoo_gld_proxy,2026-01-16T21:15:00+00:00,2026-03-07 16:33:12
gld_holdings_flow_confirm,2026-01-20,24949755.0,0,yahoo_gld_proxy,2026-01-20T21:15:00+00:00,2026-03-07 16:33:12
gld_holdings_flow_confirm,2026-01-21,24949755.0,0,yahoo_gld_proxy,2026-01-21T21:15:00+00:00,2026-03-07 16:33:12
gld_holdings_flow_confirm,2026-01-22,24949755.0,0,yahoo_gld_proxy,2026-01-22T21:15:00+00:00,2026-03-07 16:33:12
gld_holdings_flow_confirm,2026-01-23,24949755.0,0,yahoo_gld_proxy,2026-01-23T21:15:00+00:00,2026-03-07 16:33:12
gld_holdings_flow_confirm,2026-01-26,24949755.0,0,yahoo_gld_proxy,2026-01-26T21:15:00+00:00,2026-03-07 16:33:12
gld_holdings_flow_confirm,2026-01-27,24949755.0,0,yahoo_gld_proxy,2026-01-27T21:15:00+00:00,2026-03-07 16:33:12
gld_holdings_flow_confirm,2026-01-28,24949755.0,0,yahoo_gld_proxy,2026-01-28T21:15:00+00:00,2026-03-07 16:33:12
gld_holdings_flow_confirm,2026-01-29,24949755.0,0,yahoo_gld_proxy,2026-01-29T21:15:00+00:00,2026-03-07 16:33:12
gld_holdings_flow_confirm,2026-01-30,24949755.0,0,yahoo_gld_proxy,2026-01-30T21:15:00+00:00,2026-03-07 16:33:12
gld_holdings_flow_confirm,2026-02-02,24949755.0,0,yahoo_gld_proxy,2026-02-02T21:15:00+00:00,2026-03-07 16:33:12
gld_holdings_flow_confirm,2026-02-03,24949755.0,0,yahoo_gld_proxy,2026-02-03T21:15:00+00:00,2026-03-07 16:33:12
gld_holdings_flow_confirm,2026-02-04,24949755.0,0,yahoo_gld_proxy,2026-02-04T21:15:00+00:00,2026-03-07 16:33:12
gld_holdings_flow_confirm,2026-02-05,24949755.0,0,yahoo_gld_proxy,2026-02-05T21:15:00+00:00,2026-03-07 16:33:09
gld_holdings_flow_confirm,2026-02-06,24949755.0,0,yahoo_gld_proxy,2026-02-06T21:15:00+00:00,2026-03-07 16:33:09
gld_holdings_flow_confirm,2026-02-09,24949755.0,0,yahoo_gld_proxy,2026-02-09T21:15:00+00:00,2026-03-07 16:33:09
gld_holdings_flow_confirm,2026-02-10,24949755.0,0,yahoo_gld_proxy,2026-02-10T21:15:00+00:00,2026-03-07 16:33:09
gld_holdings_flow_confirm,2026-02-11,24949755.0,0,yahoo_gld_proxy,2026-02-11T21:15:00+00:00,2026-03-07 16:33:09
gld_holdings_flow_confirm,2026-02-12,24949755.0,0,yahoo_gld_proxy,2026-02-12T21:15:00+00:00,2026-03-07 16:33:09
gld_holdings_flow_confirm,2026-02-13,24949755.0,0,yahoo_gld_proxy,2026-02-13T21:15:00+00:00,2026-03-07 16:33:09
gld_holdings_flow_confirm,2026-02-17,24949755.0,0,yahoo_gld_proxy,2026-02-17T21:15:00+00:00,2026-03-07 16:33:09
gld_holdings_flow_confirm,2026-02-18,24949755.0,0,yahoo_gld_proxy,2026-02-18T21:15:00+00:00,2026-03-07 16:33:09
gld_holdings_flow_confirm,2026-02-19,24949755.0,0,yahoo_gld_proxy,2026-02-19T21:15:00+00:00,2026-03-07 16:33:09
gld_holdings_flow_confirm,2026-02-20,24949755.0,0,yahoo_gld_proxy,2026-02-20T21:15:00+00:00,2026-03-07 16:33:09
gld_holdings_flow_confirm,2026-02-23,24949755.0,0,yahoo_gld_proxy,2026-02-23T21:15:00+00:00,2026-03-07 16:33:09
gld_holdings_flow_confirm,2026-02-24,24949755.0,0,yahoo_gld_proxy,2026-02-24T21:15:00+00:00,2026-03-07 16:33:09
gld_holdings_flow_confirm,2026-02-25,24949755.0,0,yahoo_gld_proxy,2026-02-25T21:15:00+00:00,2026-03-07 16:33:09
gld_holdings_flow_confirm,2026-02-26,24949755.0,0,yahoo_gld_proxy,2026-02-26T21:15:00+00:00,2026-03-07 16:33:09
gld_holdings_flow_confirm,2026-02-27,24949755.0,0,yahoo_gld_proxy,2026-02-27T21:15:00+00:00,2026-03-07 16:33:09
gld_holdings_flow_confirm,2026-03-02,24949755.0,0,yahoo_gld_proxy,2026-03-02T21:15:00+00:00,2026-03-07 16:33:09
gld_holdings_flow_confirm,2026-03-03,24949755.0,0,yahoo_gld_proxy,2026-03-03T21:15:00+00:00,2026-03-07 16:33:09
gld_holdings_flow_confirm,2026-03-04,24949755.0,0,yahoo_gld_proxy,2026-03-04T21:15:00+00:00,2026-03-07 16:33:09
gld_holdings_flow_confirm,2026-03-05,24949755.0,0,yahoo_gld_proxy,2026-03-05T21:15:00+00:00,2026-03-07 16:33:09
gld_holdings_flow_confirm,2026-03-06,24949755.0,0,yahoo_gld_proxy,2026-03-06T21:15:00+00:00,2026-03-07 16:33:09
gold_price_proxy,2014-01-02,1222.44,0,stooq_json,2014-01-02T21:00:00+00:00,2026-03-07 14:18:40
gold_price_proxy,2014-01-03,1237.11,0,stooq_json,2014-01-03T21:00:00+00:00,2026-03-07 14:18:40
gold_price_proxy,2014-01-06,1237.5,0,stooq_json,2014-01-06T21:00:00+00:00,2026-03-07 14:18:40
gold_price_proxy,2014-01-07,1231.63,0,stooq_json,2014-01-07T21:00:00+00:00,2026-03-07 14:18:40
gold_price_proxy,2014-01-08,1225.48,0,stooq_json,2014-01-08T21:00:00+00:00,2026-03-07 14:18:40
gold_price_proxy,2014-01-09,1227.52,0,stooq_json,2014-01-09T21:00:00+00:00,2026-03-07 14:18:40
gold_price_proxy,2014-01-10,1247.0,0,stooq_json,2014-01-10T21:00:00+00:00,2026-03-07 14:18:40
gold_price_proxy,2014-01-13,1252.78,0,stooq_json,2014-01-13T21:00:00+00:00,2026-03-07 14:18:40
gold_price_proxy,2014-01-14,1244.77,0,stooq_json,2014-01-14T21:00:00+00:00,2026-03-07 14:18:40
gold_price_proxy,2014-01-15,1241.73,0,stooq_json,2014-01-15T21:00:00+00:00,2026-03-07 14:18:40
gold_price_proxy,2014-01-16,1241.77,0,stooq_json,2014-01-16T21:00:00+00:00,2026-03-07 14:18:40
gold_price_proxy,2014-01-17,1253.87,0,stooq_json,2014-01-17T21:00:00+00:00,2026-03-07 14:18:40
gold_price_proxy,2014-01-20,1252.25,0,stooq_json,2014-01-20T21:00:00+00:00,2026-03-07 14:18:40
gold_price_proxy,2014-01-21,1241.23,0,stooq_json,2014-01-21T21:00:00+00:00,2026-03-07 14:18:40
gold_price_proxy,2014-01-22,1236.98,0,stooq_json,2014-01-22T21:00:00+00:00,2026-03-07 14:18:40
gold_price_proxy,2014-01-23,1263.23,0,stooq_json,2014-01-23T21:00:00+00:00,2026-03-07 14:18:40
gold_price_proxy,2014-01-24,1268.39,0,stooq_json,2014-01-24T21:00:00+00:00,2026-03-07 14:18:40
gold_price_proxy,2014-01-27,1256.94,0,stooq_json,2014-01-27T21:00:00+00:00,2026-03-07 14:18:40
gold_price_proxy,2014-01-28,1256.25,0,stooq_json,2014-01-28T21:00:00+00:00,2026-03-07 14:18:40
gold_price_proxy,2014-01-29,1267.05,0,stooq_json,2014-01-29T21:00:00+00:00,2026-03-07 14:18:40
gold_price_proxy,2014-01-30,1243.05,0,stooq_json,2014-01-30T21:00:00+00:00,2026-03-07 14:18:40
gold_price_proxy,2014-01-31,1244.75,0,stooq_json,2014-01-31T21:00:00+00:00,2026-03-07 14:18:40
gold_price_proxy,2014-02-03,1257.6,0,stooq_json,2014-02-03T21:00:00+00:00,2026-03-07 14:18:40
gold_price_proxy,2014-02-04,1254.27,0,stooq_json,2014-02-04T21:00:00+00:00,2026-03-07 14:18:40
gold_price_proxy,2014-02-05,1257.46,0,stooq_json,2014-02-05T21:00:00+00:00,2026-03-07 14:18:40
gold_price_proxy,2014-02-06,1257.57,0,stooq_json,2014-02-06T21:00:00+00:00,2026-03-07 14:18:40
gold_price_proxy,2014-02-07,1266.94,0,stooq_json,2014-02-07T21:00:00+00:00,2026-03-07 14:18:40
gold_price_proxy,2014-02-10,1274.45,0,stooq_json,2014-02-10T21:00:00+00:00,2026-03-07 14:18:40
gold_price_proxy,2014-02-11,1290.75,0,stooq_json,2014-02-11T21:00:00+00:00,2026-03-07 14:18:40
gold_price_proxy,2014-02-12,1290.52,0,stooq_json,2014-02-12T21:00:00+00:00,2026-03-07 14:18:40
gold_price_proxy,2014-02-13,1302.12,0,stooq_json,2014-02-13T21:00:00+00:00,2026-03-07 14:18:40
gold_price_proxy,2014-02-14,1318.57,0,stooq_json,2014-02-14T21:00:00+00:00,2026-03-07 14:18:40
gold_price_proxy,2014-02-17,1328.28,0,stooq_json,2014-02-17T21:00:00+00:00,2026-03-07 14:18:40
gold_price_proxy,2014-02-18,1321.48,0,stooq_json,2014-02-18T21:00:00+00:00,2026-03-07 14:18:40
gold_price_proxy,2014-02-19,1311.44,0,stooq_json,2014-02-19T21:00:00+00:00,2026-03-07 14:18:40
gold_price_proxy,2014-02-20,1322.78,0,stooq_json,2014-02-20T21:00:00+00:00,2026-03-07 14:18:40
gold_price_proxy,2014-02-21,1323.58,0,stooq_json,2014-02-21T21:00:00+00:00,2026-03-07 14:18:40
gold_price_proxy,2014-02-24,1336.67,0,stooq_json,2014-02-24T21:00:00+00:00,2026-03-07 14:18:40
gold_price_proxy,2014-02-25,1340.52,0,stooq_json,2014-02-25T21:00:00+00:00,2026-03-07 14:18:40
gold_price_proxy,2014-02-26,1330.35,0,stooq_json,2014-02-26T21:00:00+00:00,2026-03-07 14:18:40
gold_price_proxy,2014-02-27,1331.26,0,stooq_json,2014-02-27T21:00:00+00:00,2026-03-07 14:18:40
gold_price_proxy,2014-02-28,1323.58,0,stooq_json,2014-02-28T21:00:00+00:00,2026-03-07 14:18:40
gold_price_proxy,2014-03-03,1350.46,0,stooq_json,2014-03-03T21:00:00+00:00,2026-03-07 14:18:40
gold_price_proxy,2014-03-04,1334.28,0,stooq_json,2014-03-04T21:00:00+00:00,2026-03-07 14:18:40
gold_price_proxy,2014-03-05,1336.77,0,stooq_json,2014-03-05T21:00:00+00:00,2026-03-07 14:18:40
gold_price_proxy,2014-03-06,1350.53,0,stooq_json,2014-03-06T21:00:00+00:00,2026-03-07 14:18:40
gold_price_proxy,2014-03-07,1338.98,0,stooq_json,2014-03-07T21:00:00+00:00,2026-03-07 14:18:40
gold_price_proxy,2014-03-10,1339.83,0,stooq_json,2014-03-10T21:00:00+00:00,2026-03-07 14:18:40
gold_price_proxy,2014-03-11,1348.47,0,stooq_json,2014-03-11T21:00:00+00:00,2026-03-07 14:18:40
gold_price_proxy,2014-03-12,1366.6,0,stooq_json,2014-03-12T21:00:00+00:00,2026-03-07 14:18:40
gold_price_proxy,2014-03-13,1370.86,0,stooq_json,2014-03-13T21:00:00+00:00,2026-03-07 14:18:40
gold_price_proxy,2014-03-14,1381.2,0,stooq_json,2014-03-14T21:00:00+00:00,2026-03-07 14:18:40
gold_price_proxy,2014-03-17,1365.67,0,stooq_json,2014-03-17T21:00:00+00:00,2026-03-07 14:18:40
gold_price_proxy,2014-03-18,1356.77,0,stooq_json,2014-03-18T21:00:00+00:00,2026-03-07 14:18:40
gold_price_proxy,2014-03-19,1330.08,0,stooq_json,2014-03-19T21:00:00+00:00,2026-03-07 14:18:40
gold_price_proxy,2014-03-20,1329.68,0,stooq_json,2014-03-20T21:00:00+00:00,2026-03-07 14:18:40
gold_price_proxy,2014-03-21,1332.92,0,stooq_json,2014-03-21T21:00:00+00:00,2026-03-07 14:18:40
gold_price_proxy,2014-03-24,1308.85,0,stooq_json,2014-03-24T21:00:00+00:00,2026-03-07 14:18:40
gold_price_proxy,2014-03-25,1311.06,0,stooq_json,2014-03-25T21:00:00+00:00,2026-03-07 14:18:40
gold_price_proxy,2014-03-26,1304.92,0,stooq_json,2014-03-26T21:00:00+00:00,2026-03-07 14:18:40
gold_price_proxy,2014-03-27,1291.47,0,stooq_json,2014-03-27T21:00:00+00:00,2026-03-07 14:18:40
gold_price_proxy,2014-03-28,1292.76,0,stooq_json,2014-03-28T21:00:00+00:00,2026-03-07 14:18:40
gold_price_proxy,2014-03-31,1283.9,0,stooq_json,2014-03-31T21:00:00+00:00,2026-03-07 14:18:40
gold_price_proxy,2014-04-01,1278.89,0,stooq_json,2014-04-01T21:00:00+00:00,2026-03-07 14:18:40
gold_price_proxy,2014-04-02,1289.81,0,stooq_json,2014-04-02T21:00:00+00:00,2026-03-07 14:18:40
gold_price_proxy,2014-04-03,1286.5,0,stooq_json,2014-04-03T21:00:00+00:00,2026-03-07 14:18:40
gold_price_proxy,2014-04-04,1303.18,0,stooq_json,2014-04-04T21:00:00+00:00,2026-03-07 14:18:40
gold_price_proxy,2014-04-07,1297.06,0,stooq_json,2014-04-07T21:00:00+00:00,2026-03-07 14:18:40
gold_price_proxy,2014-04-08,1308.52,0,stooq_json,2014-04-08T21:00:00+00:00,2026-03-07 14:18:40
gold_price_proxy,2014-04-09,1311.51,0,stooq_json,2014-04-09T21:00:00+00:00,2026-03-07 14:18:40
gold_price_proxy,2014-04-10,1318.83,0,stooq_json,2014-04-10T21:00:00+00:00,2026-03-07 14:18:40
gold_price_proxy,2014-04-11,1317.7,0,stooq_json,2014-04-11T21:00:00+00:00,2026-03-07 14:18:40
gold_price_proxy,2014-04-14,1327.66,0,stooq_json,2014-04-14T21:00:00+00:00,2026-03-07 14:18:40
gold_price_proxy,2014-04-15,1302.08,0,stooq_json,2014-04-15T21:00:00+00:00,2026-03-07 14:18:40
gold_price_proxy,2014-04-16,1302.27,0,stooq_json,2014-04-16T21:00:00+00:00,2026-03-07 14:18:40
gold_price_proxy,2014-04-17,1295.11,0,stooq_json,2014-04-17T21:00:00+00:00,2026-03-07 14:18:40
gold_price_proxy,2014-04-21,1289.46,0,stooq_json,2014-04-21T21:00:00+00:00,2026-03-07 14:18:40
gold_price_proxy,2014-04-22,1283.5,0,stooq_json,2014-04-22T21:00:00+00:00,2026-03-07 14:18:40
gold_price_proxy,2014-04-23,1283.53,0,stooq_json,2014-04-23T21:00:00+00:00,2026-03-07 14:18:40
gold_price_proxy,2014-04-24,1293.02,0,stooq_json,2014-04-24T21:00:00+00:00,2026-03-07 14:18:40
gold_price_proxy,2014-04-25,1302.15,0,stooq_json,2014-04-25T21:00:00+00:00,2026-03-07 14:18:40
gold_price_proxy,2014-04-28,1296.31,0,stooq_json,2014-04-28T21:00:00+00:00,2026-03-07 14:18:40
gold_price_proxy,2014-04-29,1295.77,0,stooq_json,2014-04-29T21:00:00+00:00,2026-03-07 14:18:40
gold_price_proxy,2014-04-30,1291.26,0,stooq_json,2014-04-30T21:00:00+00:00,2026-03-07 14:18:40
gold_price_proxy,2014-05-01,1284.0,0,stooq_json,2014-05-01T21:00:00+00:00,2026-03-07 14:18:40
gold_price_proxy,2014-05-02,1298.24,0,stooq_json,2014-05-02T21:00:00+00:00,2026-03-07 14:18:40
gold_price_proxy,2014-05-05,1309.96,0,stooq_json,2014-05-05T21:00:00+00:00,2026-03-07 14:18:40
gold_price_proxy,2014-05-06,1307.9,0,stooq_json,2014-05-06T21:00:00+00:00,2026-03-07 14:18:40
gold_price_proxy,2014-05-07,1289.82,0,stooq_json,2014-05-07T21:00:00+00:00,2026-03-07 14:18:40
gold_price_proxy,2014-05-08,1289.34,0,stooq_json,2014-05-08T21:00:00+00:00,2026-03-07 14:18:40
gold_price_proxy,2014-05-09,1288.59,0,stooq_json,2014-05-09T21:00:00+00:00,2026-03-07 14:18:40
gold_price_proxy,2014-05-12,1295.69,0,stooq_json,2014-05-12T21:00:00+00:00,2026-03-07 14:18:40
gold_price_proxy,2014-05-13,1293.53,0,stooq_json,2014-05-13T21:00:00+00:00,2026-03-07 14:18:40
gold_price_proxy,2014-05-14,1305.75,0,stooq_json,2014-05-14T21:00:00+00:00,2026-03-07 14:18:40
gold_price_proxy,2014-05-15,1296.08,0,stooq_json,2014-05-15T21:00:00+00:00,2026-03-07 14:18:40
gold_price_proxy,2014-05-16,1292.97,0,stooq_json,2014-05-16T21:00:00+00:00,2026-03-07 14:18:40
gold_price_proxy,2014-05-19,1292.73,0,stooq_json,2014-05-19T21:00:00+00:00,2026-03-07 14:18:40
gold_price_proxy,2014-05-20,1293.97,0,stooq_json,2014-05-20T21:00:00+00:00,2026-03-07 14:18:40
gold_price_proxy,2014-05-21,1291.74,0,stooq_json,2014-05-21T21:00:00+00:00,2026-03-07 14:18:40
gold_price_proxy,2014-05-22,1294.0,0,stooq_json,2014-05-22T21:00:00+00:00,2026-03-07 14:18:40
gold_price_proxy,2014-05-23,1292.62,0,stooq_json,2014-05-23T21:00:00+00:00,2026-03-07 14:18:40
gold_price_proxy,2014-05-26,1292.65,0,stooq_json,2014-05-26T21:00:00+00:00,2026-03-07 14:18:40
gold_price_proxy,2014-05-27,1264.79,0,stooq_json,2014-05-27T21:00:00+00:00,2026-03-07 14:18:40
gold_price_proxy,2014-05-28,1258.06,0,stooq_json,2014-05-28T21:00:00+00:00,2026-03-07 14:18:40
gold_price_proxy,2014-05-29,1255.4,0,stooq_json,2014-05-29T21:00:00+00:00,2026-03-07 14:18:40
gold_price_proxy,2014-05-30,1250.55,0,stooq_json,2014-05-30T21:00:00+00:00,2026-03-07 14:18:40
gold_price_proxy,2014-06-02,1243.57,0,stooq_json,2014-06-02T21:00:00+00:00,2026-03-07 14:18:40
gold_price_proxy,2014-06-03,1244.85,0,stooq_json,2014-06-03T21:00:00+00:00,2026-03-07 14:18:40
gold_price_proxy,2014-06-04,1243.84,0,stooq_json,2014-06-04T21:00:00+00:00,2026-03-07 14:18:40
gold_price_proxy,2014-06-05,1253.53,0,stooq_json,2014-06-05T21:00:00+00:00,2026-03-07 14:18:40
gold_price_proxy,2014-06-06,1252.61,0,stooq_json,2014-06-06T21:00:00+00:00,2026-03-07 14:18:40
gold_price_proxy,2014-06-09,1252.16,0,stooq_json,2014-06-09T21:00:00+00:00,2026-03-07 14:18:40
gold_price_proxy,2014-06-10,1259.51,0,stooq_json,2014-06-10T21:00:00+00:00,2026-03-07 14:18:40
gold_price_proxy,2014-06-11,1260.74,0,stooq_json,2014-06-11T21:00:00+00:00,2026-03-07 14:18:40
gold_price_proxy,2014-06-12,1273.16,0,stooq_json,2014-06-12T21:00:00+00:00,2026-03-07 14:18:40
gold_price_proxy,2014-06-13,1276.62,0,stooq_json,2014-06-13T21:00:00+00:00,2026-03-07 14:18:40
gold_price_proxy,2014-06-16,1271.82,0,stooq_json,2014-06-16T21:00:00+00:00,2026-03-07 14:18:40
gold_price_proxy,2014-06-17,1270.38,0,stooq_json,2014-06-17T21:00:00+00:00,2026-03-07 14:18:40
gold_price_proxy,2014-06-18,1277.61,0,stooq_json,2014-06-18T21:00:00+00:00,2026-03-07 14:18:40
gold_price_proxy,2014-06-19,1320.0,0,stooq_json,2014-06-19T21:00:00+00:00,2026-03-07 14:18:40
gold_price_proxy,2014-06-20,1313.97,0,stooq_json,2014-06-20T21:00:00+00:00,2026-03-07 14:18:40
gold_price_proxy,2014-06-23,1317.18,0,stooq_json,2014-06-23T21:00:00+00:00,2026-03-07 14:18:40
gold_price_proxy,2014-06-24,1318.19,0,stooq_json,2014-06-24T21:00:00+00:00,2026-03-07 14:18:40
gold_price_proxy,2014-06-25,1319.15,0,stooq_json,2014-06-25T21:00:00+00:00,2026-03-07 14:18:40
gold_price_proxy,2014-06-26,1316.35,0,stooq_json,2014-06-26T21:00:00+00:00,2026-03-07 14:18:40
gold_price_proxy,2014-06-27,1315.78,0,stooq_json,2014-06-27T21:00:00+00:00,2026-03-07 14:18:40
gold_price_proxy,2014-06-30,1327.06,0,stooq_json,2014-06-30T21:00:00+00:00,2026-03-07 14:18:40
gold_price_proxy,2014-07-01,1326.33,0,stooq_json,2014-07-01T21:00:00+00:00,2026-03-07 14:18:40
gold_price_proxy,2014-07-02,1326.7,0,stooq_json,2014-07-02T21:00:00+00:00,2026-03-07 14:18:40
gold_price_proxy,2014-07-03,1319.45,0,stooq_json,2014-07-03T21:00:00+00:00,2026-03-07 14:18:40
gold_price_proxy,2014-07-04,1320.16,0,stooq_json,2014-07-04T21:00:00+00:00,2026-03-07 14:18:40
gold_price_proxy,2014-07-07,1319.62,0,stooq_json,2014-07-07T21:00:00+00:00,2026-03-07 14:18:40
gold_price_proxy,2014-07-08,1318.92,0,stooq_json,2014-07-08T21:00:00+00:00,2026-03-07 14:18:40
gold_price_proxy,2014-07-09,1327.7,0,stooq_json,2014-07-09T21:00:00+00:00,2026-03-07 14:18:40
gold_price_proxy,2014-07-10,1335.61,0,stooq_json,2014-07-10T21:00:00+00:00,2026-03-07 14:18:40
gold_price_proxy,2014-07-11,1337.48,0,stooq_json,2014-07-11T21:00:00+00:00,2026-03-07 14:18:40
gold_price_proxy,2014-07-14,1306.92,0,stooq_json,2014-07-14T21:00:00+00:00,2026-03-07 14:18:40
gold_price_proxy,2014-07-15,1293.97,0,stooq_json,2014-07-15T21:00:00+00:00,2026-03-07 14:18:40
gold_price_proxy,2014-07-16,1299.03,0,stooq_json,2014-07-16T21:00:00+00:00,2026-03-07 14:18:40
gold_price_proxy,2014-07-17,1319.1,0,stooq_json,2014-07-17T21:00:00+00:00,2026-03-07 14:18:40
gold_price_proxy,2014-07-18,1310.42,0,stooq_json,2014-07-18T21:00:00+00:00,2026-03-07 14:18:40
gold_price_proxy,2014-07-21,1312.41,0,stooq_json,2014-07-21T21:00:00+00:00,2026-03-07 14:18:40
gold_price_proxy,2014-07-22,1306.28,0,stooq_json,2014-07-22T21:00:00+00:00,2026-03-07 14:18:40
gold_price_proxy,2014-07-23,1304.54,0,stooq_json,2014-07-23T21:00:00+00:00,2026-03-07 14:18:40
gold_price_proxy,2014-07-24,1293.42,0,stooq_json,2014-07-24T21:00:00+00:00,2026-03-07 14:18:40
gold_price_proxy,2014-07-25,1307.01,0,stooq_json,2014-07-25T21:00:00+00:00,2026-03-07 14:18:40
gold_price_proxy,2014-07-28,1303.83,0,stooq_json,2014-07-28T21:00:00+00:00,2026-03-07 14:18:40
gold_price_proxy,2014-07-29,1299.11,0,stooq_json,2014-07-29T21:00:00+00:00,2026-03-07 14:18:40
gold_price_proxy,2014-07-30,1296.02,0,stooq_json,2014-07-30T21:00:00+00:00,2026-03-07 14:18:40
gold_price_proxy,2014-07-31,1282.59,0,stooq_json,2014-07-31T21:00:00+00:00,2026-03-07 14:18:40
gold_price_proxy,2014-08-01,1292.72,0,stooq_json,2014-08-01T21:00:00+00:00,2026-03-07 14:18:40
gold_price_proxy,2014-08-04,1288.11,0,stooq_json,2014-08-04T21:00:00+00:00,2026-03-07 14:18:40
gold_price_proxy,2014-08-05,1288.55,0,stooq_json,2014-08-05T21:00:00+00:00,2026-03-07 14:18:40
gold_price_proxy,2014-08-06,1305.65,0,stooq_json,2014-08-06T21:00:00+00:00,2026-03-07 14:18:40
gold_price_proxy,2014-08-07,1312.27,0,stooq_json,2014-08-07T21:00:00+00:00,2026-03-07 14:18:40
gold_price_proxy,2014-08-08,1311.48,0,stooq_json,2014-08-08T21:00:00+00:00,2026-03-07 14:18:40
gold_price_proxy,2014-08-11,1308.36,0,stooq_json,2014-08-11T21:00:00+00:00,2026-03-07 14:18:40
gold_price_proxy,2014-08-12,1309.3,0,stooq_json,2014-08-12T21:00:00+00:00,2026-03-07 14:18:40
gold_price_proxy,2014-08-13,1312.55,0,stooq_json,2014-08-13T21:00:00+00:00,2026-03-07 14:18:40
gold_price_proxy,2014-08-14,1313.46,0,stooq_json,2014-08-14T21:00:00+00:00,2026-03-07 14:18:40
gold_price_proxy,2014-08-15,1304.03,0,stooq_json,2014-08-15T21:00:00+00:00,2026-03-07 14:18:40
gold_price_proxy,2014-08-18,1298.15,0,stooq_json,2014-08-18T21:00:00+00:00,2026-03-07 14:18:40
gold_price_proxy,2014-08-19,1295.47,0,stooq_json,2014-08-19T21:00:00+00:00,2026-03-07 14:18:40
gold_price_proxy,2014-08-20,1291.63,0,stooq_json,2014-08-20T21:00:00+00:00,2026-03-07 14:18:40
gold_price_proxy,2014-08-21,1276.64,0,stooq_json,2014-08-21T21:00:00+00:00,2026-03-07 14:18:40
gold_price_proxy,2014-08-22,1280.37,0,stooq_json,2014-08-22T21:00:00+00:00,2026-03-07 14:18:40
gold_price_proxy,2014-08-25,1276.52,0,stooq_json,2014-08-25T21:00:00+00:00,2026-03-07 14:18:40
gold_price_proxy,2014-08-26,1280.95,0,stooq_json,2014-08-26T21:00:00+00:00,2026-03-07 14:18:40
gold_price_proxy,2014-08-27,1282.52,0,stooq_json,2014-08-27T21:00:00+00:00,2026-03-07 14:18:40
gold_price_proxy,2014-08-28,1289.55,0,stooq_json,2014-08-28T21:00:00+00:00,2026-03-07 14:18:40
gold_price_proxy,2014-08-29,1287.12,0,stooq_json,2014-08-29T21:00:00+00:00,2026-03-07 14:18:40
gold_price_proxy,2014-09-01,1286.72,0,stooq_json,2014-09-01T21:00:00+00:00,2026-03-07 14:18:40
gold_price_proxy,2014-09-02,1265.3,0,stooq_json,2014-09-02T21:00:00+00:00,2026-03-07 14:18:40
gold_price_proxy,2014-09-03,1268.95,0,stooq_json,2014-09-03T21:00:00+00:00,2026-03-07 14:18:40
gold_price_proxy,2014-09-04,1261.71,0,stooq_json,2014-09-04T21:00:00+00:00,2026-03-07 14:18:40
gold_price_proxy,2014-09-05,1268.49,0,stooq_json,2014-09-05T21:00:00+00:00,2026-03-07 14:18:40
gold_price_proxy,2014-09-08,1255.31,0,stooq_json,2014-09-08T21:00:00+00:00,2026-03-07 14:18:40
gold_price_proxy,2014-09-09,1255.11,0,stooq_json,2014-09-09T21:00:00+00:00,2026-03-07 14:18:40
gold_price_proxy,2014-09-10,1249.45,0,stooq_json,2014-09-10T21:00:00+00:00,2026-03-07 14:18:40
gold_price_proxy,2014-09-11,1240.89,0,stooq_json,2014-09-11T21:00:00+00:00,2026-03-07 14:18:40
gold_price_proxy,2014-09-12,1230.42,0,stooq_json,2014-09-12T21:00:00+00:00,2026-03-07 14:18:40
gold_price_proxy,2014-09-15,1233.16,0,stooq_json,2014-09-15T21:00:00+00:00,2026-03-07 14:18:40
gold_price_proxy,2014-09-16,1235.53,0,stooq_json,2014-09-16T21:00:00+00:00,2026-03-07 14:18:40
gold_price_proxy,2014-09-17,1223.16,0,stooq_json,2014-09-17T21:00:00+00:00,2026-03-07 14:18:40
gold_price_proxy,2014-09-18,1224.99,0,stooq_json,2014-09-18T21:00:00+00:00,2026-03-07 14:18:40
gold_price_proxy,2014-09-19,1217.64,0,stooq_json,2014-09-19T21:00:00+00:00,2026-03-07 14:18:40
gold_price_proxy,2014-09-22,1214.93,0,stooq_json,2014-09-22T21:00:00+00:00,2026-03-07 14:18:40
gold_price_proxy,2014-09-23,1223.1,0,stooq_json,2014-09-23T21:00:00+00:00,2026-03-07 14:18:40
gold_price_proxy,2014-09-24,1217.0,0,stooq_json,2014-09-24T21:00:00+00:00,2026-03-07 14:18:40
gold_price_proxy,2014-09-25,1221.31,0,stooq_json,2014-09-25T21:00:00+00:00,2026-03-07 14:18:40
gold_price_proxy,2014-09-26,1217.46,0,stooq_json,2014-09-26T21:00:00+00:00,2026-03-07 14:18:40
gold_price_proxy,2014-09-29,1215.75,0,stooq_json,2014-09-29T21:00:00+00:00,2026-03-07 14:18:40
gold_price_proxy,2014-09-30,1208.09,0,stooq_json,2014-09-30T21:00:00+00:00,2026-03-07 14:18:40
gold_price_proxy,2014-10-01,1213.54,0,stooq_json,2014-10-01T21:00:00+00:00,2026-03-07 14:18:40
gold_price_proxy,2014-10-02,1214.33,0,stooq_json,2014-10-02T21:00:00+00:00,2026-03-07 14:18:40
gold_price_proxy,2014-10-03,1191.74,0,stooq_json,2014-10-03T21:00:00+00:00,2026-03-07 14:18:40
gold_price_proxy,2014-10-06,1206.92,0,stooq_json,2014-10-06T21:00:00+00:00,2026-03-07 14:18:40
gold_price_proxy,2014-10-07,1208.87,0,stooq_json,2014-10-07T21:00:00+00:00,2026-03-07 14:18:40
gold_price_proxy,2014-10-08,1221.03,0,stooq_json,2014-10-08T21:00:00+00:00,2026-03-07 14:18:40
gold_price_proxy,2014-10-09,1224.23,0,stooq_json,2014-10-09T21:00:00+00:00,2026-03-07 14:18:40
gold_price_proxy,2014-10-10,1223.1,0,stooq_json,2014-10-10T21:00:00+00:00,2026-03-07 14:18:40
gold_price_proxy,2014-10-13,1235.74,0,stooq_json,2014-10-13T21:00:00+00:00,2026-03-07 14:18:40
gold_price_proxy,2014-10-14,1232.68,0,stooq_json,2014-10-14T21:00:00+00:00,2026-03-07 14:18:40
gold_price_proxy,2014-10-15,1241.88,0,stooq_json,2014-10-15T21:00:00+00:00,2026-03-07 14:18:40
gold_price_proxy,2014-10-16,1238.68,0,stooq_json,2014-10-16T21:00:00+00:00,2026-03-07 14:18:40
gold_price_proxy,2014-10-17,1237.64,0,stooq_json,2014-10-17T21:00:00+00:00,2026-03-07 14:18:40
gold_price_proxy,2014-10-20,1246.61,0,stooq_json,2014-10-20T21:00:00+00:00,2026-03-07 14:18:40
gold_price_proxy,2014-10-21,1248.39,0,stooq_json,2014-10-21T21:00:00+00:00,2026-03-07 14:18:40
gold_price_proxy,2014-10-22,1241.0,0,stooq_json,2014-10-22T21:00:00+00:00,2026-03-07 14:18:40
gold_price_proxy,2014-10-23,1231.57,0,stooq_json,2014-10-23T21:00:00+00:00,2026-03-07 14:18:40
gold_price_proxy,2014-10-24,1230.93,0,stooq_json,2014-10-24T21:00:00+00:00,2026-03-07 14:18:40
gold_price_proxy,2014-10-27,1226.0,0,stooq_json,2014-10-27T21:00:00+00:00,2026-03-07 14:18:40
gold_price_proxy,2014-10-28,1227.94,0,stooq_json,2014-10-28T21:00:00+00:00,2026-03-07 14:18:40
gold_price_proxy,2014-10-29,1212.79,0,stooq_json,2014-10-29T21:00:00+00:00,2026-03-07 14:18:40
gold_price_proxy,2014-10-30,1199.53,0,stooq_json,2014-10-30T21:00:00+00:00,2026-03-07 14:18:40
gold_price_proxy,2014-10-31,1171.85,0,stooq_json,2014-10-31T21:00:00+00:00,2026-03-07 14:18:40
gold_price_proxy,2014-11-03,1165.47,0,stooq_json,2014-11-03T21:00:00+00:00,2026-03-07 14:18:40
gold_price_proxy,2014-11-04,1168.1,0,stooq_json,2014-11-04T21:00:00+00:00,2026-03-07 14:18:40
gold_price_proxy,2014-11-05,1140.26,0,stooq_json,2014-11-05T21:00:00+00:00,2026-03-07 14:18:40
gold_price_proxy,2014-11-06,1141.69,0,stooq_json,2014-11-06T21:00:00+00:00,2026-03-07 14:18:40
gold_price_proxy,2014-11-07,1174.92,0,stooq_json,2014-11-07T21:00:00+00:00,2026-03-07 14:18:40
gold_price_proxy,2014-11-10,1151.33,0,stooq_json,2014-11-10T21:00:00+00:00,2026-03-07 14:18:40
gold_price_proxy,2014-11-11,1164.2,0,stooq_json,2014-11-11T21:00:00+00:00,2026-03-07 14:18:40
gold_price_proxy,2014-11-12,1162.32,0,stooq_json,2014-11-12T21:00:00+00:00,2026-03-07 14:18:40
gold_price_proxy,2014-11-13,1162.15,0,stooq_json,2014-11-13T21:00:00+00:00,2026-03-07 14:18:40
gold_price_proxy,2014-11-14,1190.73,0,stooq_json,2014-11-14T21:00:00+00:00,2026-03-07 14:18:40
gold_price_proxy,2014-11-17,1186.42,0,stooq_json,2014-11-17T21:00:00+00:00,2026-03-07 14:18:40
gold_price_proxy,2014-11-18,1196.98,0,stooq_json,2014-11-18T21:00:00+00:00,2026-03-07 14:18:40
gold_price_proxy,2014-11-19,1182.6,0,stooq_json,2014-11-19T21:00:00+00:00,2026-03-07 14:18:40
gold_price_proxy,2014-11-20,1193.68,0,stooq_json,2014-11-20T21:00:00+00:00,2026-03-07 14:18:40
gold_price_proxy,2014-11-21,1200.86,0,stooq_json,2014-11-21T21:00:00+00:00,2026-03-07 14:18:40
gold_price_proxy,2014-11-24,1198.24,0,stooq_json,2014-11-24T21:00:00+00:00,2026-03-07 14:18:40
gold_price_proxy,2014-11-25,1200.99,0,stooq_json,2014-11-25T21:00:00+00:00,2026-03-07 14:18:40
gold_price_proxy,2014-11-26,1198.2,0,stooq_json,2014-11-26T21:00:00+00:00,2026-03-07 14:18:40
gold_price_proxy,2014-11-27,1190.15,0,stooq_json,2014-11-27T21:00:00+00:00,2026-03-07 14:18:40
gold_price_proxy,2014-11-28,1168.85,0,stooq_json,2014-11-28T21:00:00+00:00,2026-03-07 14:18:40
gold_price_proxy,2014-12-01,1211.35,0,stooq_json,2014-12-01T21:00:00+00:00,2026-03-07 14:18:40
gold_price_proxy,2014-12-02,1197.79,0,stooq_json,2014-12-02T21:00:00+00:00,2026-03-07 14:18:40
gold_price_proxy,2014-12-03,1209.09,0,stooq_json,2014-12-03T21:00:00+00:00,2026-03-07 14:18:40
gold_price_proxy,2014-12-04,1205.41,0,stooq_json,2014-12-04T21:00:00+00:00,2026-03-07 14:18:40
gold_price_proxy,2014-12-05,1191.45,0,stooq_json,2014-12-05T21:00:00+00:00,2026-03-07 14:18:40
gold_price_proxy,2014-12-08,1203.16,0,stooq_json,2014-12-08T21:00:00+00:00,2026-03-07 14:18:40
gold_price_proxy,2014-12-09,1230.94,0,stooq_json,2014-12-09T21:00:00+00:00,2026-03-07 14:18:40
gold_price_proxy,2014-12-10,1224.89,0,stooq_json,2014-12-10T21:00:00+00:00,2026-03-07 14:18:40
gold_price_proxy,2014-12-11,1226.93,0,stooq_json,2014-12-11T21:00:00+00:00,2026-03-07 14:18:40
gold_price_proxy,2014-12-12,1221.48,0,stooq_json,2014-12-12T21:00:00+00:00,2026-03-07 14:18:40
gold_price_proxy,2014-12-15,1193.06,0,stooq_json,2014-12-15T21:00:00+00:00,2026-03-07 14:18:40
gold_price_proxy,2014-12-16,1194.7,0,stooq_json,2014-12-16T21:00:00+00:00,2026-03-07 14:18:40
gold_price_proxy,2014-12-17,1188.66,0,stooq_json,2014-12-17T21:00:00+00:00,2026-03-07 14:18:40
gold_price_proxy,2014-12-18,1198.01,0,stooq_json,2014-12-18T21:00:00+00:00,2026-03-07 14:18:40
gold_price_proxy,2014-12-19,1194.7,0,stooq_json,2014-12-19T21:00:00+00:00,2026-03-07 14:18:40
gold_price_proxy,2014-12-22,1176.11,0,stooq_json,2014-12-22T21:00:00+00:00,2026-03-07 14:18:40
gold_price_proxy,2014-12-23,1176.37,0,stooq_json,2014-12-23T21:00:00+00:00,2026-03-07 14:18:40
gold_price_proxy,2014-12-24,1174.8,0,stooq_json,2014-12-24T21:00:00+00:00,2026-03-07 14:18:40
gold_price_proxy,2014-12-26,1195.31,0,stooq_json,2014-12-26T21:00:00+00:00,2026-03-07 14:18:40
gold_price_proxy,2014-12-29,1183.17,0,stooq_json,2014-12-29T21:00:00+00:00,2026-03-07 14:18:40
gold_price_proxy,2014-12-30,1200.3,0,stooq_json,2014-12-30T21:00:00+00:00,2026-03-07 14:18:40
gold_price_proxy,2014-12-31,1183.0,0,stooq_json,2014-12-31T21:00:00+00:00,2026-03-07 14:18:40
gold_price_proxy,2015-01-02,1187.4,0,stooq_json,2015-01-02T21:00:00+00:00,2026-03-07 14:18:40
gold_price_proxy,2015-01-05,1204.54,0,stooq_json,2015-01-05T21:00:00+00:00,2026-03-07 14:18:40
gold_price_proxy,2015-01-06,1218.53,0,stooq_json,2015-01-06T21:00:00+00:00,2026-03-07 14:18:40
gold_price_proxy,2015-01-07,1211.19,0,stooq_json,2015-01-07T21:00:00+00:00,2026-03-07 14:18:40
gold_price_proxy,2015-01-08,1208.76,0,stooq_json,2015-01-08T21:00:00+00:00,2026-03-07 14:18:40
gold_price_proxy,2015-01-09,1220.73,0,stooq_json,2015-01-09T21:00:00+00:00,2026-03-07 14:18:40
gold_price_proxy,2015-01-12,1233.16,0,stooq_json,2015-01-12T21:00:00+00:00,2026-03-07 14:18:40
gold_price_proxy,2015-01-13,1230.68,0,stooq_json,2015-01-13T21:00:00+00:00,2026-03-07 14:18:40
gold_price_proxy,2015-01-14,1228.61,0,stooq_json,2015-01-14T21:00:00+00:00,2026-03-07 14:18:40
gold_price_proxy,2015-01-15,1262.38,0,stooq_json,2015-01-15T21:00:00+00:00,2026-03-07 14:18:40
gold_price_proxy,2015-01-16,1275.25,0,stooq_json,2015-01-16T21:00:00+00:00,2026-03-07 14:18:40
gold_price_proxy,2015-01-19,1276.68,0,stooq_json,2015-01-19T21:00:00+00:00,2026-03-07 14:18:40
gold_price_proxy,2015-01-20,1293.87,0,stooq_json,2015-01-20T21:00:00+00:00,2026-03-07 14:18:40
gold_price_proxy,2015-01-21,1292.62,0,stooq_json,2015-01-21T21:00:00+00:00,2026-03-07 14:18:40
gold_price_proxy,2015-01-22,1302.0,0,stooq_json,2015-01-22T21:00:00+00:00,2026-03-07 14:18:40
gold_price_proxy,2015-01-23,1293.82,0,stooq_json,2015-01-23T21:00:00+00:00,2026-03-07 14:18:40
gold_price_proxy,2015-01-26,1281.03,0,stooq_json,2015-01-26T21:00:00+00:00,2026-03-07 14:18:40
gold_price_proxy,2015-01-27,1292.35,0,stooq_json,2015-01-27T21:00:00+00:00,2026-03-07 14:18:40
gold_price_proxy,2015-01-28,1283.14,0,stooq_json,2015-01-28T21:00:00+00:00,2026-03-07 14:18:40
gold_price_proxy,2015-01-29,1258.1,0,stooq_json,2015-01-29T21:00:00+00:00,2026-03-07 14:18:40
gold_price_proxy,2015-01-30,1283.8,0,stooq_json,2015-01-30T21:00:00+00:00,2026-03-07 14:18:40
gold_price_proxy,2015-02-02,1273.67,0,stooq_json,2015-02-02T21:00:00+00:00,2026-03-07 14:18:40
gold_price_proxy,2015-02-03,1260.23,0,stooq_json,2015-02-03T21:00:00+00:00,2026-03-07 14:18:40
gold_price_proxy,2015-02-04,1268.82,0,stooq_json,2015-02-04T21:00:00+00:00,2026-03-07 14:18:40
gold_price_proxy,2015-02-05,1264.28,0,stooq_json,2015-02-05T21:00:00+00:00,2026-03-07 14:18:40
gold_price_proxy,2015-02-06,1235.26,0,stooq_json,2015-02-06T21:00:00+00:00,2026-03-07 14:18:40
gold_price_proxy,2015-02-09,1238.62,0,stooq_json,2015-02-09T21:00:00+00:00,2026-03-07 14:18:40
gold_price_proxy,2015-02-10,1233.4,0,stooq_json,2015-02-10T21:00:00+00:00,2026-03-07 14:18:40
gold_price_proxy,2015-02-11,1217.88,0,stooq_json,2015-02-11T21:00:00+00:00,2026-03-07 14:18:40
gold_price_proxy,2015-02-12,1221.99,0,stooq_json,2015-02-12T21:00:00+00:00,2026-03-07 14:18:40
gold_price_proxy,2015-02-13,1228.44,0,stooq_json,2015-02-13T21:00:00+00:00,2026-03-07 14:18:40
gold_price_proxy,2015-02-16,1230.7,0,stooq_json,2015-02-16T21:00:00+00:00,2026-03-07 14:18:40
gold_price_proxy,2015-02-17,1209.22,0,stooq_json,2015-02-17T21:00:00+00:00,2026-03-07 14:18:40
gold_price_proxy,2015-02-18,1212.79,0,stooq_json,2015-02-18T21:00:00+00:00,2026-03-07 14:18:40
gold_price_proxy,2015-02-19,1206.82,0,stooq_json,2015-02-19T21:00:00+00:00,2026-03-07 14:18:40
gold_price_proxy,2015-02-20,1201.11,0,stooq_json,2015-02-20T21:00:00+00:00,2026-03-07 14:18:40
gold_price_proxy,2015-02-23,1201.34,0,stooq_json,2015-02-23T21:00:00+00:00,2026-03-07 14:18:40
gold_price_proxy,2015-02-24,1200.65,0,stooq_json,2015-02-24T21:00:00+00:00,2026-03-07 14:18:40
gold_price_proxy,2015-02-25,1203.86,0,stooq_json,2015-02-25T21:00:00+00:00,2026-03-07 14:18:40
gold_price_proxy,2015-02-26,1209.08,0,stooq_json,2015-02-26T21:00:00+00:00,2026-03-07 14:18:40
gold_price_proxy,2015-02-27,1211.57,0,stooq_json,2015-02-27T21:00:00+00:00,2026-03-07 14:18:40
gold_price_proxy,2015-03-02,1206.38,0,stooq_json,2015-03-02T21:00:00+00:00,2026-03-07 14:18:40
gold_price_proxy,2015-03-03,1203.86,0,stooq_json,2015-03-03T21:00:00+00:00,2026-03-07 14:18:40
gold_price_proxy,2015-03-04,1200.59,0,stooq_json,2015-03-04T21:00:00+00:00,2026-03-07 14:18:40
gold_price_proxy,2015-03-05,1197.91,0,stooq_json,2015-03-05T21:00:00+00:00,2026-03-07 14:18:40
gold_price_proxy,2015-03-06,1165.53,0,stooq_json,2015-03-06T21:00:00+00:00,2026-03-07 14:18:40
gold_price_proxy,2015-03-09,1166.98,0,stooq_json,2015-03-09T21:00:00+00:00,2026-03-07 14:18:40
gold_price_proxy,2015-03-10,1161.4,0,stooq_json,2015-03-10T21:00:00+00:00,2026-03-07 14:18:40
gold_price_proxy,2015-03-11,1155.37,0,stooq_json,2015-03-11T21:00:00+00:00,2026-03-07 14:18:40
gold_price_proxy,2015-03-12,1153.76,0,stooq_json,2015-03-12T21:00:00+00:00,2026-03-07 14:18:40
gold_price_proxy,2015-03-13,1157.34,0,stooq_json,2015-03-13T21:00:00+00:00,2026-03-07 14:18:40
gold_price_proxy,2015-03-16,1154.31,0,stooq_json,2015-03-16T21:00:00+00:00,2026-03-07 14:18:40
gold_price_proxy,2015-03-17,1149.49,0,stooq_json,2015-03-17T21:00:00+00:00,2026-03-07 14:18:40
gold_price_proxy,2015-03-18,1167.99,0,stooq_json,2015-03-18T21:00:00+00:00,2026-03-07 14:18:40
gold_price_proxy,2015-03-19,1171.35,0,stooq_json,2015-03-19T21:00:00+00:00,2026-03-07 14:18:40
gold_price_proxy,2015-03-20,1182.55,0,stooq_json,2015-03-20T21:00:00+00:00,2026-03-07 14:18:40
gold_price_proxy,2015-03-23,1190.08,0,stooq_json,2015-03-23T21:00:00+00:00,2026-03-07 14:18:40
gold_price_proxy,2015-03-24,1193.14,0,stooq_json,2015-03-24T21:00:00+00:00,2026-03-07 14:18:40
gold_price_proxy,2015-03-25,1195.4,0,stooq_json,2015-03-25T21:00:00+00:00,2026-03-07 14:18:40
gold_price_proxy,2015-03-26,1204.16,0,stooq_json,2015-03-26T21:00:00+00:00,2026-03-07 14:18:40
gold_price_proxy,2015-03-27,1198.78,0,stooq_json,2015-03-27T21:00:00+00:00,2026-03-07 14:18:40
gold_price_proxy,2015-03-30,1186.02,0,stooq_json,2015-03-30T21:00:00+00:00,2026-03-07 14:18:40
gold_price_proxy,2015-03-31,1183.38,0,stooq_json,2015-03-31T21:00:00+00:00,2026-03-07 14:18:40
gold_price_proxy,2015-04-01,1204.26,0,stooq_json,2015-04-01T21:00:00+00:00,2026-03-07 14:18:40
gold_price_proxy,2015-04-02,1202.86,0,stooq_json,2015-04-02T21:00:00+00:00,2026-03-07 14:18:40
gold_price_proxy,2015-04-06,1214.82,0,stooq_json,2015-04-06T21:00:00+00:00,2026-03-07 14:18:40
gold_price_proxy,2015-04-07,1208.66,0,stooq_json,2015-04-07T21:00:00+00:00,2026-03-07 14:18:40
gold_price_proxy,2015-04-08,1202.86,0,stooq_json,2015-04-08T21:00:00+00:00,2026-03-07 14:18:40
gold_price_proxy,2015-04-09,1194.76,0,stooq_json,2015-04-09T21:00:00+00:00,2026-03-07 14:18:40
gold_price_proxy,2015-04-10,1208.56,0,stooq_json,2015-04-10T21:00:00+00:00,2026-03-07 14:18:40
gold_price_proxy,2015-04-13,1199.1,0,stooq_json,2015-04-13T21:00:00+00:00,2026-03-07 14:18:40
gold_price_proxy,2015-04-14,1192.71,0,stooq_json,2015-04-14T21:00:00+00:00,2026-03-07 14:18:40
gold_price_proxy,2015-04-15,1202.32,0,stooq_json,2015-04-15T21:00:00+00:00,2026-03-07 14:18:40
gold_price_proxy,2015-04-16,1198.7,0,stooq_json,2015-04-16T21:00:00+00:00,2026-03-07 14:18:40
gold_price_proxy,2015-04-17,1204.81,0,stooq_json,2015-04-17T21:00:00+00:00,2026-03-07 14:18:40
gold_price_proxy,2015-04-20,1196.42,0,stooq_json,2015-04-20T21:00:00+00:00,2026-03-07 14:18:40
gold_price_proxy,2015-04-21,1202.71,0,stooq_json,2015-04-21T21:00:00+00:00,2026-03-07 14:18:40
gold_price_proxy,2015-04-22,1187.61,0,stooq_json,2015-04-22T21:00:00+00:00,2026-03-07 14:18:40
gold_price_proxy,2015-04-23,1194.1,0,stooq_json,2015-04-23T21:00:00+00:00,2026-03-07 14:18:40
gold_price_proxy,2015-04-24,1178.99,0,stooq_json,2015-04-24T21:00:00+00:00,2026-03-07 14:18:40
gold_price_proxy,2015-04-27,1202.14,0,stooq_json,2015-04-27T21:00:00+00:00,2026-03-07 14:18:40
gold_price_proxy,2015-04-28,1212.19,0,stooq_json,2015-04-28T21:00:00+00:00,2026-03-07 14:18:40
gold_price_proxy,2015-04-29,1204.93,0,stooq_json,2015-04-29T21:00:00+00:00,2026-03-07 14:18:40
gold_price_proxy,2015-04-30,1184.5,0,stooq_json,2015-04-30T21:00:00+00:00,2026-03-07 14:18:40
gold_price_proxy,2015-05-01,1177.85,0,stooq_json,2015-05-01T21:00:00+00:00,2026-03-07 14:18:40
gold_price_proxy,2015-05-04,1188.57,0,stooq_json,2015-05-04T21:00:00+00:00,2026-03-07 14:18:40
gold_price_proxy,2015-05-05,1193.51,0,stooq_json,2015-05-05T21:00:00+00:00,2026-03-07 14:18:40
gold_price_proxy,2015-05-06,1192.0,0,stooq_json,2015-05-06T21:00:00+00:00,2026-03-07 14:18:40
gold_price_proxy,2015-05-07,1184.92,0,stooq_json,2015-05-07T21:00:00+00:00,2026-03-07 14:18:40
gold_price_proxy,2015-05-08,1188.37,0,stooq_json,2015-05-08T21:00:00+00:00,2026-03-07 14:18:40
gold_price_proxy,2015-05-11,1184.25,0,stooq_json,2015-05-11T21:00:00+00:00,2026-03-07 14:18:40
gold_price_proxy,2015-05-12,1194.1,0,stooq_json,2015-05-12T21:00:00+00:00,2026-03-07 14:18:40
gold_price_proxy,2015-05-13,1215.33,0,stooq_json,2015-05-13T21:00:00+00:00,2026-03-07 14:18:40
gold_price_proxy,2015-05-14,1221.6,0,stooq_json,2015-05-14T21:00:00+00:00,2026-03-07 14:18:40
gold_price_proxy,2015-05-15,1225.13,0,stooq_json,2015-05-15T21:00:00+00:00,2026-03-07 14:18:40
gold_price_proxy,2015-05-18,1225.89,0,stooq_json,2015-05-18T21:00:00+00:00,2026-03-07 14:18:40
gold_price_proxy,2015-05-19,1208.48,0,stooq_json,2015-05-19T21:00:00+00:00,2026-03-07 14:18:40
gold_price_proxy,2015-05-20,1209.92,0,stooq_json,2015-05-20T21:00:00+00:00,2026-03-07 14:18:40
gold_price_proxy,2015-05-21,1206.92,0,stooq_json,2015-05-21T21:00:00+00:00,2026-03-07 14:18:40
gold_price_proxy,2015-05-22,1205.67,0,stooq_json,2015-05-22T21:00:00+00:00,2026-03-07 14:18:40
gold_price_proxy,2015-05-25,1207.46,0,stooq_json,2015-05-25T21:00:00+00:00,2026-03-07 14:18:40
gold_price_proxy,2015-05-26,1187.99,0,stooq_json,2015-05-26T21:00:00+00:00,2026-03-07 14:18:40
gold_price_proxy,2015-05-27,1188.32,0,stooq_json,2015-05-27T21:00:00+00:00,2026-03-07 14:18:40
gold_price_proxy,2015-05-28,1188.61,0,stooq_json,2015-05-28T21:00:00+00:00,2026-03-07 14:18:40
gold_price_proxy,2015-05-29,1190.22,0,stooq_json,2015-05-29T21:00:00+00:00,2026-03-07 14:18:40
gold_price_proxy,2015-06-01,1189.6,0,stooq_json,2015-06-01T21:00:00+00:00,2026-03-07 14:18:40
gold_price_proxy,2015-06-02,1193.44,0,stooq_json,2015-06-02T21:00:00+00:00,2026-03-07 14:18:40
gold_price_proxy,2015-06-03,1185.82,0,stooq_json,2015-06-03T21:00:00+00:00,2026-03-07 14:18:40
gold_price_proxy,2015-06-04,1177.01,0,stooq_json,2015-06-04T21:00:00+00:00,2026-03-07 14:18:40
gold_price_proxy,2015-06-05,1171.2,0,stooq_json,2015-06-05T21:00:00+00:00,2026-03-07 14:18:40
gold_price_proxy,2015-06-08,1174.09,0,stooq_json,2015-06-08T21:00:00+00:00,2026-03-07 14:18:40
gold_price_proxy,2015-06-09,1176.76,0,stooq_json,2015-06-09T21:00:00+00:00,2026-03-07 14:18:40
gold_price_proxy,2015-06-10,1185.95,0,stooq_json,2015-06-10T21:00:00+00:00,2026-03-07 14:18:40
gold_price_proxy,2015-06-11,1182.43,0,stooq_json,2015-06-11T21:00:00+00:00,2026-03-07 14:18:40
gold_price_proxy,2015-06-12,1181.35,0,stooq_json,2015-06-12T21:00:00+00:00,2026-03-07 14:18:40
gold_price_proxy,2015-06-15,1186.57,0,stooq_json,2015-06-15T21:00:00+00:00,2026-03-07 14:18:40
gold_price_proxy,2015-06-16,1181.94,0,stooq_json,2015-06-16T21:00:00+00:00,2026-03-07 14:18:40
gold_price_proxy,2015-06-17,1185.34,0,stooq_json,2015-06-17T21:00:00+00:00,2026-03-07 14:18:40
gold_price_proxy,2015-06-18,1202.0,0,stooq_json,2015-06-18T21:00:00+00:00,2026-03-07 14:18:40
gold_price_proxy,2015-06-19,1201.19,0,stooq_json,2015-06-19T21:00:00+00:00,2026-03-07 14:18:40
gold_price_proxy,2015-06-22,1186.1,0,stooq_json,2015-06-22T21:00:00+00:00,2026-03-07 14:18:40
gold_price_proxy,2015-06-23,1178.35,0,stooq_json,2015-06-23T21:00:00+00:00,2026-03-07 14:18:40
gold_price_proxy,2015-06-24,1175.34,0,stooq_json,2015-06-24T21:00:00+00:00,2026-03-07 14:18:40
gold_price_proxy,2015-06-25,1173.29,0,stooq_json,2015-06-25T21:00:00+00:00,2026-03-07 14:18:40
gold_price_proxy,2015-06-26,1174.78,0,stooq_json,2015-06-26T21:00:00+00:00,2026-03-07 14:18:40
gold_price_proxy,2015-06-29,1180.23,0,stooq_json,2015-06-29T21:00:00+00:00,2026-03-07 14:18:40
gold_price_proxy,2015-06-30,1172.36,0,stooq_json,2015-06-30T21:00:00+00:00,2026-03-07 14:18:40
gold_price_proxy,2015-07-01,1169.19,0,stooq_json,2015-07-01T21:00:00+00:00,2026-03-07 14:18:40
gold_price_proxy,2015-07-02,1166.65,0,stooq_json,2015-07-02T21:00:00+00:00,2026-03-07 14:18:40
gold_price_proxy,2015-07-03,1168.83,0,stooq_json,2015-07-03T21:00:00+00:00,2026-03-07 14:18:40
gold_price_proxy,2015-07-06,1170.24,0,stooq_json,2015-07-06T21:00:00+00:00,2026-03-07 14:18:40
gold_price_proxy,2015-07-07,1155.25,0,stooq_json,2015-07-07T21:00:00+00:00,2026-03-07 14:18:40
gold_price_proxy,2015-07-08,1158.87,0,stooq_json,2015-07-08T21:00:00+00:00,2026-03-07 14:18:40
gold_price_proxy,2015-07-09,1159.88,0,stooq_json,2015-07-09T21:00:00+00:00,2026-03-07 14:18:40
gold_price_proxy,2015-07-10,1162.78,0,stooq_json,2015-07-10T21:00:00+00:00,2026-03-07 14:18:40
gold_price_proxy,2015-07-13,1157.83,0,stooq_json,2015-07-13T21:00:00+00:00,2026-03-07 14:18:40
gold_price_proxy,2015-07-14,1156.09,0,stooq_json,2015-07-14T21:00:00+00:00,2026-03-07 14:18:40
gold_price_proxy,2015-07-15,1149.12,0,stooq_json,2015-07-15T21:00:00+00:00,2026-03-07 14:18:40
gold_price_proxy,2015-07-16,1145.8,0,stooq_json,2015-07-16T21:00:00+00:00,2026-03-07 14:18:40
gold_price_proxy,2015-07-17,1134.11,0,stooq_json,2015-07-17T21:00:00+00:00,2026-03-07 14:18:40
gold_price_proxy,2015-07-20,1097.51,0,stooq_json,2015-07-20T21:00:00+00:00,2026-03-07 14:18:40
gold_price_proxy,2015-07-21,1101.78,0,stooq_json,2015-07-21T21:00:00+00:00,2026-03-07 14:18:40
gold_price_proxy,2015-07-22,1094.78,0,stooq_json,2015-07-22T21:00:00+00:00,2026-03-07 14:18:40
gold_price_proxy,2015-07-23,1091.01,0,stooq_json,2015-07-23T21:00:00+00:00,2026-03-07 14:18:40
gold_price_proxy,2015-07-24,1098.97,0,stooq_json,2015-07-24T21:00:00+00:00,2026-03-07 14:18:40
gold_price_proxy,2015-07-27,1094.23,0,stooq_json,2015-07-27T21:00:00+00:00,2026-03-07 14:18:40
gold_price_proxy,2015-07-28,1095.85,0,stooq_json,2015-07-28T21:00:00+00:00,2026-03-07 14:18:40
gold_price_proxy,2015-07-29,1096.68,0,stooq_json,2015-07-29T21:00:00+00:00,2026-03-07 14:18:40
gold_price_proxy,2015-07-30,1088.64,0,stooq_json,2015-07-30T21:00:00+00:00,2026-03-07 14:18:40
gold_price_proxy,2015-07-31,1095.23,0,stooq_json,2015-07-31T21:00:00+00:00,2026-03-07 14:18:40
gold_price_proxy,2015-08-03,1086.78,0,stooq_json,2015-08-03T21:00:00+00:00,2026-03-07 14:18:40
gold_price_proxy,2015-08-04,1088.13,0,stooq_json,2015-08-04T21:00:00+00:00,2026-03-07 14:18:40
gold_price_proxy,2015-08-05,1085.67,0,stooq_json,2015-08-05T21:00:00+00:00,2026-03-07 14:18:40
gold_price_proxy,2015-08-06,1089.98,0,stooq_json,2015-08-06T21:00:00+00:00,2026-03-07 14:18:40
gold_price_proxy,2015-08-07,1092.48,0,stooq_json,2015-08-07T21:00:00+00:00,2026-03-07 14:18:40
gold_price_proxy,2015-08-10,1104.85,0,stooq_json,2015-08-10T21:00:00+00:00,2026-03-07 14:18:40
gold_price_proxy,2015-08-11,1109.23,0,stooq_json,2015-08-11T21:00:00+00:00,2026-03-07 14:18:40
gold_price_proxy,2015-08-12,1125.29,0,stooq_json,2015-08-12T21:00:00+00:00,2026-03-07 14:18:40
gold_price_proxy,2015-08-13,1115.49,0,stooq_json,2015-08-13T21:00:00+00:00,2026-03-07 14:18:40
gold_price_proxy,2015-08-14,1115.41,0,stooq_json,2015-08-14T21:00:00+00:00,2026-03-07 14:18:40
gold_price_proxy,2015-08-17,1117.51,0,stooq_json,2015-08-17T21:00:00+00:00,2026-03-07 14:18:40
gold_price_proxy,2015-08-18,1117.87,0,stooq_json,2015-08-18T21:00:00+00:00,2026-03-07 14:18:40
gold_price_proxy,2015-08-19,1133.85,0,stooq_json,2015-08-19T21:00:00+00:00,2026-03-07 14:18:40
gold_price_proxy,2015-08-20,1153.27,0,stooq_json,2015-08-20T21:00:00+00:00,2026-03-07 14:18:40
gold_price_proxy,2015-08-21,1159.56,0,stooq_json,2015-08-21T21:00:00+00:00,2026-03-07 14:18:40
gold_price_proxy,2015-08-24,1155.39,0,stooq_json,2015-08-24T21:00:00+00:00,2026-03-07 14:18:40
gold_price_proxy,2015-08-25,1140.72,0,stooq_json,2015-08-25T21:00:00+00:00,2026-03-07 14:18:40
gold_price_proxy,2015-08-26,1124.88,0,stooq_json,2015-08-26T21:00:00+00:00,2026-03-07 14:18:40
gold_price_proxy,2015-08-27,1125.34,0,stooq_json,2015-08-27T21:00:00+00:00,2026-03-07 14:18:40
gold_price_proxy,2015-08-28,1134.33,0,stooq_json,2015-08-28T21:00:00+00:00,2026-03-07 14:18:40
gold_price_proxy,2015-08-31,1134.6,0,stooq_json,2015-08-31T21:00:00+00:00,2026-03-07 14:18:40
gold_price_proxy,2015-09-01,1140.14,0,stooq_json,2015-09-01T21:00:00+00:00,2026-03-07 14:18:40
gold_price_proxy,2015-09-02,1134.03,0,stooq_json,2015-09-02T21:00:00+00:00,2026-03-07 14:18:40
gold_price_proxy,2015-09-03,1125.89,0,stooq_json,2015-09-03T21:00:00+00:00,2026-03-07 14:18:40
gold_price_proxy,2015-09-04,1122.28,0,stooq_json,2015-09-04T21:00:00+00:00,2026-03-07 14:18:40
gold_price_proxy,2015-09-07,1119.63,0,stooq_json,2015-09-07T21:00:00+00:00,2026-03-07 14:18:40
gold_price_proxy,2015-09-08,1121.79,0,stooq_json,2015-09-08T21:00:00+00:00,2026-03-07 14:18:40
gold_price_proxy,2015-09-09,1107.14,0,stooq_json,2015-09-09T21:00:00+00:00,2026-03-07 14:18:40
gold_price_proxy,2015-09-10,1110.96,0,stooq_json,2015-09-10T21:00:00+00:00,2026-03-07 14:18:40
gold_price_proxy,2015-09-11,1107.98,0,stooq_json,2015-09-11T21:00:00+00:00,2026-03-07 14:18:40
gold_price_proxy,2015-09-14,1108.23,0,stooq_json,2015-09-14T21:00:00+00:00,2026-03-07 14:18:40
gold_price_proxy,2015-09-15,1105.19,0,stooq_json,2015-09-15T21:00:00+00:00,2026-03-07 14:18:40
gold_price_proxy,2015-09-16,1118.96,0,stooq_json,2015-09-16T21:00:00+00:00,2026-03-07 14:18:40
gold_price_proxy,2015-09-17,1131.11,0,stooq_json,2015-09-17T21:00:00+00:00,2026-03-07 14:18:40
gold_price_proxy,2015-09-18,1139.55,0,stooq_json,2015-09-18T21:00:00+00:00,2026-03-07 14:18:40
gold_price_proxy,2015-09-21,1133.84,0,stooq_json,2015-09-21T21:00:00+00:00,2026-03-07 14:18:40
gold_price_proxy,2015-09-22,1125.42,0,stooq_json,2015-09-22T21:00:00+00:00,2026-03-07 14:18:40
gold_price_proxy,2015-09-23,1130.55,0,stooq_json,2015-09-23T21:00:00+00:00,2026-03-07 14:18:40
gold_price_proxy,2015-09-24,1153.56,0,stooq_json,2015-09-24T21:00:00+00:00,2026-03-07 14:18:40
gold_price_proxy,2015-09-25,1146.81,0,stooq_json,2015-09-25T21:00:00+00:00,2026-03-07 14:18:40
gold_price_proxy,2015-09-28,1132.56,0,stooq_json,2015-09-28T21:00:00+00:00,2026-03-07 14:18:40
gold_price_proxy,2015-09-29,1127.87,0,stooq_json,2015-09-29T21:00:00+00:00,2026-03-07 14:18:40
gold_price_proxy,2015-09-30,1115.34,0,stooq_json,2015-09-30T21:00:00+00:00,2026-03-07 14:18:40
gold_price_proxy,2015-10-01,1114.07,0,stooq_json,2015-10-01T21:00:00+00:00,2026-03-07 14:18:40
gold_price_proxy,2015-10-02,1137.99,0,stooq_json,2015-10-02T21:00:00+00:00,2026-03-07 14:18:40
gold_price_proxy,2015-10-05,1135.9,0,stooq_json,2015-10-05T21:00:00+00:00,2026-03-07 14:18:40
gold_price_proxy,2015-10-06,1147.23,0,stooq_json,2015-10-06T21:00:00+00:00,2026-03-07 14:18:40
gold_price_proxy,2015-10-07,1145.55,0,stooq_json,2015-10-07T21:00:00+00:00,2026-03-07 14:18:40
gold_price_proxy,2015-10-08,1139.53,0,stooq_json,2015-10-08T21:00:00+00:00,2026-03-07 14:18:40
gold_price_proxy,2015-10-09,1157.58,0,stooq_json,2015-10-09T21:00:00+00:00,2026-03-07 14:18:40
gold_price_proxy,2015-10-12,1164.59,0,stooq_json,2015-10-12T21:00:00+00:00,2026-03-07 14:18:40
gold_price_proxy,2015-10-13,1169.19,0,stooq_json,2015-10-13T21:00:00+00:00,2026-03-07 14:18:40
gold_price_proxy,2015-10-14,1183.79,0,stooq_json,2015-10-14T21:00:00+00:00,2026-03-07 14:18:40
gold_price_proxy,2015-10-15,1183.65,0,stooq_json,2015-10-15T21:00:00+00:00,2026-03-07 14:18:40
gold_price_proxy,2015-10-16,1176.38,0,stooq_json,2015-10-16T21:00:00+00:00,2026-03-07 14:18:40
gold_price_proxy,2015-10-19,1171.07,0,stooq_json,2015-10-19T21:00:00+00:00,2026-03-07 14:18:40
gold_price_proxy,2015-10-20,1176.09,0,stooq_json,2015-10-20T21:00:00+00:00,2026-03-07 14:18:40
gold_price_proxy,2015-10-21,1168.32,0,stooq_json,2015-10-21T21:00:00+00:00,2026-03-07 14:18:40
gold_price_proxy,2015-10-22,1165.97,0,stooq_json,2015-10-22T21:00:00+00:00,2026-03-07 14:18:40
gold_price_proxy,2015-10-23,1165.02,0,stooq_json,2015-10-23T21:00:00+00:00,2026-03-07 14:18:40
gold_price_proxy,2015-10-26,1163.51,0,stooq_json,2015-10-26T21:00:00+00:00,2026-03-07 14:18:40
gold_price_proxy,2015-10-27,1166.9,0,stooq_json,2015-10-27T21:00:00+00:00,2026-03-07 14:18:40
gold_price_proxy,2015-10-28,1157.61,0,stooq_json,2015-10-28T21:00:00+00:00,2026-03-07 14:18:40
gold_price_proxy,2015-10-29,1147.8,0,stooq_json,2015-10-29T21:00:00+00:00,2026-03-07 14:18:40
gold_price_proxy,2015-10-30,1142.22,0,stooq_json,2015-10-30T21:00:00+00:00,2026-03-07 14:18:40
gold_price_proxy,2015-11-02,1134.72,0,stooq_json,2015-11-02T21:00:00+00:00,2026-03-07 14:18:40
gold_price_proxy,2015-11-03,1117.93,0,stooq_json,2015-11-03T21:00:00+00:00,2026-03-07 14:18:40
gold_price_proxy,2015-11-04,1107.95,0,stooq_json,2015-11-04T21:00:00+00:00,2026-03-07 14:18:40
gold_price_proxy,2015-11-05,1104.63,0,stooq_json,2015-11-05T21:00:00+00:00,2026-03-07 14:18:40
gold_price_proxy,2015-11-06,1088.36,0,stooq_json,2015-11-06T21:00:00+00:00,2026-03-07 14:18:40
gold_price_proxy,2015-11-09,1092.28,0,stooq_json,2015-11-09T21:00:00+00:00,2026-03-07 14:18:40
gold_price_proxy,2015-11-10,1090.32,0,stooq_json,2015-11-10T21:00:00+00:00,2026-03-07 14:18:40
gold_price_proxy,2015-11-11,1086.46,0,stooq_json,2015-11-11T21:00:00+00:00,2026-03-07 14:18:40
gold_price_proxy,2015-11-12,1085.8,0,stooq_json,2015-11-12T21:00:00+00:00,2026-03-07 14:18:40
gold_price_proxy,2015-11-13,1082.07,0,stooq_json,2015-11-13T21:00:00+00:00,2026-03-07 14:18:40
gold_price_proxy,2015-11-16,1083.94,0,stooq_json,2015-11-16T21:00:00+00:00,2026-03-07 14:18:40
gold_price_proxy,2015-11-17,1071.24,0,stooq_json,2015-11-17T21:00:00+00:00,2026-03-07 14:18:40
gold_price_proxy,2015-11-18,1070.7,0,stooq_json,2015-11-18T21:00:00+00:00,2026-03-07 14:18:40
gold_price_proxy,2015-11-19,1082.07,0,stooq_json,2015-11-19T21:00:00+00:00,2026-03-07 14:18:40
gold_price_proxy,2015-11-20,1077.73,0,stooq_json,2015-11-20T21:00:00+00:00,2026-03-07 14:18:40
gold_price_proxy,2015-11-23,1068.63,0,stooq_json,2015-11-23T21:00:00+00:00,2026-03-07 14:18:40
gold_price_proxy,2015-11-24,1075.6,0,stooq_json,2015-11-24T21:00:00+00:00,2026-03-07 14:18:40
gold_price_proxy,2015-11-25,1072.13,0,stooq_json,2015-11-25T21:00:00+00:00,2026-03-07 14:18:40
gold_price_proxy,2015-11-26,1072.22,0,stooq_json,2015-11-26T21:00:00+00:00,2026-03-07 14:18:40
gold_price_proxy,2015-11-27,1058.63,0,stooq_json,2015-11-27T21:00:00+00:00,2026-03-07 14:18:40
gold_price_proxy,2015-11-30,1064.66,0,stooq_json,2015-11-30T21:00:00+00:00,2026-03-07 14:18:40
gold_price_proxy,2015-12-01,1069.24,0,stooq_json,2015-12-01T21:00:00+00:00,2026-03-07 14:18:40
gold_price_proxy,2015-12-02,1054.13,0,stooq_json,2015-12-02T21:00:00+00:00,2026-03-07 14:18:40
gold_price_proxy,2015-12-03,1061.79,0,stooq_json,2015-12-03T21:00:00+00:00,2026-03-07 14:18:40
gold_price_proxy,2015-12-04,1087.07,0,stooq_json,2015-12-04T21:00:00+00:00,2026-03-07 14:18:40
gold_price_proxy,2015-12-07,1071.34,0,stooq_json,2015-12-07T21:00:00+00:00,2026-03-07 14:18:40
gold_price_proxy,2015-12-08,1075.03,0,stooq_json,2015-12-08T21:00:00+00:00,2026-03-07 14:18:40
gold_price_proxy,2015-12-09,1073.22,0,stooq_json,2015-12-09T21:00:00+00:00,2026-03-07 14:18:40
gold_price_proxy,2015-12-10,1072.08,0,stooq_json,2015-12-10T21:00:00+00:00,2026-03-07 14:18:40
gold_price_proxy,2015-12-11,1077.26,0,stooq_json,2015-12-11T21:00:00+00:00,2026-03-07 14:18:40
gold_price_proxy,2015-12-14,1060.19,0,stooq_json,2015-12-14T21:00:00+00:00,2026-03-07 14:18:40
gold_price_proxy,2015-12-15,1061.73,0,stooq_json,2015-12-15T21:00:00+00:00,2026-03-07 14:18:40
gold_price_proxy,2015-12-16,1072.26,0,stooq_json,2015-12-16T21:00:00+00:00,2026-03-07 14:18:40
gold_price_proxy,2015-12-17,1051.58,0,stooq_json,2015-12-17T21:00:00+00:00,2026-03-07 14:18:40
gold_price_proxy,2015-12-18,1066.65,0,stooq_json,2015-12-18T21:00:00+00:00,2026-03-07 14:18:40
gold_price_proxy,2015-12-21,1080.28,0,stooq_json,2015-12-21T21:00:00+00:00,2026-03-07 14:18:40
gold_price_proxy,2015-12-22,1072.47,0,stooq_json,2015-12-22T21:00:00+00:00,2026-03-07 14:18:40
gold_price_proxy,2015-12-23,1071.13,0,stooq_json,2015-12-23T21:00:00+00:00,2026-03-07 14:18:40
gold_price_proxy,2015-12-24,1076.88,0,stooq_json,2015-12-24T21:00:00+00:00,2026-03-07 14:18:40
gold_price_proxy,2015-12-28,1069.83,0,stooq_json,2015-12-28T21:00:00+00:00,2026-03-07 14:18:40
gold_price_proxy,2015-12-29,1069.11,0,stooq_json,2015-12-29T21:00:00+00:00,2026-03-07 14:18:40
gold_price_proxy,2015-12-30,1061.53,0,stooq_json,2015-12-30T21:00:00+00:00,2026-03-07 14:18:40
gold_price_proxy,2015-12-31,1061.46,0,stooq_json,2015-12-31T21:00:00+00:00,2026-03-07 14:18:40
gold_price_proxy,2016-01-04,1074.42,0,stooq_json,2016-01-04T21:00:00+00:00,2026-03-07 14:18:40
gold_price_proxy,2016-01-05,1077.94,0,stooq_json,2016-01-05T21:00:00+00:00,2026-03-07 14:18:40
gold_price_proxy,2016-01-06,1093.77,0,stooq_json,2016-01-06T21:00:00+00:00,2026-03-07 14:18:40
gold_price_proxy,2016-01-07,1109.92,0,stooq_json,2016-01-07T21:00:00+00:00,2026-03-07 14:18:40
gold_price_proxy,2016-01-08,1103.96,0,stooq_json,2016-01-08T21:00:00+00:00,2026-03-07 14:18:40
gold_price_proxy,2016-01-11,1094.56,0,stooq_json,2016-01-11T21:00:00+00:00,2026-03-07 14:18:40
gold_price_proxy,2016-01-12,1086.41,0,stooq_json,2016-01-12T21:00:00+00:00,2026-03-07 14:18:40
gold_price_proxy,2016-01-13,1093.66,0,stooq_json,2016-01-13T21:00:00+00:00,2026-03-07 14:18:40
gold_price_proxy,2016-01-14,1079.23,0,stooq_json,2016-01-14T21:00:00+00:00,2026-03-07 14:18:40
gold_price_proxy,2016-01-15,1088.11,0,stooq_json,2016-01-15T21:00:00+00:00,2026-03-07 14:18:40
gold_price_proxy,2016-01-18,1089.1,0,stooq_json,2016-01-18T21:00:00+00:00,2026-03-07 14:18:40
gold_price_proxy,2016-01-19,1087.83,0,stooq_json,2016-01-19T21:00:00+00:00,2026-03-07 14:18:40
gold_price_proxy,2016-01-20,1101.32,0,stooq_json,2016-01-20T21:00:00+00:00,2026-03-07 14:18:40
gold_price_proxy,2016-01-21,1101.41,0,stooq_json,2016-01-21T21:00:00+00:00,2026-03-07 14:18:40
gold_price_proxy,2016-01-22,1097.66,0,stooq_json,2016-01-22T21:00:00+00:00,2026-03-07 14:18:40
gold_price_proxy,2016-01-25,1107.95,0,stooq_json,2016-01-25T21:00:00+00:00,2026-03-07 14:18:40
gold_price_proxy,2016-01-26,1120.08,0,stooq_json,2016-01-26T21:00:00+00:00,2026-03-07 14:18:40
gold_price_proxy,2016-01-27,1125.06,0,stooq_json,2016-01-27T21:00:00+00:00,2026-03-07 14:18:40
gold_price_proxy,2016-01-28,1115.13,0,stooq_json,2016-01-28T21:00:00+00:00,2026-03-07 14:18:40
gold_price_proxy,2016-01-29,1117.69,0,stooq_json,2016-01-29T21:00:00+00:00,2026-03-07 14:18:40
gold_price_proxy,2016-02-01,1127.9,0,stooq_json,2016-02-01T21:00:00+00:00,2026-03-07 14:18:40
gold_price_proxy,2016-02-02,1129.07,0,stooq_json,2016-02-02T21:00:00+00:00,2026-03-07 14:18:40
gold_price_proxy,2016-02-03,1142.65,0,stooq_json,2016-02-03T21:00:00+00:00,2026-03-07 14:18:40
gold_price_proxy,2016-02-04,1156.09,0,stooq_json,2016-02-04T21:00:00+00:00,2026-03-07 14:18:40
gold_price_proxy,2016-02-05,1173.45,0,stooq_json,2016-02-05T21:00:00+00:00,2026-03-07 14:18:40
gold_price_proxy,2016-02-08,1189.42,0,stooq_json,2016-02-08T21:00:00+00:00,2026-03-07 14:18:40
gold_price_proxy,2016-02-09,1189.08,0,stooq_json,2016-02-09T21:00:00+00:00,2026-03-07 14:18:40
gold_price_proxy,2016-02-10,1195.8,0,stooq_json,2016-02-10T21:00:00+00:00,2026-03-07 14:18:40
gold_price_proxy,2016-02-11,1247.25,0,stooq_json,2016-02-11T21:00:00+00:00,2026-03-07 14:18:40
gold_price_proxy,2016-02-12,1238.61,0,stooq_json,2016-02-12T21:00:00+00:00,2026-03-07 14:18:40
gold_price_proxy,2016-02-15,1209.52,0,stooq_json,2016-02-15T21:00:00+00:00,2026-03-07 14:18:40
gold_price_proxy,2016-02-16,1200.8,0,stooq_json,2016-02-16T21:00:00+00:00,2026-03-07 14:18:40
gold_price_proxy,2016-02-17,1209.41,0,stooq_json,2016-02-17T21:00:00+00:00,2026-03-07 14:18:40
gold_price_proxy,2016-02-18,1230.9,0,stooq_json,2016-02-18T21:00:00+00:00,2026-03-07 14:18:40
gold_price_proxy,2016-02-19,1229.46,0,stooq_json,2016-02-19T21:00:00+00:00,2026-03-07 14:18:40
gold_price_proxy,2016-02-22,1208.38,0,stooq_json,2016-02-22T21:00:00+00:00,2026-03-07 14:18:40
gold_price_proxy,2016-02-23,1226.09,0,stooq_json,2016-02-23T21:00:00+00:00,2026-03-07 14:18:40
gold_price_proxy,2016-02-24,1228.87,0,stooq_json,2016-02-24T21:00:00+00:00,2026-03-07 14:18:40
gold_price_proxy,2016-02-25,1233.17,0,stooq_json,2016-02-25T21:00:00+00:00,2026-03-07 14:18:40
gold_price_proxy,2016-02-26,1224.01,0,stooq_json,2016-02-26T21:00:00+00:00,2026-03-07 14:18:40
gold_price_proxy,2016-02-29,1238.86,0,stooq_json,2016-02-29T21:00:00+00:00,2026-03-07 14:18:40
gold_price_proxy,2016-03-01,1232.66,0,stooq_json,2016-03-01T21:00:00+00:00,2026-03-07 14:18:40
gold_price_proxy,2016-03-02,1239.83,0,stooq_json,2016-03-02T21:00:00+00:00,2026-03-07 14:18:40
gold_price_proxy,2016-03-03,1264.87,0,stooq_json,2016-03-03T21:00:00+00:00,2026-03-07 14:18:40
gold_price_proxy,2016-03-04,1261.55,0,stooq_json,2016-03-04T21:00:00+00:00,2026-03-07 14:18:40
gold_price_proxy,2016-03-07,1267.54,0,stooq_json,2016-03-07T21:00:00+00:00,2026-03-07 14:18:40
gold_price_proxy,2016-03-08,1261.67,0,stooq_json,2016-03-08T21:00:00+00:00,2026-03-07 14:18:40
gold_price_proxy,2016-03-09,1253.93,0,stooq_json,2016-03-09T21:00:00+00:00,2026-03-07 14:18:40
gold_price_proxy,2016-03-10,1272.29,0,stooq_json,2016-03-10T21:00:00+00:00,2026-03-07 14:18:40
gold_price_proxy,2016-03-11,1250.22,0,stooq_json,2016-03-11T21:00:00+00:00,2026-03-07 14:18:40
gold_price_proxy,2016-03-14,1233.94,0,stooq_json,2016-03-14T21:00:00+00:00,2026-03-07 14:18:40
gold_price_proxy,2016-03-15,1233.46,0,stooq_json,2016-03-15T21:00:00+00:00,2026-03-07 14:18:40
gold_price_proxy,2016-03-16,1260.7,0,stooq_json,2016-03-16T21:00:00+00:00,2026-03-07 14:18:40
gold_price_proxy,2016-03-17,1257.17,0,stooq_json,2016-03-17T21:00:00+00:00,2026-03-07 14:18:40
gold_price_proxy,2016-03-18,1255.67,0,stooq_json,2016-03-18T21:00:00+00:00,2026-03-07 14:18:40
gold_price_proxy,2016-03-21,1243.69,0,stooq_json,2016-03-21T21:00:00+00:00,2026-03-07 14:18:40
gold_price_proxy,2016-03-22,1248.76,0,stooq_json,2016-03-22T21:00:00+00:00,2026-03-07 14:18:40
gold_price_proxy,2016-03-23,1222.44,0,stooq_json,2016-03-23T21:00:00+00:00,2026-03-07 14:18:40
gold_price_proxy,2016-03-24,1217.18,0,stooq_json,2016-03-24T21:00:00+00:00,2026-03-07 14:18:40
gold_price_proxy,2016-03-28,1221.97,0,stooq_json,2016-03-28T21:00:00+00:00,2026-03-07 14:18:40
gold_price_proxy,2016-03-29,1242.05,0,stooq_json,2016-03-29T21:00:00+00:00,2026-03-07 14:18:40
gold_price_proxy,2016-03-30,1225.37,0,stooq_json,2016-03-30T21:00:00+00:00,2026-03-07 14:18:40
gold_price_proxy,2016-03-31,1232.95,0,stooq_json,2016-03-31T21:00:00+00:00,2026-03-07 14:18:40
gold_price_proxy,2016-04-01,1223.75,0,stooq_json,2016-04-01T21:00:00+00:00,2026-03-07 14:18:40
gold_price_proxy,2016-04-04,1215.59,0,stooq_json,2016-04-04T21:00:00+00:00,2026-03-07 14:18:40
gold_price_proxy,2016-04-05,1231.32,0,stooq_json,2016-04-05T21:00:00+00:00,2026-03-07 14:18:40
gold_price_proxy,2016-04-06,1222.73,0,stooq_json,2016-04-06T21:00:00+00:00,2026-03-07 14:18:40
gold_price_proxy,2016-04-07,1240.42,0,stooq_json,2016-04-07T21:00:00+00:00,2026-03-07 14:18:40
gold_price_proxy,2016-04-08,1239.8,0,stooq_json,2016-04-08T21:00:00+00:00,2026-03-07 14:18:40
gold_price_proxy,2016-04-11,1258.1,0,stooq_json,2016-04-11T21:00:00+00:00,2026-03-07 14:18:40
gold_price_proxy,2016-04-12,1255.49,0,stooq_json,2016-04-12T21:00:00+00:00,2026-03-07 14:18:40
gold_price_proxy,2016-04-13,1242.88,0,stooq_json,2016-04-13T21:00:00+00:00,2026-03-07 14:18:40
gold_price_proxy,2016-04-14,1227.85,0,stooq_json,2016-04-14T21:00:00+00:00,2026-03-07 14:18:40
gold_price_proxy,2016-04-15,1234.26,0,stooq_json,2016-04-15T21:00:00+00:00,2026-03-07 14:18:40
gold_price_proxy,2016-04-18,1232.25,0,stooq_json,2016-04-18T21:00:00+00:00,2026-03-07 14:18:40
gold_price_proxy,2016-04-19,1250.29,0,stooq_json,2016-04-19T21:00:00+00:00,2026-03-07 14:18:40
gold_price_proxy,2016-04-20,1244.09,0,stooq_json,2016-04-20T21:00:00+00:00,2026-03-07 14:18:40
gold_price_proxy,2016-04-21,1248.33,0,stooq_json,2016-04-21T21:00:00+00:00,2026-03-07 14:18:40
gold_price_proxy,2016-04-22,1233.84,0,stooq_json,2016-04-22T21:00:00+00:00,2026-03-07 14:18:40
gold_price_proxy,2016-04-25,1238.32,0,stooq_json,2016-04-25T21:00:00+00:00,2026-03-07 14:18:40
gold_price_proxy,2016-04-26,1243.64,0,stooq_json,2016-04-26T21:00:00+00:00,2026-03-07 14:18:40
gold_price_proxy,2016-04-27,1245.78,0,stooq_json,2016-04-27T21:00:00+00:00,2026-03-07 14:18:40
gold_price_proxy,2016-04-28,1266.25,0,stooq_json,2016-04-28T21:00:00+00:00,2026-03-07 14:18:40
gold_price_proxy,2016-04-29,1293.03,0,stooq_json,2016-04-29T21:00:00+00:00,2026-03-07 14:18:40
gold_price_proxy,2016-05-02,1291.85,0,stooq_json,2016-05-02T21:00:00+00:00,2026-03-07 14:18:40
gold_price_proxy,2016-05-03,1286.62,0,stooq_json,2016-05-03T21:00:00+00:00,2026-03-07 14:18:40
gold_price_proxy,2016-05-04,1279.7,0,stooq_json,2016-05-04T21:00:00+00:00,2026-03-07 14:18:40
gold_price_proxy,2016-05-05,1278.12,0,stooq_json,2016-05-05T21:00:00+00:00,2026-03-07 14:18:40
gold_price_proxy,2016-05-06,1288.89,0,stooq_json,2016-05-06T21:00:00+00:00,2026-03-07 14:18:40
gold_price_proxy,2016-05-09,1264.09,0,stooq_json,2016-05-09T21:00:00+00:00,2026-03-07 14:18:40
gold_price_proxy,2016-05-10,1265.96,0,stooq_json,2016-05-10T21:00:00+00:00,2026-03-07 14:18:40
gold_price_proxy,2016-05-11,1277.28,0,stooq_json,2016-05-11T21:00:00+00:00,2026-03-07 14:18:40
gold_price_proxy,2016-05-12,1263.55,0,stooq_json,2016-05-12T21:00:00+00:00,2026-03-07 14:18:40
gold_price_proxy,2016-05-13,1273.9,0,stooq_json,2016-05-13T21:00:00+00:00,2026-03-07 14:18:40
gold_price_proxy,2016-05-16,1274.28,0,stooq_json,2016-05-16T21:00:00+00:00,2026-03-07 14:18:40
gold_price_proxy,2016-05-17,1279.1,0,stooq_json,2016-05-17T21:00:00+00:00,2026-03-07 14:18:40
gold_price_proxy,2016-05-18,1258.75,0,stooq_json,2016-05-18T21:00:00+00:00,2026-03-07 14:18:40
gold_price_proxy,2016-05-19,1255.41,0,stooq_json,2016-05-19T21:00:00+00:00,2026-03-07 14:18:40
gold_price_proxy,2016-05-20,1252.7,0,stooq_json,2016-05-20T21:00:00+00:00,2026-03-07 14:18:40
gold_price_proxy,2016-05-23,1249.01,0,stooq_json,2016-05-23T21:00:00+00:00,2026-03-07 14:18:40
gold_price_proxy,2016-05-24,1227.09,0,stooq_json,2016-05-24T21:00:00+00:00,2026-03-07 14:18:40
gold_price_proxy,2016-05-25,1224.16,0,stooq_json,2016-05-25T21:00:00+00:00,2026-03-07 14:18:40
gold_price_proxy,2016-05-26,1220.47,0,stooq_json,2016-05-26T21:00:00+00:00,2026-03-07 14:18:40
gold_price_proxy,2016-05-27,1210.39,0,stooq_json,2016-05-27T21:00:00+00:00,2026-03-07 14:18:40
gold_price_proxy,2016-05-30,1205.73,0,stooq_json,2016-05-30T21:00:00+00:00,2026-03-07 14:18:40
gold_price_proxy,2016-05-31,1215.74,0,stooq_json,2016-05-31T21:00:00+00:00,2026-03-07 14:18:40
gold_price_proxy,2016-06-01,1213.39,0,stooq_json,2016-06-01T21:00:00+00:00,2026-03-07 14:18:40
gold_price_proxy,2016-06-02,1211.38,0,stooq_json,2016-06-02T21:00:00+00:00,2026-03-07 14:18:40
gold_price_proxy,2016-06-03,1244.37,0,stooq_json,2016-06-03T21:00:00+00:00,2026-03-07 14:18:40
gold_price_proxy,2016-06-06,1244.87,0,stooq_json,2016-06-06T21:00:00+00:00,2026-03-07 14:18:40
gold_price_proxy,2016-06-07,1243.83,0,stooq_json,2016-06-07T21:00:00+00:00,2026-03-07 14:18:40
gold_price_proxy,2016-06-08,1262.7,0,stooq_json,2016-06-08T21:00:00+00:00,2026-03-07 14:18:40
gold_price_proxy,2016-06-09,1269.36,0,stooq_json,2016-06-09T21:00:00+00:00,2026-03-07 14:18:40
gold_price_proxy,2016-06-10,1274.55,0,stooq_json,2016-06-10T21:00:00+00:00,2026-03-07 14:18:40
gold_price_proxy,2016-06-13,1284.57,0,stooq_json,2016-06-13T21:00:00+00:00,2026-03-07 14:18:40
gold_price_proxy,2016-06-14,1285.93,0,stooq_json,2016-06-14T21:00:00+00:00,2026-03-07 14:18:40
gold_price_proxy,2016-06-15,1292.59,0,stooq_json,2016-06-15T21:00:00+00:00,2026-03-07 14:18:40
gold_price_proxy,2016-06-16,1278.52,0,stooq_json,2016-06-16T21:00:00+00:00,2026-03-07 14:18:40
gold_price_proxy,2016-06-17,1298.62,0,stooq_json,2016-06-17T21:00:00+00:00,2026-03-07 14:18:40
gold_price_proxy,2016-06-20,1290.48,0,stooq_json,2016-06-20T21:00:00+00:00,2026-03-07 14:18:40
gold_price_proxy,2016-06-21,1268.57,0,stooq_json,2016-06-21T21:00:00+00:00,2026-03-07 14:18:40
gold_price_proxy,2016-06-22,1266.37,0,stooq_json,2016-06-22T21:00:00+00:00,2026-03-07 14:18:40
gold_price_proxy,2016-06-23,1255.92,0,stooq_json,2016-06-23T21:00:00+00:00,2026-03-07 14:18:40
gold_price_proxy,2016-06-24,1318.56,0,stooq_json,2016-06-24T21:00:00+00:00,2026-03-07 14:18:40
gold_price_proxy,2016-06-27,1324.33,0,stooq_json,2016-06-27T21:00:00+00:00,2026-03-07 14:18:40
gold_price_proxy,2016-06-28,1311.5,0,stooq_json,2016-06-28T21:00:00+00:00,2026-03-07 14:18:40
gold_price_proxy,2016-06-29,1319.52,0,stooq_json,2016-06-29T21:00:00+00:00,2026-03-07 14:18:40
gold_price_proxy,2016-06-30,1321.94,0,stooq_json,2016-06-30T21:00:00+00:00,2026-03-07 14:18:40
gold_price_proxy,2016-07-01,1343.61,0,stooq_json,2016-07-01T21:00:00+00:00,2026-03-07 14:18:40
gold_price_proxy,2016-07-04,1350.93,0,stooq_json,2016-07-04T21:00:00+00:00,2026-03-07 14:18:40
gold_price_proxy,2016-07-05,1356.4,0,stooq_json,2016-07-05T21:00:00+00:00,2026-03-07 14:18:40
gold_price_proxy,2016-07-06,1364.0,0,stooq_json,2016-07-06T21:00:00+00:00,2026-03-07 14:18:40
gold_price_proxy,2016-07-07,1360.88,0,stooq_json,2016-07-07T21:00:00+00:00,2026-03-07 14:18:40
gold_price_proxy,2016-07-08,1366.65,0,stooq_json,2016-07-08T21:00:00+00:00,2026-03-07 14:18:40
gold_price_proxy,2016-07-11,1355.36,0,stooq_json,2016-07-11T21:00:00+00:00,2026-03-07 14:18:40
gold_price_proxy,2016-07-12,1333.79,0,stooq_json,2016-07-12T21:00:00+00:00,2026-03-07 14:18:40
gold_price_proxy,2016-07-13,1342.78,0,stooq_json,2016-07-13T21:00:00+00:00,2026-03-07 14:18:40
gold_price_proxy,2016-07-14,1335.3,0,stooq_json,2016-07-14T21:00:00+00:00,2026-03-07 14:18:40
gold_price_proxy,2016-07-15,1329.15,0,stooq_json,2016-07-15T21:00:00+00:00,2026-03-07 14:18:40
gold_price_proxy,2016-07-18,1328.87,0,stooq_json,2016-07-18T21:00:00+00:00,2026-03-07 14:18:40
gold_price_proxy,2016-07-19,1332.22,0,stooq_json,2016-07-19T21:00:00+00:00,2026-03-07 14:18:40
gold_price_proxy,2016-07-20,1316.28,0,stooq_json,2016-07-20T21:00:00+00:00,2026-03-07 14:18:40
gold_price_proxy,2016-07-21,1331.13,0,stooq_json,2016-07-21T21:00:00+00:00,2026-03-07 14:18:40
gold_price_proxy,2016-07-22,1323.44,0,stooq_json,2016-07-22T21:00:00+00:00,2026-03-07 14:18:40
gold_price_proxy,2016-07-25,1315.65,0,stooq_json,2016-07-25T21:00:00+00:00,2026-03-07 14:18:40
gold_price_proxy,2016-07-26,1320.2,0,stooq_json,2016-07-26T21:00:00+00:00,2026-03-07 14:18:40
gold_price_proxy,2016-07-27,1340.54,0,stooq_json,2016-07-27T21:00:00+00:00,2026-03-07 14:18:40
gold_price_proxy,2016-07-28,1336.18,0,stooq_json,2016-07-28T21:00:00+00:00,2026-03-07 14:18:40
gold_price_proxy,2016-07-29,1352.15,0,stooq_json,2016-07-29T21:00:00+00:00,2026-03-07 14:18:40
gold_price_proxy,2016-08-01,1353.17,0,stooq_json,2016-08-01T21:00:00+00:00,2026-03-07 14:18:40
gold_price_proxy,2016-08-02,1364.16,0,stooq_json,2016-08-02T21:00:00+00:00,2026-03-07 14:18:40
gold_price_proxy,2016-08-03,1358.26,0,stooq_json,2016-08-03T21:00:00+00:00,2026-03-07 14:18:40
gold_price_proxy,2016-08-04,1359.97,0,stooq_json,2016-08-04T21:00:00+00:00,2026-03-07 14:18:40
gold_price_proxy,2016-08-05,1336.76,0,stooq_json,2016-08-05T21:00:00+00:00,2026-03-07 14:18:40
gold_price_proxy,2016-08-08,1335.33,0,stooq_json,2016-08-08T21:00:00+00:00,2026-03-07 14:18:40
gold_price_proxy,2016-08-09,1340.75,0,stooq_json,2016-08-09T21:00:00+00:00,2026-03-07 14:18:40
gold_price_proxy,2016-08-10,1346.67,0,stooq_json,2016-08-10T21:00:00+00:00,2026-03-07 14:18:40
gold_price_proxy,2016-08-11,1339.0,0,stooq_json,2016-08-11T21:00:00+00:00,2026-03-07 14:18:40
gold_price_proxy,2016-08-12,1335.05,0,stooq_json,2016-08-12T21:00:00+00:00,2026-03-07 14:18:40
gold_price_proxy,2016-08-15,1339.4,0,stooq_json,2016-08-15T21:00:00+00:00,2026-03-07 14:18:40
gold_price_proxy,2016-08-16,1346.46,0,stooq_json,2016-08-16T21:00:00+00:00,2026-03-07 14:18:40
gold_price_proxy,2016-08-17,1349.19,0,stooq_json,2016-08-17T21:00:00+00:00,2026-03-07 14:18:40
gold_price_proxy,2016-08-18,1351.95,0,stooq_json,2016-08-18T21:00:00+00:00,2026-03-07 14:18:40
gold_price_proxy,2016-08-19,1340.55,0,stooq_json,2016-08-19T21:00:00+00:00,2026-03-07 14:18:40
gold_price_proxy,2016-08-22,1338.77,0,stooq_json,2016-08-22T21:00:00+00:00,2026-03-07 14:18:40
gold_price_proxy,2016-08-23,1337.31,0,stooq_json,2016-08-23T21:00:00+00:00,2026-03-07 14:18:40
gold_price_proxy,2016-08-24,1324.13,0,stooq_json,2016-08-24T21:00:00+00:00,2026-03-07 14:18:40
gold_price_proxy,2016-08-25,1321.7,0,stooq_json,2016-08-25T21:00:00+00:00,2026-03-07 14:18:40
gold_price_proxy,2016-08-26,1320.89,0,stooq_json,2016-08-26T21:00:00+00:00,2026-03-07 14:18:40
gold_price_proxy,2016-08-29,1323.29,0,stooq_json,2016-08-29T21:00:00+00:00,2026-03-07 14:18:40
gold_price_proxy,2016-08-30,1311.44,0,stooq_json,2016-08-30T21:00:00+00:00,2026-03-07 14:18:40
gold_price_proxy,2016-08-31,1308.88,0,stooq_json,2016-08-31T21:00:00+00:00,2026-03-07 14:18:40
gold_price_proxy,2016-09-01,1313.79,0,stooq_json,2016-09-01T21:00:00+00:00,2026-03-07 14:18:40
gold_price_proxy,2016-09-02,1325.34,0,stooq_json,2016-09-02T21:00:00+00:00,2026-03-07 14:18:40
gold_price_proxy,2016-09-05,1327.18,0,stooq_json,2016-09-05T21:00:00+00:00,2026-03-07 14:18:40
gold_price_proxy,2016-09-06,1348.99,0,stooq_json,2016-09-06T21:00:00+00:00,2026-03-07 14:18:40
gold_price_proxy,2016-09-07,1346.31,0,stooq_json,2016-09-07T21:00:00+00:00,2026-03-07 14:18:40
gold_price_proxy,2016-09-08,1338.01,0,stooq_json,2016-09-08T21:00:00+00:00,2026-03-07 14:18:40
gold_price_proxy,2016-09-09,1329.23,0,stooq_json,2016-09-09T21:00:00+00:00,2026-03-07 14:18:40
gold_price_proxy,2016-09-12,1327.43,0,stooq_json,2016-09-12T21:00:00+00:00,2026-03-07 14:18:40
gold_price_proxy,2016-09-13,1318.59,0,stooq_json,2016-09-13T21:00:00+00:00,2026-03-07 14:18:40
gold_price_proxy,2016-09-14,1321.73,0,stooq_json,2016-09-14T21:00:00+00:00,2026-03-07 14:18:40
gold_price_proxy,2016-09-15,1314.67,0,stooq_json,2016-09-15T21:00:00+00:00,2026-03-07 14:18:40
gold_price_proxy,2016-09-16,1311.2,0,stooq_json,2016-09-16T21:00:00+00:00,2026-03-07 14:18:40
gold_price_proxy,2016-09-19,1312.99,0,stooq_json,2016-09-19T21:00:00+00:00,2026-03-07 14:18:40
gold_price_proxy,2016-09-20,1314.85,0,stooq_json,2016-09-20T21:00:00+00:00,2026-03-07 14:18:40
gold_price_proxy,2016-09-21,1334.56,0,stooq_json,2016-09-21T21:00:00+00:00,2026-03-07 14:18:40
gold_price_proxy,2016-09-22,1336.63,0,stooq_json,2016-09-22T21:00:00+00:00,2026-03-07 14:18:40
gold_price_proxy,2016-09-23,1337.64,0,stooq_json,2016-09-23T21:00:00+00:00,2026-03-07 14:18:40
gold_price_proxy,2016-09-26,1337.75,0,stooq_json,2016-09-26T21:00:00+00:00,2026-03-07 14:18:40
gold_price_proxy,2016-09-27,1327.28,0,stooq_json,2016-09-27T21:00:00+00:00,2026-03-07 14:18:40
gold_price_proxy,2016-09-28,1321.43,0,stooq_json,2016-09-28T21:00:00+00:00,2026-03-07 14:18:40
gold_price_proxy,2016-09-29,1320.33,0,stooq_json,2016-09-29T21:00:00+00:00,2026-03-07 14:18:40
gold_price_proxy,2016-09-30,1317.57,0,stooq_json,2016-09-30T21:00:00+00:00,2026-03-07 14:18:40
gold_price_proxy,2016-10-03,1311.01,0,stooq_json,2016-10-03T21:00:00+00:00,2026-03-07 14:18:40
gold_price_proxy,2016-10-04,1268.45,0,stooq_json,2016-10-04T21:00:00+00:00,2026-03-07 14:18:40
gold_price_proxy,2016-10-05,1266.58,0,stooq_json,2016-10-05T21:00:00+00:00,2026-03-07 14:18:40
gold_price_proxy,2016-10-06,1254.11,0,stooq_json,2016-10-06T21:00:00+00:00,2026-03-07 14:18:40
gold_price_proxy,2016-10-07,1254.97,0,stooq_json,2016-10-07T21:00:00+00:00,2026-03-07 14:18:40
gold_price_proxy,2016-10-10,1259.31,0,stooq_json,2016-10-10T21:00:00+00:00,2026-03-07 14:18:40
gold_price_proxy,2016-10-11,1252.7,0,stooq_json,2016-10-11T21:00:00+00:00,2026-03-07 14:18:40
gold_price_proxy,2016-10-12,1255.01,0,stooq_json,2016-10-12T21:00:00+00:00,2026-03-07 14:18:40
gold_price_proxy,2016-10-13,1257.85,0,stooq_json,2016-10-13T21:00:00+00:00,2026-03-07 14:18:40
gold_price_proxy,2016-10-14,1251.72,0,stooq_json,2016-10-14T21:00:00+00:00,2026-03-07 14:18:40
gold_price_proxy,2016-10-17,1255.51,0,stooq_json,2016-10-17T21:00:00+00:00,2026-03-07 14:18:40
gold_price_proxy,2016-10-18,1262.49,0,stooq_json,2016-10-18T21:00:00+00:00,2026-03-07 14:18:40
gold_price_proxy,2016-10-19,1269.01,0,stooq_json,2016-10-19T21:00:00+00:00,2026-03-07 14:18:40
gold_price_proxy,2016-10-20,1265.48,0,stooq_json,2016-10-20T21:00:00+00:00,2026-03-07 14:18:40
gold_price_proxy,2016-10-21,1266.81,0,stooq_json,2016-10-21T21:00:00+00:00,2026-03-07 14:18:40
gold_price_proxy,2016-10-24,1264.23,0,stooq_json,2016-10-24T21:00:00+00:00,2026-03-07 14:18:40
gold_price_proxy,2016-10-25,1274.1,0,stooq_json,2016-10-25T21:00:00+00:00,2026-03-07 14:18:40
gold_price_proxy,2016-10-26,1266.69,0,stooq_json,2016-10-26T21:00:00+00:00,2026-03-07 14:18:40
gold_price_proxy,2016-10-27,1268.41,0,stooq_json,2016-10-27T21:00:00+00:00,2026-03-07 14:18:40
gold_price_proxy,2016-10-28,1274.68,0,stooq_json,2016-10-28T21:00:00+00:00,2026-03-07 14:18:40
gold_price_proxy,2016-10-31,1276.66,0,stooq_json,2016-10-31T21:00:00+00:00,2026-03-07 14:18:40
gold_price_proxy,2016-11-01,1288.36,0,stooq_json,2016-11-01T21:00:00+00:00,2026-03-07 14:18:40
gold_price_proxy,2016-11-02,1297.64,0,stooq_json,2016-11-02T21:00:00+00:00,2026-03-07 14:18:40
gold_price_proxy,2016-11-03,1302.13,0,stooq_json,2016-11-03T21:00:00+00:00,2026-03-07 14:18:40
gold_price_proxy,2016-11-04,1304.29,0,stooq_json,2016-11-04T21:00:00+00:00,2026-03-07 14:18:40
gold_price_proxy,2016-11-07,1281.35,0,stooq_json,2016-11-07T21:00:00+00:00,2026-03-07 14:18:40
gold_price_proxy,2016-11-08,1275.38,0,stooq_json,2016-11-08T21:00:00+00:00,2026-03-07 14:18:40
gold_price_proxy,2016-11-09,1278.0,0,stooq_json,2016-11-09T21:00:00+00:00,2026-03-07 14:18:40
gold_price_proxy,2016-11-10,1258.81,0,stooq_json,2016-11-10T21:00:00+00:00,2026-03-07 14:18:40
gold_price_proxy,2016-11-11,1227.54,0,stooq_json,2016-11-11T21:00:00+00:00,2026-03-07 14:18:40
gold_price_proxy,2016-11-14,1221.03,0,stooq_json,2016-11-14T21:00:00+00:00,2026-03-07 14:18:40
gold_price_proxy,2016-11-15,1228.45,0,stooq_json,2016-11-15T21:00:00+00:00,2026-03-07 14:18:40
gold_price_proxy,2016-11-16,1225.05,0,stooq_json,2016-11-16T21:00:00+00:00,2026-03-07 14:18:40
gold_price_proxy,2016-11-17,1216.08,0,stooq_json,2016-11-17T21:00:00+00:00,2026-03-07 14:18:40
gold_price_proxy,2016-11-18,1207.87,0,stooq_json,2016-11-18T21:00:00+00:00,2026-03-07 14:18:40
gold_price_proxy,2016-11-21,1213.94,0,stooq_json,2016-11-21T21:00:00+00:00,2026-03-07 14:18:40
gold_price_proxy,2016-11-22,1212.38,0,stooq_json,2016-11-22T21:00:00+00:00,2026-03-07 14:18:40
gold_price_proxy,2016-11-23,1188.48,0,stooq_json,2016-11-23T21:00:00+00:00,2026-03-07 14:18:40
gold_price_proxy,2016-11-24,1184.0,0,stooq_json,2016-11-24T21:00:00+00:00,2026-03-07 14:18:40
gold_price_proxy,2016-11-25,1184.27,0,stooq_json,2016-11-25T21:00:00+00:00,2026-03-07 14:18:40
gold_price_proxy,2016-11-28,1193.82,0,stooq_json,2016-11-28T21:00:00+00:00,2026-03-07 14:18:40
gold_price_proxy,2016-11-29,1188.31,0,stooq_json,2016-11-29T21:00:00+00:00,2026-03-07 14:18:40
gold_price_proxy,2016-11-30,1173.32,0,stooq_json,2016-11-30T21:00:00+00:00,2026-03-07 14:18:40
gold_price_proxy,2016-12-01,1171.61,0,stooq_json,2016-12-01T21:00:00+00:00,2026-03-07 14:18:40
gold_price_proxy,2016-12-02,1175.78,0,stooq_json,2016-12-02T21:00:00+00:00,2026-03-07 14:18:40
gold_price_proxy,2016-12-05,1170.54,0,stooq_json,2016-12-05T21:00:00+00:00,2026-03-07 14:18:40
gold_price_proxy,2016-12-06,1170.0,0,stooq_json,2016-12-06T21:00:00+00:00,2026-03-07 14:18:40
gold_price_proxy,2016-12-07,1173.93,0,stooq_json,2016-12-07T21:00:00+00:00,2026-03-07 14:18:40
gold_price_proxy,2016-12-08,1170.57,0,stooq_json,2016-12-08T21:00:00+00:00,2026-03-07 14:18:40
gold_price_proxy,2016-12-09,1158.9,0,stooq_json,2016-12-09T21:00:00+00:00,2026-03-07 14:18:40
gold_price_proxy,2016-12-12,1162.24,0,stooq_json,2016-12-12T21:00:00+00:00,2026-03-07 14:18:40
gold_price_proxy,2016-12-13,1158.61,0,stooq_json,2016-12-13T21:00:00+00:00,2026-03-07 14:18:40
gold_price_proxy,2016-12-14,1142.92,0,stooq_json,2016-12-14T21:00:00+00:00,2026-03-07 14:18:40
gold_price_proxy,2016-12-15,1128.6,0,stooq_json,2016-12-15T21:00:00+00:00,2026-03-07 14:18:40
gold_price_proxy,2016-12-16,1133.6,0,stooq_json,2016-12-16T21:00:00+00:00,2026-03-07 14:18:40
gold_price_proxy,2016-12-19,1137.84,0,stooq_json,2016-12-19T21:00:00+00:00,2026-03-07 14:18:40
gold_price_proxy,2016-12-20,1132.38,0,stooq_json,2016-12-20T21:00:00+00:00,2026-03-07 14:18:40
gold_price_proxy,2016-12-21,1131.51,0,stooq_json,2016-12-21T21:00:00+00:00,2026-03-07 14:18:40
gold_price_proxy,2016-12-22,1128.28,0,stooq_json,2016-12-22T21:00:00+00:00,2026-03-07 14:18:40
gold_price_proxy,2016-12-23,1131.77,0,stooq_json,2016-12-23T21:00:00+00:00,2026-03-07 14:18:40
gold_price_proxy,2016-12-27,1138.81,0,stooq_json,2016-12-27T21:00:00+00:00,2026-03-07 14:18:40
gold_price_proxy,2016-12-28,1141.5,0,stooq_json,2016-12-28T21:00:00+00:00,2026-03-07 14:18:40
gold_price_proxy,2016-12-29,1158.12,0,stooq_json,2016-12-29T21:00:00+00:00,2026-03-07 14:18:40
gold_price_proxy,2016-12-30,1150.91,0,stooq_json,2016-12-30T21:00:00+00:00,2026-03-07 14:18:40
gold_price_proxy,2017-01-03,1158.82,0,stooq_json,2017-01-03T21:00:00+00:00,2026-03-07 14:18:40
gold_price_proxy,2017-01-04,1163.53,0,stooq_json,2017-01-04T21:00:00+00:00,2026-03-07 14:18:40
gold_price_proxy,2017-01-05,1180.46,0,stooq_json,2017-01-05T21:00:00+00:00,2026-03-07 14:18:40
gold_price_proxy,2017-01-06,1172.3,0,stooq_json,2017-01-06T21:00:00+00:00,2026-03-07 14:18:40
gold_price_proxy,2017-01-09,1181.0,0,stooq_json,2017-01-09T21:00:00+00:00,2026-03-07 14:18:40
gold_price_proxy,2017-01-10,1187.7,0,stooq_json,2017-01-10T21:00:00+00:00,2026-03-07 14:18:40
gold_price_proxy,2017-01-11,1191.5,0,stooq_json,2017-01-11T21:00:00+00:00,2026-03-07 14:18:40
gold_price_proxy,2017-01-12,1195.8,0,stooq_json,2017-01-12T21:00:00+00:00,2026-03-07 14:18:40
gold_price_proxy,2017-01-13,1198.39,0,stooq_json,2017-01-13T21:00:00+00:00,2026-03-07 14:18:40
gold_price_proxy,2017-01-16,1203.18,0,stooq_json,2017-01-16T21:00:00+00:00,2026-03-07 14:18:40
gold_price_proxy,2017-01-17,1217.15,0,stooq_json,2017-01-17T21:00:00+00:00,2026-03-07 14:18:40
gold_price_proxy,2017-01-18,1204.29,0,stooq_json,2017-01-18T21:00:00+00:00,2026-03-07 14:18:40
gold_price_proxy,2017-01-19,1204.53,0,stooq_json,2017-01-19T21:00:00+00:00,2026-03-07 14:18:40
gold_price_proxy,2017-01-20,1207.68,0,stooq_json,2017-01-20T21:00:00+00:00,2026-03-07 14:18:40
gold_price_proxy,2017-01-23,1218.22,0,stooq_json,2017-01-23T21:00:00+00:00,2026-03-07 14:18:40
gold_price_proxy,2017-01-24,1208.86,0,stooq_json,2017-01-24T21:00:00+00:00,2026-03-07 14:18:40
gold_price_proxy,2017-01-25,1200.67,0,stooq_json,2017-01-25T21:00:00+00:00,2026-03-07 14:18:40
gold_price_proxy,2017-01-26,1188.95,0,stooq_json,2017-01-26T21:00:00+00:00,2026-03-07 14:18:40
gold_price_proxy,2017-01-27,1190.91,0,stooq_json,2017-01-27T21:00:00+00:00,2026-03-07 14:18:40
gold_price_proxy,2017-01-30,1195.51,0,stooq_json,2017-01-30T21:00:00+00:00,2026-03-07 14:18:40
gold_price_proxy,2017-01-31,1210.61,0,stooq_json,2017-01-31T21:00:00+00:00,2026-03-07 14:18:40
gold_price_proxy,2017-02-01,1209.65,0,stooq_json,2017-02-01T21:00:00+00:00,2026-03-07 14:18:40
gold_price_proxy,2017-02-02,1215.78,0,stooq_json,2017-02-02T21:00:00+00:00,2026-03-07 14:18:40
gold_price_proxy,2017-02-03,1219.27,0,stooq_json,2017-02-03T21:00:00+00:00,2026-03-07 14:18:40
gold_price_proxy,2017-02-06,1235.45,0,stooq_json,2017-02-06T21:00:00+00:00,2026-03-07 14:18:40
gold_price_proxy,2017-02-07,1233.75,0,stooq_json,2017-02-07T21:00:00+00:00,2026-03-07 14:18:40
gold_price_proxy,2017-02-08,1241.51,0,stooq_json,2017-02-08T21:00:00+00:00,2026-03-07 14:18:40
gold_price_proxy,2017-02-09,1230.91,0,stooq_json,2017-02-09T21:00:00+00:00,2026-03-07 14:18:40
gold_price_proxy,2017-02-10,1233.81,0,stooq_json,2017-02-10T21:00:00+00:00,2026-03-07 14:18:40
gold_price_proxy,2017-02-13,1225.33,0,stooq_json,2017-02-13T21:00:00+00:00,2026-03-07 14:18:40
gold_price_proxy,2017-02-14,1228.09,0,stooq_json,2017-02-14T21:00:00+00:00,2026-03-07 14:18:40
gold_price_proxy,2017-02-15,1233.67,0,stooq_json,2017-02-15T21:00:00+00:00,2026-03-07 14:18:40
gold_price_proxy,2017-02-16,1239.1,0,stooq_json,2017-02-16T21:00:00+00:00,2026-03-07 14:18:40
gold_price_proxy,2017-02-17,1236.12,0,stooq_json,2017-02-17T21:00:00+00:00,2026-03-07 14:18:40
gold_price_proxy,2017-02-20,1237.82,0,stooq_json,2017-02-20T21:00:00+00:00,2026-03-07 14:18:40
gold_price_proxy,2017-02-21,1235.78,0,stooq_json,2017-02-21T21:00:00+00:00,2026-03-07 14:18:40
gold_price_proxy,2017-02-22,1237.49,0,stooq_json,2017-02-22T21:00:00+00:00,2026-03-07 14:18:40
gold_price_proxy,2017-02-23,1249.63,0,stooq_json,2017-02-23T21:00:00+00:00,2026-03-07 14:18:40
gold_price_proxy,2017-02-24,1256.68,0,stooq_json,2017-02-24T21:00:00+00:00,2026-03-07 14:18:40
gold_price_proxy,2017-02-27,1253.04,0,stooq_json,2017-02-27T21:00:00+00:00,2026-03-07 14:18:40
gold_price_proxy,2017-02-28,1248.89,0,stooq_json,2017-02-28T21:00:00+00:00,2026-03-07 14:18:40
gold_price_proxy,2017-03-01,1248.87,0,stooq_json,2017-03-01T21:00:00+00:00,2026-03-07 14:18:40
gold_price_proxy,2017-03-02,1234.46,0,stooq_json,2017-03-02T21:00:00+00:00,2026-03-07 14:18:40
gold_price_proxy,2017-03-03,1234.3,0,stooq_json,2017-03-03T21:00:00+00:00,2026-03-07 14:18:40
gold_price_proxy,2017-03-06,1225.47,0,stooq_json,2017-03-06T21:00:00+00:00,2026-03-07 14:18:40
gold_price_proxy,2017-03-07,1216.84,0,stooq_json,2017-03-07T21:00:00+00:00,2026-03-07 14:18:40
gold_price_proxy,2017-03-08,1207.51,0,stooq_json,2017-03-08T21:00:00+00:00,2026-03-07 14:18:40
gold_price_proxy,2017-03-09,1203.29,0,stooq_json,2017-03-09T21:00:00+00:00,2026-03-07 14:18:40
gold_price_proxy,2017-03-10,1204.45,0,stooq_json,2017-03-10T21:00:00+00:00,2026-03-07 14:18:40
gold_price_proxy,2017-03-13,1203.95,0,stooq_json,2017-03-13T21:00:00+00:00,2026-03-07 14:18:40
gold_price_proxy,2017-03-14,1198.94,0,stooq_json,2017-03-14T21:00:00+00:00,2026-03-07 14:18:40
gold_price_proxy,2017-03-15,1218.47,0,stooq_json,2017-03-15T21:00:00+00:00,2026-03-07 14:18:40
gold_price_proxy,2017-03-16,1227.3,0,stooq_json,2017-03-16T21:00:00+00:00,2026-03-07 14:18:40
gold_price_proxy,2017-03-17,1229.42,0,stooq_json,2017-03-17T21:00:00+00:00,2026-03-07 14:18:40
gold_price_proxy,2017-03-20,1234.51,0,stooq_json,2017-03-20T21:00:00+00:00,2026-03-07 14:18:40
gold_price_proxy,2017-03-21,1244.59,0,stooq_json,2017-03-21T21:00:00+00:00,2026-03-07 14:18:40
gold_price_proxy,2017-03-22,1248.43,0,stooq_json,2017-03-22T21:00:00+00:00,2026-03-07 14:18:40
gold_price_proxy,2017-03-23,1244.46,0,stooq_json,2017-03-23T21:00:00+00:00,2026-03-07 14:18:40
gold_price_proxy,2017-03-24,1243.73,0,stooq_json,2017-03-24T21:00:00+00:00,2026-03-07 14:18:40
gold_price_proxy,2017-03-27,1254.47,0,stooq_json,2017-03-27T21:00:00+00:00,2026-03-07 14:18:40
gold_price_proxy,2017-03-28,1251.9,0,stooq_json,2017-03-28T21:00:00+00:00,2026-03-07 14:18:40
gold_price_proxy,2017-03-29,1253.7,0,stooq_json,2017-03-29T21:00:00+00:00,2026-03-07 14:18:40
gold_price_proxy,2017-03-30,1242.34,0,stooq_json,2017-03-30T21:00:00+00:00,2026-03-07 14:18:40
gold_price_proxy,2017-03-31,1247.31,0,stooq_json,2017-03-31T21:00:00+00:00,2026-03-07 14:18:40
gold_price_proxy,2017-04-03,1253.55,0,stooq_json,2017-04-03T21:00:00+00:00,2026-03-07 14:18:40
gold_price_proxy,2017-04-04,1256.27,0,stooq_json,2017-04-04T21:00:00+00:00,2026-03-07 14:18:40
gold_price_proxy,2017-04-05,1255.52,0,stooq_json,2017-04-05T21:00:00+00:00,2026-03-07 14:18:40
gold_price_proxy,2017-04-06,1251.49,0,stooq_json,2017-04-06T21:00:00+00:00,2026-03-07 14:18:40
gold_price_proxy,2017-04-07,1254.75,0,stooq_json,2017-04-07T21:00:00+00:00,2026-03-07 14:18:40
gold_price_proxy,2017-04-10,1254.14,0,stooq_json,2017-04-10T21:00:00+00:00,2026-03-07 14:18:40
gold_price_proxy,2017-04-11,1273.57,0,stooq_json,2017-04-11T21:00:00+00:00,2026-03-07 14:18:40
gold_price_proxy,2017-04-12,1287.06,0,stooq_json,2017-04-12T21:00:00+00:00,2026-03-07 14:18:40
gold_price_proxy,2017-04-13,1286.99,0,stooq_json,2017-04-13T21:00:00+00:00,2026-03-07 14:18:40
gold_price_proxy,2017-04-17,1285.16,0,stooq_json,2017-04-17T21:00:00+00:00,2026-03-07 14:18:40
gold_price_proxy,2017-04-18,1289.63,0,stooq_json,2017-04-18T21:00:00+00:00,2026-03-07 14:18:40
gold_price_proxy,2017-04-19,1279.96,0,stooq_json,2017-04-19T21:00:00+00:00,2026-03-07 14:18:40
gold_price_proxy,2017-04-20,1282.18,0,stooq_json,2017-04-20T21:00:00+00:00,2026-03-07 14:18:40
gold_price_proxy,2017-04-21,1284.94,0,stooq_json,2017-04-21T21:00:00+00:00,2026-03-07 14:18:40
gold_price_proxy,2017-04-24,1276.01,0,stooq_json,2017-04-24T21:00:00+00:00,2026-03-07 14:18:40
gold_price_proxy,2017-04-25,1263.92,0,stooq_json,2017-04-25T21:00:00+00:00,2026-03-07 14:18:40
gold_price_proxy,2017-04-26,1268.23,0,stooq_json,2017-04-26T21:00:00+00:00,2026-03-07 14:18:40
gold_price_proxy,2017-04-27,1264.65,0,stooq_json,2017-04-27T21:00:00+00:00,2026-03-07 14:18:40
gold_price_proxy,2017-04-28,1268.16,0,stooq_json,2017-04-28T21:00:00+00:00,2026-03-07 14:18:40
gold_price_proxy,2017-05-01,1256.15,0,stooq_json,2017-05-01T21:00:00+00:00,2026-03-07 14:18:40
gold_price_proxy,2017-05-02,1256.95,0,stooq_json,2017-05-02T21:00:00+00:00,2026-03-07 14:18:40
gold_price_proxy,2017-05-03,1237.56,0,stooq_json,2017-05-03T21:00:00+00:00,2026-03-07 14:18:40
gold_price_proxy,2017-05-04,1227.89,0,stooq_json,2017-05-04T21:00:00+00:00,2026-03-07 14:18:40
gold_price_proxy,2017-05-05,1229.41,0,stooq_json,2017-05-05T21:00:00+00:00,2026-03-07 14:18:40
gold_price_proxy,2017-05-08,1225.51,0,stooq_json,2017-05-08T21:00:00+00:00,2026-03-07 14:18:40
gold_price_proxy,2017-05-09,1221.11,0,stooq_json,2017-05-09T21:00:00+00:00,2026-03-07 14:18:40
gold_price_proxy,2017-05-10,1219.34,0,stooq_json,2017-05-10T21:00:00+00:00,2026-03-07 14:18:40
gold_price_proxy,2017-05-11,1224.98,0,stooq_json,2017-05-11T21:00:00+00:00,2026-03-07 14:18:40
gold_price_proxy,2017-05-12,1228.01,0,stooq_json,2017-05-12T21:00:00+00:00,2026-03-07 14:18:40
gold_price_proxy,2017-05-15,1231.06,0,stooq_json,2017-05-15T21:00:00+00:00,2026-03-07 14:18:40
gold_price_proxy,2017-05-16,1236.78,0,stooq_json,2017-05-16T21:00:00+00:00,2026-03-07 14:18:40
gold_price_proxy,2017-05-17,1261.91,0,stooq_json,2017-05-17T21:00:00+00:00,2026-03-07 14:18:40
gold_price_proxy,2017-05-18,1246.88,0,stooq_json,2017-05-18T21:00:00+00:00,2026-03-07 14:18:40
gold_price_proxy,2017-05-19,1255.14,0,stooq_json,2017-05-19T21:00:00+00:00,2026-03-07 14:18:40
gold_price_proxy,2017-05-22,1260.65,0,stooq_json,2017-05-22T21:00:00+00:00,2026-03-07 14:18:40
gold_price_proxy,2017-05-23,1251.44,0,stooq_json,2017-05-23T21:00:00+00:00,2026-03-07 14:18:40
gold_price_proxy,2017-05-24,1259.86,0,stooq_json,2017-05-24T21:00:00+00:00,2026-03-07 14:18:40
gold_price_proxy,2017-05-25,1254.99,0,stooq_json,2017-05-25T21:00:00+00:00,2026-03-07 14:18:40
gold_price_proxy,2017-05-26,1267.36,0,stooq_json,2017-05-26T21:00:00+00:00,2026-03-07 14:18:40
gold_price_proxy,2017-05-29,1266.88,0,stooq_json,2017-05-29T21:00:00+00:00,2026-03-07 14:18:40
gold_price_proxy,2017-05-30,1262.35,0,stooq_json,2017-05-30T21:00:00+00:00,2026-03-07 14:18:40
gold_price_proxy,2017-05-31,1268.58,0,stooq_json,2017-05-31T21:00:00+00:00,2026-03-07 14:18:40
gold_price_proxy,2017-06-01,1265.11,0,stooq_json,2017-06-01T21:00:00+00:00,2026-03-07 14:18:40
gold_price_proxy,2017-06-02,1278.29,0,stooq_json,2017-06-02T21:00:00+00:00,2026-03-07 14:18:40
gold_price_proxy,2017-06-05,1276.57,0,stooq_json,2017-06-05T21:00:00+00:00,2026-03-07 14:18:40
gold_price_proxy,2017-06-06,1293.83,0,stooq_json,2017-06-06T21:00:00+00:00,2026-03-07 14:18:40
gold_price_proxy,2017-06-07,1287.49,0,stooq_json,2017-06-07T21:00:00+00:00,2026-03-07 14:18:40
gold_price_proxy,2017-06-08,1277.27,0,stooq_json,2017-06-08T21:00:00+00:00,2026-03-07 14:18:40
gold_price_proxy,2017-06-09,1267.65,0,stooq_json,2017-06-09T21:00:00+00:00,2026-03-07 14:18:40
gold_price_proxy,2017-06-12,1266.19,0,stooq_json,2017-06-12T21:00:00+00:00,2026-03-07 14:18:40
gold_price_proxy,2017-06-13,1266.31,0,stooq_json,2017-06-13T21:00:00+00:00,2026-03-07 14:18:40
gold_price_proxy,2017-06-14,1261.26,0,stooq_json,2017-06-14T21:00:00+00:00,2026-03-07 14:18:40
gold_price_proxy,2017-06-15,1254.89,0,stooq_json,2017-06-15T21:00:00+00:00,2026-03-07 14:18:40
gold_price_proxy,2017-06-16,1254.55,0,stooq_json,2017-06-16T21:00:00+00:00,2026-03-07 14:18:40
gold_price_proxy,2017-06-19,1244.36,0,stooq_json,2017-06-19T21:00:00+00:00,2026-03-07 14:18:40
gold_price_proxy,2017-06-20,1243.68,0,stooq_json,2017-06-20T21:00:00+00:00,2026-03-07 14:18:40
gold_price_proxy,2017-06-21,1247.68,0,stooq_json,2017-06-21T21:00:00+00:00,2026-03-07 14:18:40
gold_price_proxy,2017-06-22,1250.58,0,stooq_json,2017-06-22T21:00:00+00:00,2026-03-07 14:18:40
gold_price_proxy,2017-06-23,1255.86,0,stooq_json,2017-06-23T21:00:00+00:00,2026-03-07 14:18:40
gold_price_proxy,2017-06-26,1245.31,0,stooq_json,2017-06-26T21:00:00+00:00,2026-03-07 14:18:40
gold_price_proxy,2017-06-27,1247.63,0,stooq_json,2017-06-27T21:00:00+00:00,2026-03-07 14:18:40
gold_price_proxy,2017-06-28,1249.49,0,stooq_json,2017-06-28T21:00:00+00:00,2026-03-07 14:18:40
gold_price_proxy,2017-06-29,1244.72,0,stooq_json,2017-06-29T21:00:00+00:00,2026-03-07 14:18:40
gold_price_proxy,2017-06-30,1241.38,0,stooq_json,2017-06-30T21:00:00+00:00,2026-03-07 14:18:40
gold_price_proxy,2017-07-03,1219.22,0,stooq_json,2017-07-03T21:00:00+00:00,2026-03-07 14:18:40
gold_price_proxy,2017-07-04,1223.98,0,stooq_json,2017-07-04T21:00:00+00:00,2026-03-07 14:18:40
gold_price_proxy,2017-07-05,1227.35,0,stooq_json,2017-07-05T21:00:00+00:00,2026-03-07 14:18:40
gold_price_proxy,2017-07-06,1224.6,0,stooq_json,2017-07-06T21:00:00+00:00,2026-03-07 14:18:40
gold_price_proxy,2017-07-07,1211.97,0,stooq_json,2017-07-07T21:00:00+00:00,2026-03-07 14:18:40
gold_price_proxy,2017-07-10,1214.39,0,stooq_json,2017-07-10T21:00:00+00:00,2026-03-07 14:18:40
gold_price_proxy,2017-07-11,1218.18,0,stooq_json,2017-07-11T21:00:00+00:00,2026-03-07 14:18:40
gold_price_proxy,2017-07-12,1218.29,0,stooq_json,2017-07-12T21:00:00+00:00,2026-03-07 14:18:40
gold_price_proxy,2017-07-13,1217.57,0,stooq_json,2017-07-13T21:00:00+00:00,2026-03-07 14:18:40
gold_price_proxy,2017-07-14,1228.47,0,stooq_json,2017-07-14T21:00:00+00:00,2026-03-07 14:18:40
gold_price_proxy,2017-07-17,1234.1,0,stooq_json,2017-07-17T21:00:00+00:00,2026-03-07 14:18:40
gold_price_proxy,2017-07-18,1242.4,0,stooq_json,2017-07-18T21:00:00+00:00,2026-03-07 14:18:40
gold_price_proxy,2017-07-19,1240.26,0,stooq_json,2017-07-19T21:00:00+00:00,2026-03-07 14:18:40
gold_price_proxy,2017-07-20,1244.0,0,stooq_json,2017-07-20T21:00:00+00:00,2026-03-07 14:18:40
gold_price_proxy,2017-07-21,1254.29,0,stooq_json,2017-07-21T21:00:00+00:00,2026-03-07 14:18:40
gold_price_proxy,2017-07-24,1255.08,0,stooq_json,2017-07-24T21:00:00+00:00,2026-03-07 14:18:40
gold_price_proxy,2017-07-25,1250.1,0,stooq_json,2017-07-25T21:00:00+00:00,2026-03-07 14:18:40
gold_price_proxy,2017-07-26,1261.31,0,stooq_json,2017-07-26T21:00:00+00:00,2026-03-07 14:18:40
gold_price_proxy,2017-07-27,1258.65,0,stooq_json,2017-07-27T21:00:00+00:00,2026-03-07 14:18:40
gold_price_proxy,2017-07-28,1269.18,0,stooq_json,2017-07-28T21:00:00+00:00,2026-03-07 14:18:40
gold_price_proxy,2017-07-31,1269.4,0,stooq_json,2017-07-31T21:00:00+00:00,2026-03-07 14:18:40
gold_price_proxy,2017-08-01,1268.66,0,stooq_json,2017-08-01T21:00:00+00:00,2026-03-07 14:18:40
gold_price_proxy,2017-08-02,1266.65,0,stooq_json,2017-08-02T21:00:00+00:00,2026-03-07 14:18:40
gold_price_proxy,2017-08-03,1267.92,0,stooq_json,2017-08-03T21:00:00+00:00,2026-03-07 14:18:40
gold_price_proxy,2017-08-04,1258.82,0,stooq_json,2017-08-04T21:00:00+00:00,2026-03-07 14:18:40
gold_price_proxy,2017-08-07,1257.18,0,stooq_json,2017-08-07T21:00:00+00:00,2026-03-07 14:18:40
gold_price_proxy,2017-08-08,1260.28,0,stooq_json,2017-08-08T21:00:00+00:00,2026-03-07 14:18:40
gold_price_proxy,2017-08-09,1277.37,0,stooq_json,2017-08-09T21:00:00+00:00,2026-03-07 14:18:40
gold_price_proxy,2017-08-10,1286.56,0,stooq_json,2017-08-10T21:00:00+00:00,2026-03-07 14:18:40
gold_price_proxy,2017-08-11,1290.96,0,stooq_json,2017-08-11T21:00:00+00:00,2026-03-07 14:18:40
gold_price_proxy,2017-08-14,1282.04,0,stooq_json,2017-08-14T21:00:00+00:00,2026-03-07 14:18:40
gold_price_proxy,2017-08-15,1271.5,0,stooq_json,2017-08-15T21:00:00+00:00,2026-03-07 14:18:40
gold_price_proxy,2017-08-16,1283.15,0,stooq_json,2017-08-16T21:00:00+00:00,2026-03-07 14:18:40
gold_price_proxy,2017-08-17,1287.53,0,stooq_json,2017-08-17T21:00:00+00:00,2026-03-07 14:18:40
gold_price_proxy,2017-08-18,1286.6,0,stooq_json,2017-08-18T21:00:00+00:00,2026-03-07 14:18:40
gold_price_proxy,2017-08-21,1291.98,0,stooq_json,2017-08-21T21:00:00+00:00,2026-03-07 14:18:40
gold_price_proxy,2017-08-22,1285.05,0,stooq_json,2017-08-22T21:00:00+00:00,2026-03-07 14:18:40
gold_price_proxy,2017-08-23,1290.75,0,stooq_json,2017-08-23T21:00:00+00:00,2026-03-07 14:18:40
gold_price_proxy,2017-08-24,1288.18,0,stooq_json,2017-08-24T21:00:00+00:00,2026-03-07 14:18:40
gold_price_proxy,2017-08-25,1291.08,0,stooq_json,2017-08-25T21:00:00+00:00,2026-03-07 14:18:40
gold_price_proxy,2017-08-28,1310.84,0,stooq_json,2017-08-28T21:00:00+00:00,2026-03-07 14:18:40
gold_price_proxy,2017-08-29,1309.86,0,stooq_json,2017-08-29T21:00:00+00:00,2026-03-07 14:18:40
gold_price_proxy,2017-08-30,1308.41,0,stooq_json,2017-08-30T21:00:00+00:00,2026-03-07 14:18:40
gold_price_proxy,2017-08-31,1320.64,0,stooq_json,2017-08-31T21:00:00+00:00,2026-03-07 14:18:40
gold_price_proxy,2017-09-01,1325.67,0,stooq_json,2017-09-01T21:00:00+00:00,2026-03-07 14:18:40
gold_price_proxy,2017-09-04,1334.38,0,stooq_json,2017-09-04T21:00:00+00:00,2026-03-07 14:18:40
gold_price_proxy,2017-09-05,1339.68,0,stooq_json,2017-09-05T21:00:00+00:00,2026-03-07 14:18:40
gold_price_proxy,2017-09-06,1334.29,0,stooq_json,2017-09-06T21:00:00+00:00,2026-03-07 14:18:40
gold_price_proxy,2017-09-07,1349.2,0,stooq_json,2017-09-07T21:00:00+00:00,2026-03-07 14:18:40
gold_price_proxy,2017-09-08,1346.54,0,stooq_json,2017-09-08T21:00:00+00:00,2026-03-07 14:18:40
gold_price_proxy,2017-09-11,1328.15,0,stooq_json,2017-09-11T21:00:00+00:00,2026-03-07 14:18:40
gold_price_proxy,2017-09-12,1332.0,0,stooq_json,2017-09-12T21:00:00+00:00,2026-03-07 14:18:40
gold_price_proxy,2017-09-13,1324.14,0,stooq_json,2017-09-13T21:00:00+00:00,2026-03-07 14:18:40
gold_price_proxy,2017-09-14,1328.97,0,stooq_json,2017-09-14T21:00:00+00:00,2026-03-07 14:18:40
gold_price_proxy,2017-09-15,1320.91,0,stooq_json,2017-09-15T21:00:00+00:00,2026-03-07 14:18:40
gold_price_proxy,2017-09-18,1307.22,0,stooq_json,2017-09-18T21:00:00+00:00,2026-03-07 14:18:40
gold_price_proxy,2017-09-19,1311.15,0,stooq_json,2017-09-19T21:00:00+00:00,2026-03-07 14:18:40
gold_price_proxy,2017-09-20,1300.93,0,stooq_json,2017-09-20T21:00:00+00:00,2026-03-07 14:18:40
gold_price_proxy,2017-09-21,1291.98,0,stooq_json,2017-09-21T21:00:00+00:00,2026-03-07 14:18:40
gold_price_proxy,2017-09-22,1297.19,0,stooq_json,2017-09-22T21:00:00+00:00,2026-03-07 14:18:40
gold_price_proxy,2017-09-25,1310.78,0,stooq_json,2017-09-25T21:00:00+00:00,2026-03-07 14:18:40
gold_price_proxy,2017-09-26,1293.11,0,stooq_json,2017-09-26T21:00:00+00:00,2026-03-07 14:18:40
gold_price_proxy,2017-09-27,1282.82,0,stooq_json,2017-09-27T21:00:00+00:00,2026-03-07 14:18:40
gold_price_proxy,2017-09-28,1286.0,0,stooq_json,2017-09-28T21:00:00+00:00,2026-03-07 14:18:40
gold_price_proxy,2017-09-29,1280.59,0,stooq_json,2017-09-29T21:00:00+00:00,2026-03-07 14:18:40
gold_price_proxy,2017-10-02,1271.14,0,stooq_json,2017-10-02T21:00:00+00:00,2026-03-07 14:18:40
gold_price_proxy,2017-10-03,1271.65,0,stooq_json,2017-10-03T21:00:00+00:00,2026-03-07 14:18:40
gold_price_proxy,2017-10-04,1274.24,0,stooq_json,2017-10-04T21:00:00+00:00,2026-03-07 14:18:40
gold_price_proxy,2017-10-05,1268.37,0,stooq_json,2017-10-05T21:00:00+00:00,2026-03-07 14:18:40
gold_price_proxy,2017-10-06,1274.88,0,stooq_json,2017-10-06T21:00:00+00:00,2026-03-07 14:18:40
gold_price_proxy,2017-10-09,1283.55,0,stooq_json,2017-10-09T21:00:00+00:00,2026-03-07 14:18:40
gold_price_proxy,2017-10-10,1288.05,0,stooq_json,2017-10-10T21:00:00+00:00,2026-03-07 14:18:40
gold_price_proxy,2017-10-11,1291.75,0,stooq_json,2017-10-11T21:00:00+00:00,2026-03-07 14:18:40
gold_price_proxy,2017-10-12,1294.41,0,stooq_json,2017-10-12T21:00:00+00:00,2026-03-07 14:18:40
gold_price_proxy,2017-10-13,1303.5,0,stooq_json,2017-10-13T21:00:00+00:00,2026-03-07 14:18:40
gold_price_proxy,2017-10-16,1295.79,0,stooq_json,2017-10-16T21:00:00+00:00,2026-03-07 14:18:40
gold_price_proxy,2017-10-17,1285.7,0,stooq_json,2017-10-17T21:00:00+00:00,2026-03-07 14:18:40
gold_price_proxy,2017-10-18,1281.58,0,stooq_json,2017-10-18T21:00:00+00:00,2026-03-07 14:18:40
gold_price_proxy,2017-10-19,1289.86,0,stooq_json,2017-10-19T21:00:00+00:00,2026-03-07 14:18:40
gold_price_proxy,2017-10-20,1280.68,0,stooq_json,2017-10-20T21:00:00+00:00,2026-03-07 14:18:40
gold_price_proxy,2017-10-23,1281.5,0,stooq_json,2017-10-23T21:00:00+00:00,2026-03-07 14:18:40
gold_price_proxy,2017-10-24,1276.78,0,stooq_json,2017-10-24T21:00:00+00:00,2026-03-07 14:18:40
gold_price_proxy,2017-10-25,1276.98,0,stooq_json,2017-10-25T21:00:00+00:00,2026-03-07 14:18:40
gold_price_proxy,2017-10-26,1267.56,0,stooq_json,2017-10-26T21:00:00+00:00,2026-03-07 14:18:40
gold_price_proxy,2017-10-27,1273.25,0,stooq_json,2017-10-27T21:00:00+00:00,2026-03-07 14:18:40
gold_price_proxy,2017-10-30,1276.22,0,stooq_json,2017-10-30T21:00:00+00:00,2026-03-07 14:18:40
gold_price_proxy,2017-10-31,1271.31,0,stooq_json,2017-10-31T21:00:00+00:00,2026-03-07 14:18:40
gold_price_proxy,2017-11-01,1274.71,0,stooq_json,2017-11-01T21:00:00+00:00,2026-03-07 14:18:40
gold_price_proxy,2017-11-02,1278.61,0,stooq_json,2017-11-02T21:00:00+00:00,2026-03-07 14:18:40
gold_price_proxy,2017-11-03,1269.96,0,stooq_json,2017-11-03T21:00:00+00:00,2026-03-07 14:18:40
gold_price_proxy,2017-11-06,1281.38,0,stooq_json,2017-11-06T21:00:00+00:00,2026-03-07 14:18:40
gold_price_proxy,2017-11-07,1274.69,0,stooq_json,2017-11-07T21:00:00+00:00,2026-03-07 14:18:40
gold_price_proxy,2017-11-08,1281.55,0,stooq_json,2017-11-08T21:00:00+00:00,2026-03-07 14:18:40
gold_price_proxy,2017-11-09,1285.83,0,stooq_json,2017-11-09T21:00:00+00:00,2026-03-07 14:18:40
gold_price_proxy,2017-11-10,1275.9,0,stooq_json,2017-11-10T21:00:00+00:00,2026-03-07 14:18:40
gold_price_proxy,2017-11-13,1277.67,0,stooq_json,2017-11-13T21:00:00+00:00,2026-03-07 14:18:40
gold_price_proxy,2017-11-14,1278.37,0,stooq_json,2017-11-14T21:00:00+00:00,2026-03-07 14:18:40
gold_price_proxy,2017-11-15,1278.21,0,stooq_json,2017-11-15T21:00:00+00:00,2026-03-07 14:18:40
gold_price_proxy,2017-11-16,1278.86,0,stooq_json,2017-11-16T21:00:00+00:00,2026-03-07 14:18:40
gold_price_proxy,2017-11-17,1293.76,0,stooq_json,2017-11-17T21:00:00+00:00,2026-03-07 14:18:40
gold_price_proxy,2017-11-20,1276.78,0,stooq_json,2017-11-20T21:00:00+00:00,2026-03-07 14:18:40
gold_price_proxy,2017-11-21,1280.52,0,stooq_json,2017-11-21T21:00:00+00:00,2026-03-07 14:18:40
gold_price_proxy,2017-11-22,1292.09,0,stooq_json,2017-11-22T21:00:00+00:00,2026-03-07 14:18:40
gold_price_proxy,2017-11-23,1291.17,0,stooq_json,2017-11-23T21:00:00+00:00,2026-03-07 14:18:40
gold_price_proxy,2017-11-24,1288.59,0,stooq_json,2017-11-24T21:00:00+00:00,2026-03-07 14:18:40
gold_price_proxy,2017-11-27,1294.5,0,stooq_json,2017-11-27T21:00:00+00:00,2026-03-07 14:18:40
gold_price_proxy,2017-11-28,1293.95,0,stooq_json,2017-11-28T21:00:00+00:00,2026-03-07 14:18:40
gold_price_proxy,2017-11-29,1283.84,0,stooq_json,2017-11-29T21:00:00+00:00,2026-03-07 14:18:40
gold_price_proxy,2017-11-30,1274.87,0,stooq_json,2017-11-30T21:00:00+00:00,2026-03-07 14:18:40
gold_price_proxy,2017-12-01,1280.78,0,stooq_json,2017-12-01T21:00:00+00:00,2026-03-07 14:18:40
gold_price_proxy,2017-12-04,1276.13,0,stooq_json,2017-12-04T21:00:00+00:00,2026-03-07 14:18:40
gold_price_proxy,2017-12-05,1265.96,0,stooq_json,2017-12-05T21:00:00+00:00,2026-03-07 14:18:40
gold_price_proxy,2017-12-06,1263.31,0,stooq_json,2017-12-06T21:00:00+00:00,2026-03-07 14:18:40
gold_price_proxy,2017-12-07,1247.2,0,stooq_json,2017-12-07T21:00:00+00:00,2026-03-07 14:18:40
gold_price_proxy,2017-12-08,1248.02,0,stooq_json,2017-12-08T21:00:00+00:00,2026-03-07 14:18:40
gold_price_proxy,2017-12-11,1242.1,0,stooq_json,2017-12-11T21:00:00+00:00,2026-03-07 14:18:40
gold_price_proxy,2017-12-12,1244.56,0,stooq_json,2017-12-12T21:00:00+00:00,2026-03-07 14:18:40
gold_price_proxy,2017-12-13,1255.49,0,stooq_json,2017-12-13T21:00:00+00:00,2026-03-07 14:18:40
gold_price_proxy,2017-12-14,1252.88,0,stooq_json,2017-12-14T21:00:00+00:00,2026-03-07 14:18:40
gold_price_proxy,2017-12-15,1255.77,0,stooq_json,2017-12-15T21:00:00+00:00,2026-03-07 14:18:40
gold_price_proxy,2017-12-18,1262.3,0,stooq_json,2017-12-18T21:00:00+00:00,2026-03-07 14:18:40
gold_price_proxy,2017-12-19,1261.75,0,stooq_json,2017-12-19T21:00:00+00:00,2026-03-07 14:18:40
gold_price_proxy,2017-12-20,1265.54,0,stooq_json,2017-12-20T21:00:00+00:00,2026-03-07 14:18:40
gold_price_proxy,2017-12-21,1266.62,0,stooq_json,2017-12-21T21:00:00+00:00,2026-03-07 14:18:40
gold_price_proxy,2017-12-22,1274.12,0,stooq_json,2017-12-22T21:00:00+00:00,2026-03-07 14:18:40
gold_price_proxy,2017-12-26,1282.95,0,stooq_json,2017-12-26T21:00:00+00:00,2026-03-07 14:18:40
gold_price_proxy,2017-12-27,1287.15,0,stooq_json,2017-12-27T21:00:00+00:00,2026-03-07 14:18:40
gold_price_proxy,2017-12-28,1294.96,0,stooq_json,2017-12-28T21:00:00+00:00,2026-03-07 14:18:40
gold_price_proxy,2017-12-29,1303.33,0,stooq_json,2017-12-29T21:00:00+00:00,2026-03-07 14:18:40
gold_price_proxy,2018-01-02,1317.63,0,stooq_json,2018-01-02T21:00:00+00:00,2026-03-07 14:18:40
gold_price_proxy,2018-01-03,1313.15,0,stooq_json,2018-01-03T21:00:00+00:00,2026-03-07 14:18:40
gold_price_proxy,2018-01-04,1322.67,0,stooq_json,2018-01-04T21:00:00+00:00,2026-03-07 14:18:40
gold_price_proxy,2018-01-05,1320.5,0,stooq_json,2018-01-05T21:00:00+00:00,2026-03-07 14:18:40
gold_price_proxy,2018-01-08,1320.44,0,stooq_json,2018-01-08T21:00:00+00:00,2026-03-07 14:18:40
gold_price_proxy,2018-01-09,1312.79,0,stooq_json,2018-01-09T21:00:00+00:00,2026-03-07 14:18:40
gold_price_proxy,2018-01-10,1316.99,0,stooq_json,2018-01-10T21:00:00+00:00,2026-03-07 14:18:40
gold_price_proxy,2018-01-11,1322.41,0,stooq_json,2018-01-11T21:00:00+00:00,2026-03-07 14:18:40
gold_price_proxy,2018-01-12,1338.15,0,stooq_json,2018-01-12T21:00:00+00:00,2026-03-07 14:18:40
gold_price_proxy,2018-01-15,1340.15,0,stooq_json,2018-01-15T21:00:00+00:00,2026-03-07 14:18:40
gold_price_proxy,2018-01-16,1338.43,0,stooq_json,2018-01-16T21:00:00+00:00,2026-03-07 14:18:40
gold_price_proxy,2018-01-17,1326.98,0,stooq_json,2018-01-17T21:00:00+00:00,2026-03-07 14:18:40
gold_price_proxy,2018-01-18,1327.05,0,stooq_json,2018-01-18T21:00:00+00:00,2026-03-07 14:18:40
gold_price_proxy,2018-01-19,1332.28,0,stooq_json,2018-01-19T21:00:00+00:00,2026-03-07 14:18:40
gold_price_proxy,2018-01-22,1333.94,0,stooq_json,2018-01-22T21:00:00+00:00,2026-03-07 14:18:40
gold_price_proxy,2018-01-23,1341.29,0,stooq_json,2018-01-23T21:00:00+00:00,2026-03-07 14:18:40
gold_price_proxy,2018-01-24,1358.52,0,stooq_json,2018-01-24T21:00:00+00:00,2026-03-07 14:18:40
gold_price_proxy,2018-01-25,1348.06,0,stooq_json,2018-01-25T21:00:00+00:00,2026-03-07 14:18:40
gold_price_proxy,2018-01-26,1349.64,0,stooq_json,2018-01-26T21:00:00+00:00,2026-03-07 14:18:40
gold_price_proxy,2018-01-29,1340.4,0,stooq_json,2018-01-29T21:00:00+00:00,2026-03-07 14:18:40
gold_price_proxy,2018-01-30,1338.67,0,stooq_json,2018-01-30T21:00:00+00:00,2026-03-07 14:18:40
gold_price_proxy,2018-01-31,1345.13,0,stooq_json,2018-01-31T21:00:00+00:00,2026-03-07 14:18:40
gold_price_proxy,2018-02-01,1348.69,0,stooq_json,2018-02-01T21:00:00+00:00,2026-03-07 14:18:40
gold_price_proxy,2018-02-02,1331.97,0,stooq_json,2018-02-02T21:00:00+00:00,2026-03-07 14:18:40
gold_price_proxy,2018-02-05,1339.57,0,stooq_json,2018-02-05T21:00:00+00:00,2026-03-07 14:18:40
gold_price_proxy,2018-02-06,1324.25,0,stooq_json,2018-02-06T21:00:00+00:00,2026-03-07 14:18:40
gold_price_proxy,2018-02-07,1318.47,0,stooq_json,2018-02-07T21:00:00+00:00,2026-03-07 14:18:40
gold_price_proxy,2018-02-08,1318.75,0,stooq_json,2018-02-08T21:00:00+00:00,2026-03-07 14:18:40
gold_price_proxy,2018-02-09,1314.84,0,stooq_json,2018-02-09T21:00:00+00:00,2026-03-07 14:18:40
gold_price_proxy,2018-02-12,1322.71,0,stooq_json,2018-02-12T21:00:00+00:00,2026-03-07 14:18:40
gold_price_proxy,2018-02-13,1329.57,0,stooq_json,2018-02-13T21:00:00+00:00,2026-03-07 14:18:40
gold_price_proxy,2018-02-14,1350.61,0,stooq_json,2018-02-14T21:00:00+00:00,2026-03-07 14:18:40
gold_price_proxy,2018-02-15,1353.58,0,stooq_json,2018-02-15T21:00:00+00:00,2026-03-07 14:18:40
gold_price_proxy,2018-02-16,1348.76,0,stooq_json,2018-02-16T21:00:00+00:00,2026-03-07 14:18:40
gold_price_proxy,2018-02-19,1346.74,0,stooq_json,2018-02-19T21:00:00+00:00,2026-03-07 14:18:40
gold_price_proxy,2018-02-20,1329.2,0,stooq_json,2018-02-20T21:00:00+00:00,2026-03-07 14:18:40
gold_price_proxy,2018-02-21,1324.62,0,stooq_json,2018-02-21T21:00:00+00:00,2026-03-07 14:18:40
gold_price_proxy,2018-02-22,1331.56,0,stooq_json,2018-02-22T21:00:00+00:00,2026-03-07 14:18:40
gold_price_proxy,2018-02-23,1329.32,0,stooq_json,2018-02-23T21:00:00+00:00,2026-03-07 14:18:40
gold_price_proxy,2018-02-26,1333.34,0,stooq_json,2018-02-26T21:00:00+00:00,2026-03-07 14:18:40
gold_price_proxy,2018-02-27,1318.37,0,stooq_json,2018-02-27T21:00:00+00:00,2026-03-07 14:18:40
gold_price_proxy,2018-02-28,1318.23,0,stooq_json,2018-02-28T21:00:00+00:00,2026-03-07 14:18:40
gold_price_proxy,2018-03-01,1317.1,0,stooq_json,2018-03-01T21:00:00+00:00,2026-03-07 14:18:40
gold_price_proxy,2018-03-02,1321.95,0,stooq_json,2018-03-02T21:00:00+00:00,2026-03-07 14:18:40
gold_price_proxy,2018-03-05,1320.42,0,stooq_json,2018-03-05T21:00:00+00:00,2026-03-07 14:18:40
gold_price_proxy,2018-03-06,1334.58,0,stooq_json,2018-03-06T21:00:00+00:00,2026-03-07 14:18:40
gold_price_proxy,2018-03-07,1325.62,0,stooq_json,2018-03-07T21:00:00+00:00,2026-03-07 14:18:40
gold_price_proxy,2018-03-08,1322.05,0,stooq_json,2018-03-08T21:00:00+00:00,2026-03-07 14:18:40
gold_price_proxy,2018-03-09,1323.45,0,stooq_json,2018-03-09T21:00:00+00:00,2026-03-07 14:18:40
gold_price_proxy,2018-03-12,1323.0,0,stooq_json,2018-03-12T21:00:00+00:00,2026-03-07 14:18:40
gold_price_proxy,2018-03-13,1324.97,0,stooq_json,2018-03-13T21:00:00+00:00,2026-03-07 14:18:40
gold_price_proxy,2018-03-14,1325.5,0,stooq_json,2018-03-14T21:00:00+00:00,2026-03-07 14:18:40
gold_price_proxy,2018-03-15,1317.35,0,stooq_json,2018-03-15T21:00:00+00:00,2026-03-07 14:18:40
gold_price_proxy,2018-03-16,1313.77,0,stooq_json,2018-03-16T21:00:00+00:00,2026-03-07 14:18:40
gold_price_proxy,2018-03-19,1317.14,0,stooq_json,2018-03-19T21:00:00+00:00,2026-03-07 14:18:40
gold_price_proxy,2018-03-20,1311.2,0,stooq_json,2018-03-20T21:00:00+00:00,2026-03-07 14:18:40
gold_price_proxy,2018-03-21,1332.97,0,stooq_json,2018-03-21T21:00:00+00:00,2026-03-07 14:18:40
gold_price_proxy,2018-03-22,1330.22,0,stooq_json,2018-03-22T21:00:00+00:00,2026-03-07 14:18:40
gold_price_proxy,2018-03-23,1347.4,0,stooq_json,2018-03-23T21:00:00+00:00,2026-03-07 14:18:40
gold_price_proxy,2018-03-26,1353.52,0,stooq_json,2018-03-26T21:00:00+00:00,2026-03-07 14:18:40
gold_price_proxy,2018-03-27,1344.65,0,stooq_json,2018-03-27T21:00:00+00:00,2026-03-07 14:18:40
gold_price_proxy,2018-03-28,1325.04,0,stooq_json,2018-03-28T21:00:00+00:00,2026-03-07 14:18:40
gold_price_proxy,2018-03-29,1325.43,0,stooq_json,2018-03-29T21:00:00+00:00,2026-03-07 14:18:40
gold_price_proxy,2018-04-02,1341.31,0,stooq_json,2018-04-02T21:00:00+00:00,2026-03-07 14:18:40
gold_price_proxy,2018-04-03,1332.78,0,stooq_json,2018-04-03T21:00:00+00:00,2026-03-07 14:18:40
gold_price_proxy,2018-04-04,1333.38,0,stooq_json,2018-04-04T21:00:00+00:00,2026-03-07 14:18:40
gold_price_proxy,2018-04-05,1326.62,0,stooq_json,2018-04-05T21:00:00+00:00,2026-03-07 14:18:40
gold_price_proxy,2018-04-06,1333.45,0,stooq_json,2018-04-06T21:00:00+00:00,2026-03-07 14:18:40
gold_price_proxy,2018-04-09,1336.28,0,stooq_json,2018-04-09T21:00:00+00:00,2026-03-07 14:18:40
gold_price_proxy,2018-04-10,1339.48,0,stooq_json,2018-04-10T21:00:00+00:00,2026-03-07 14:18:40
gold_price_proxy,2018-04-11,1353.34,0,stooq_json,2018-04-11T21:00:00+00:00,2026-03-07 14:18:40
gold_price_proxy,2018-04-12,1335.15,0,stooq_json,2018-04-12T21:00:00+00:00,2026-03-07 14:18:40
gold_price_proxy,2018-04-13,1344.4,0,stooq_json,2018-04-13T21:00:00+00:00,2026-03-07 14:18:40
gold_price_proxy,2018-04-16,1345.68,0,stooq_json,2018-04-16T21:00:00+00:00,2026-03-07 14:18:40
gold_price_proxy,2018-04-17,1347.29,0,stooq_json,2018-04-17T21:00:00+00:00,2026-03-07 14:18:40
gold_price_proxy,2018-04-18,1349.39,0,stooq_json,2018-04-18T21:00:00+00:00,2026-03-07 14:18:40
gold_price_proxy,2018-04-19,1345.71,0,stooq_json,2018-04-19T21:00:00+00:00,2026-03-07 14:18:40
gold_price_proxy,2018-04-20,1335.66,0,stooq_json,2018-04-20T21:00:00+00:00,2026-03-07 14:18:40
gold_price_proxy,2018-04-23,1324.84,0,stooq_json,2018-04-23T21:00:00+00:00,2026-03-07 14:18:40
gold_price_proxy,2018-04-24,1330.35,0,stooq_json,2018-04-24T21:00:00+00:00,2026-03-07 14:18:40
gold_price_proxy,2018-04-25,1323.2,0,stooq_json,2018-04-25T21:00:00+00:00,2026-03-07 14:18:40
gold_price_proxy,2018-04-26,1316.93,0,stooq_json,2018-04-26T21:00:00+00:00,2026-03-07 14:18:40
gold_price_proxy,2018-04-27,1323.61,0,stooq_json,2018-04-27T21:00:00+00:00,2026-03-07 14:18:40
gold_price_proxy,2018-04-30,1315.93,0,stooq_json,2018-04-30T21:00:00+00:00,2026-03-07 14:18:40
gold_price_proxy,2018-05-01,1304.21,0,stooq_json,2018-05-01T21:00:00+00:00,2026-03-07 14:18:40
gold_price_proxy,2018-05-02,1305.72,0,stooq_json,2018-05-02T21:00:00+00:00,2026-03-07 14:18:40
gold_price_proxy,2018-05-03,1312.75,0,stooq_json,2018-05-03T21:00:00+00:00,2026-03-07 14:18:40
gold_price_proxy,2018-05-04,1314.34,0,stooq_json,2018-05-04T21:00:00+00:00,2026-03-07 14:18:40
gold_price_proxy,2018-05-07,1314.78,0,stooq_json,2018-05-07T21:00:00+00:00,2026-03-07 14:18:40
gold_price_proxy,2018-05-08,1313.25,0,stooq_json,2018-05-08T21:00:00+00:00,2026-03-07 14:18:40
gold_price_proxy,2018-05-09,1313.17,0,stooq_json,2018-05-09T21:00:00+00:00,2026-03-07 14:18:40
gold_price_proxy,2018-05-10,1320.67,0,stooq_json,2018-05-10T21:00:00+00:00,2026-03-07 14:18:40
gold_price_proxy,2018-05-11,1319.28,0,stooq_json,2018-05-11T21:00:00+00:00,2026-03-07 14:18:40
gold_price_proxy,2018-05-14,1314.11,0,stooq_json,2018-05-14T21:00:00+00:00,2026-03-07 14:18:40
gold_price_proxy,2018-05-15,1291.41,0,stooq_json,2018-05-15T21:00:00+00:00,2026-03-07 14:18:40
gold_price_proxy,2018-05-16,1290.38,0,stooq_json,2018-05-16T21:00:00+00:00,2026-03-07 14:18:40
gold_price_proxy,2018-05-17,1290.74,0,stooq_json,2018-05-17T21:00:00+00:00,2026-03-07 14:18:40
gold_price_proxy,2018-05-18,1291.89,0,stooq_json,2018-05-18T21:00:00+00:00,2026-03-07 14:18:40
gold_price_proxy,2018-05-21,1292.54,0,stooq_json,2018-05-21T21:00:00+00:00,2026-03-07 14:18:40
gold_price_proxy,2018-05-22,1291.62,0,stooq_json,2018-05-22T21:00:00+00:00,2026-03-07 14:18:40
gold_price_proxy,2018-05-23,1294.17,0,stooq_json,2018-05-23T21:00:00+00:00,2026-03-07 14:18:40
gold_price_proxy,2018-05-24,1304.48,0,stooq_json,2018-05-24T21:00:00+00:00,2026-03-07 14:18:40
gold_price_proxy,2018-05-25,1300.11,0,stooq_json,2018-05-25T21:00:00+00:00,2026-03-07 14:18:40
gold_price_proxy,2018-05-28,1297.7,0,stooq_json,2018-05-28T21:00:00+00:00,2026-03-07 14:18:40
gold_price_proxy,2018-05-29,1299.14,0,stooq_json,2018-05-29T21:00:00+00:00,2026-03-07 14:18:40
gold_price_proxy,2018-05-30,1300.43,0,stooq_json,2018-05-30T21:00:00+00:00,2026-03-07 14:18:40
gold_price_proxy,2018-05-31,1298.46,0,stooq_json,2018-05-31T21:00:00+00:00,2026-03-07 14:18:40
gold_price_proxy,2018-06-01,1293.65,0,stooq_json,2018-06-01T21:00:00+00:00,2026-03-07 14:18:40
gold_price_proxy,2018-06-04,1293.1,0,stooq_json,2018-06-04T21:00:00+00:00,2026-03-07 14:18:40
gold_price_proxy,2018-06-05,1295.02,0,stooq_json,2018-06-05T21:00:00+00:00,2026-03-07 14:18:40
gold_price_proxy,2018-06-06,1296.78,0,stooq_json,2018-06-06T21:00:00+00:00,2026-03-07 14:18:40
gold_price_proxy,2018-06-07,1294.43,0,stooq_json,2018-06-07T21:00:00+00:00,2026-03-07 14:18:40
gold_price_proxy,2018-06-08,1298.53,0,stooq_json,2018-06-08T21:00:00+00:00,2026-03-07 14:18:40
gold_price_proxy,2018-06-11,1300.39,0,stooq_json,2018-06-11T21:00:00+00:00,2026-03-07 14:18:40
gold_price_proxy,2018-06-12,1297.72,0,stooq_json,2018-06-12T21:00:00+00:00,2026-03-07 14:18:40
gold_price_proxy,2018-06-13,1299.5,0,stooq_json,2018-06-13T21:00:00+00:00,2026-03-07 14:18:40
gold_price_proxy,2018-06-14,1303.06,0,stooq_json,2018-06-14T21:00:00+00:00,2026-03-07 14:18:40
gold_price_proxy,2018-06-15,1279.97,0,stooq_json,2018-06-15T21:00:00+00:00,2026-03-07 14:18:40
gold_price_proxy,2018-06-18,1277.64,0,stooq_json,2018-06-18T21:00:00+00:00,2026-03-07 14:18:40
gold_price_proxy,2018-06-19,1275.37,0,stooq_json,2018-06-19T21:00:00+00:00,2026-03-07 14:18:40
gold_price_proxy,2018-06-20,1268.94,0,stooq_json,2018-06-20T21:00:00+00:00,2026-03-07 14:18:40
gold_price_proxy,2018-06-21,1266.47,0,stooq_json,2018-06-21T21:00:00+00:00,2026-03-07 14:18:40
gold_price_proxy,2018-06-22,1270.23,0,stooq_json,2018-06-22T21:00:00+00:00,2026-03-07 14:18:40
gold_price_proxy,2018-06-25,1265.53,0,stooq_json,2018-06-25T21:00:00+00:00,2026-03-07 14:18:40
gold_price_proxy,2018-06-26,1259.75,0,stooq_json,2018-06-26T21:00:00+00:00,2026-03-07 14:18:40
gold_price_proxy,2018-06-27,1252.93,0,stooq_json,2018-06-27T21:00:00+00:00,2026-03-07 14:18:40
gold_price_proxy,2018-06-28,1249.32,0,stooq_json,2018-06-28T21:00:00+00:00,2026-03-07 14:18:40
gold_price_proxy,2018-06-29,1252.55,0,stooq_json,2018-06-29T21:00:00+00:00,2026-03-07 14:18:40
gold_price_proxy,2018-07-02,1242.51,0,stooq_json,2018-07-02T21:00:00+00:00,2026-03-07 14:18:40
gold_price_proxy,2018-07-03,1252.12,0,stooq_json,2018-07-03T21:00:00+00:00,2026-03-07 14:18:40
gold_price_proxy,2018-07-04,1256.98,0,stooq_json,2018-07-04T21:00:00+00:00,2026-03-07 14:18:40
gold_price_proxy,2018-07-05,1257.41,0,stooq_json,2018-07-05T21:00:00+00:00,2026-03-07 14:18:40
gold_price_proxy,2018-07-06,1254.99,0,stooq_json,2018-07-06T21:00:00+00:00,2026-03-07 14:18:40
gold_price_proxy,2018-07-09,1258.23,0,stooq_json,2018-07-09T21:00:00+00:00,2026-03-07 14:18:40
gold_price_proxy,2018-07-10,1256.27,0,stooq_json,2018-07-10T21:00:00+00:00,2026-03-07 14:18:40
gold_price_proxy,2018-07-11,1242.39,0,stooq_json,2018-07-11T21:00:00+00:00,2026-03-07 14:18:40
gold_price_proxy,2018-07-12,1247.21,0,stooq_json,2018-07-12T21:00:00+00:00,2026-03-07 14:18:40
gold_price_proxy,2018-07-13,1241.67,0,stooq_json,2018-07-13T21:00:00+00:00,2026-03-07 14:18:40
gold_price_proxy,2018-07-16,1240.71,0,stooq_json,2018-07-16T21:00:00+00:00,2026-03-07 14:18:40
gold_price_proxy,2018-07-17,1228.16,0,stooq_json,2018-07-17T21:00:00+00:00,2026-03-07 14:18:40
gold_price_proxy,2018-07-18,1226.78,0,stooq_json,2018-07-18T21:00:00+00:00,2026-03-07 14:18:40
gold_price_proxy,2018-07-19,1222.92,0,stooq_json,2018-07-19T21:00:00+00:00,2026-03-07 14:18:40
gold_price_proxy,2018-07-20,1230.99,0,stooq_json,2018-07-20T21:00:00+00:00,2026-03-07 14:18:40
gold_price_proxy,2018-07-23,1225.92,0,stooq_json,2018-07-23T21:00:00+00:00,2026-03-07 14:18:40
gold_price_proxy,2018-07-24,1224.36,0,stooq_json,2018-07-24T21:00:00+00:00,2026-03-07 14:18:40
gold_price_proxy,2018-07-25,1232.77,0,stooq_json,2018-07-25T21:00:00+00:00,2026-03-07 14:18:40
gold_price_proxy,2018-07-26,1223.76,0,stooq_json,2018-07-26T21:00:00+00:00,2026-03-07 14:18:40
gold_price_proxy,2018-07-27,1223.56,0,stooq_json,2018-07-27T21:00:00+00:00,2026-03-07 14:18:40
gold_price_proxy,2018-07-30,1222.56,0,stooq_json,2018-07-30T21:00:00+00:00,2026-03-07 14:18:40
gold_price_proxy,2018-07-31,1222.92,0,stooq_json,2018-07-31T21:00:00+00:00,2026-03-07 14:18:40
gold_price_proxy,2018-08-01,1215.39,0,stooq_json,2018-08-01T21:00:00+00:00,2026-03-07 14:18:40
gold_price_proxy,2018-08-02,1208.59,0,stooq_json,2018-08-02T21:00:00+00:00,2026-03-07 14:18:40
gold_price_proxy,2018-08-03,1213.69,0,stooq_json,2018-08-03T21:00:00+00:00,2026-03-07 14:18:40
gold_price_proxy,2018-08-06,1206.17,0,stooq_json,2018-08-06T21:00:00+00:00,2026-03-07 14:18:40
gold_price_proxy,2018-08-07,1212.58,0,stooq_json,2018-08-07T21:00:00+00:00,2026-03-07 14:18:40
gold_price_proxy,2018-08-08,1211.75,0,stooq_json,2018-08-08T21:00:00+00:00,2026-03-07 14:18:40
gold_price_proxy,2018-08-09,1212.48,0,stooq_json,2018-08-09T21:00:00+00:00,2026-03-07 14:18:40
gold_price_proxy,2018-08-10,1211.51,0,stooq_json,2018-08-10T21:00:00+00:00,2026-03-07 14:18:40
gold_price_proxy,2018-08-13,1194.28,0,stooq_json,2018-08-13T21:00:00+00:00,2026-03-07 14:18:40
gold_price_proxy,2018-08-14,1193.88,0,stooq_json,2018-08-14T21:00:00+00:00,2026-03-07 14:18:40
gold_price_proxy,2018-08-15,1175.49,0,stooq_json,2018-08-15T21:00:00+00:00,2026-03-07 14:18:40
gold_price_proxy,2018-08-16,1176.6,0,stooq_json,2018-08-16T21:00:00+00:00,2026-03-07 14:18:40
gold_price_proxy,2018-08-17,1184.35,0,stooq_json,2018-08-17T21:00:00+00:00,2026-03-07 14:18:40
gold_price_proxy,2018-08-20,1190.46,0,stooq_json,2018-08-20T21:00:00+00:00,2026-03-07 14:18:40
gold_price_proxy,2018-08-21,1196.03,0,stooq_json,2018-08-21T21:00:00+00:00,2026-03-07 14:18:40
gold_price_proxy,2018-08-22,1196.67,0,stooq_json,2018-08-22T21:00:00+00:00,2026-03-07 14:18:40
gold_price_proxy,2018-08-23,1184.82,0,stooq_json,2018-08-23T21:00:00+00:00,2026-03-07 14:18:40
gold_price_proxy,2018-08-24,1205.76,0,stooq_json,2018-08-24T21:00:00+00:00,2026-03-07 14:18:40
gold_price_proxy,2018-08-27,1210.96,0,stooq_json,2018-08-27T21:00:00+00:00,2026-03-07 14:18:40
gold_price_proxy,2018-08-28,1201.89,0,stooq_json,2018-08-28T21:00:00+00:00,2026-03-07 14:18:40
gold_price_proxy,2018-08-29,1206.41,0,stooq_json,2018-08-29T21:00:00+00:00,2026-03-07 14:18:40
gold_price_proxy,2018-08-30,1200.33,0,stooq_json,2018-08-30T21:00:00+00:00,2026-03-07 14:18:40
gold_price_proxy,2018-08-31,1199.52,0,stooq_json,2018-08-31T21:00:00+00:00,2026-03-07 14:18:40
gold_price_proxy,2018-09-03,1201.38,0,stooq_json,2018-09-03T21:00:00+00:00,2026-03-07 14:18:40
gold_price_proxy,2018-09-04,1190.86,0,stooq_json,2018-09-04T21:00:00+00:00,2026-03-07 14:18:40
gold_price_proxy,2018-09-05,1196.69,0,stooq_json,2018-09-05T21:00:00+00:00,2026-03-07 14:18:40
gold_price_proxy,2018-09-06,1200.15,0,stooq_json,2018-09-06T21:00:00+00:00,2026-03-07 14:18:40
gold_price_proxy,2018-09-07,1196.45,0,stooq_json,2018-09-07T21:00:00+00:00,2026-03-07 14:18:40
gold_price_proxy,2018-09-10,1195.1,0,stooq_json,2018-09-10T21:00:00+00:00,2026-03-07 14:18:40
gold_price_proxy,2018-09-11,1196.81,0,stooq_json,2018-09-11T21:00:00+00:00,2026-03-07 14:18:40
gold_price_proxy,2018-09-12,1206.09,0,stooq_json,2018-09-12T21:00:00+00:00,2026-03-07 14:18:40
gold_price_proxy,2018-09-13,1201.95,0,stooq_json,2018-09-13T21:00:00+00:00,2026-03-07 14:18:40
gold_price_proxy,2018-09-14,1194.11,0,stooq_json,2018-09-14T21:00:00+00:00,2026-03-07 14:18:40
gold_price_proxy,2018-09-17,1201.34,0,stooq_json,2018-09-17T21:00:00+00:00,2026-03-07 14:18:40
gold_price_proxy,2018-09-18,1198.36,0,stooq_json,2018-09-18T21:00:00+00:00,2026-03-07 14:18:40
gold_price_proxy,2018-09-19,1204.04,0,stooq_json,2018-09-19T21:00:00+00:00,2026-03-07 14:18:40
gold_price_proxy,2018-09-20,1207.2,0,stooq_json,2018-09-20T21:00:00+00:00,2026-03-07 14:18:40
gold_price_proxy,2018-09-21,1199.01,0,stooq_json,2018-09-21T21:00:00+00:00,2026-03-07 14:18:40
gold_price_proxy,2018-09-24,1199.65,0,stooq_json,2018-09-24T21:00:00+00:00,2026-03-07 14:18:40
gold_price_proxy,2018-09-25,1200.04,0,stooq_json,2018-09-25T21:00:00+00:00,2026-03-07 14:18:40
gold_price_proxy,2018-09-26,1194.4,0,stooq_json,2018-09-26T21:00:00+00:00,2026-03-07 14:18:40
gold_price_proxy,2018-09-27,1182.7,0,stooq_json,2018-09-27T21:00:00+00:00,2026-03-07 14:18:40
gold_price_proxy,2018-09-28,1191.96,0,stooq_json,2018-09-28T21:00:00+00:00,2026-03-07 14:18:40
gold_price_proxy,2018-10-01,1188.45,0,stooq_json,2018-10-01T21:00:00+00:00,2026-03-07 14:18:40
gold_price_proxy,2018-10-02,1202.3,0,stooq_json,2018-10-02T21:00:00+00:00,2026-03-07 14:18:40
gold_price_proxy,2018-10-03,1198.21,0,stooq_json,2018-10-03T21:00:00+00:00,2026-03-07 14:18:40
gold_price_proxy,2018-10-04,1200.81,0,stooq_json,2018-10-04T21:00:00+00:00,2026-03-07 14:18:40
gold_price_proxy,2018-10-05,1202.97,0,stooq_json,2018-10-05T21:00:00+00:00,2026-03-07 14:18:40
gold_price_proxy,2018-10-08,1187.94,0,stooq_json,2018-10-08T21:00:00+00:00,2026-03-07 14:18:40
gold_price_proxy,2018-10-09,1189.75,0,stooq_json,2018-10-09T21:00:00+00:00,2026-03-07 14:18:40
gold_price_proxy,2018-10-10,1193.89,0,stooq_json,2018-10-10T21:00:00+00:00,2026-03-07 14:18:40
gold_price_proxy,2018-10-11,1223.39,0,stooq_json,2018-10-11T21:00:00+00:00,2026-03-07 14:18:40
gold_price_proxy,2018-10-12,1218.06,0,stooq_json,2018-10-12T21:00:00+00:00,2026-03-07 14:18:40
gold_price_proxy,2018-10-15,1226.18,0,stooq_json,2018-10-15T21:00:00+00:00,2026-03-07 14:18:40
gold_price_proxy,2018-10-16,1227.03,0,stooq_json,2018-10-16T21:00:00+00:00,2026-03-07 14:18:40
gold_price_proxy,2018-10-17,1223.51,0,stooq_json,2018-10-17T21:00:00+00:00,2026-03-07 14:18:40
gold_price_proxy,2018-10-18,1228.15,0,stooq_json,2018-10-18T21:00:00+00:00,2026-03-07 14:18:40
gold_price_proxy,2018-10-19,1226.44,0,stooq_json,2018-10-19T21:00:00+00:00,2026-03-07 14:18:40
gold_price_proxy,2018-10-22,1222.1,0,stooq_json,2018-10-22T21:00:00+00:00,2026-03-07 14:18:40
gold_price_proxy,2018-10-23,1231.62,0,stooq_json,2018-10-23T21:00:00+00:00,2026-03-07 14:18:40
gold_price_proxy,2018-10-24,1233.9,0,stooq_json,2018-10-24T21:00:00+00:00,2026-03-07 14:18:40
gold_price_proxy,2018-10-25,1231.58,0,stooq_json,2018-10-25T21:00:00+00:00,2026-03-07 14:18:40
gold_price_proxy,2018-10-26,1233.94,0,stooq_json,2018-10-26T21:00:00+00:00,2026-03-07 14:18:40
gold_price_proxy,2018-10-29,1230.24,0,stooq_json,2018-10-29T21:00:00+00:00,2026-03-07 14:18:40
gold_price_proxy,2018-10-30,1223.45,0,stooq_json,2018-10-30T21:00:00+00:00,2026-03-07 14:18:40
gold_price_proxy,2018-10-31,1215.37,0,stooq_json,2018-10-31T21:00:00+00:00,2026-03-07 14:18:40
gold_price_proxy,2018-11-01,1232.93,0,stooq_json,2018-11-01T21:00:00+00:00,2026-03-07 14:18:40
gold_price_proxy,2018-11-02,1233.04,0,stooq_json,2018-11-02T21:00:00+00:00,2026-03-07 14:18:40
gold_price_proxy,2018-11-05,1231.9,0,stooq_json,2018-11-05T21:00:00+00:00,2026-03-07 14:18:40
gold_price_proxy,2018-11-06,1227.46,0,stooq_json,2018-11-06T21:00:00+00:00,2026-03-07 14:18:40
gold_price_proxy,2018-11-07,1227.13,0,stooq_json,2018-11-07T21:00:00+00:00,2026-03-07 14:18:40
gold_price_proxy,2018-11-08,1223.63,0,stooq_json,2018-11-08T21:00:00+00:00,2026-03-07 14:18:40
gold_price_proxy,2018-11-09,1209.95,0,stooq_json,2018-11-09T21:00:00+00:00,2026-03-07 14:18:40
gold_price_proxy,2018-11-12,1200.01,0,stooq_json,2018-11-12T21:00:00+00:00,2026-03-07 14:18:40
gold_price_proxy,2018-11-13,1202.2,0,stooq_json,2018-11-13T21:00:00+00:00,2026-03-07 14:18:40
gold_price_proxy,2018-11-14,1211.69,0,stooq_json,2018-11-14T21:00:00+00:00,2026-03-07 14:18:40
gold_price_proxy,2018-11-15,1214.22,0,stooq_json,2018-11-15T21:00:00+00:00,2026-03-07 14:18:40
gold_price_proxy,2018-11-16,1222.05,0,stooq_json,2018-11-16T21:00:00+00:00,2026-03-07 14:18:40
gold_price_proxy,2018-11-19,1224.09,0,stooq_json,2018-11-19T21:00:00+00:00,2026-03-07 14:18:40
gold_price_proxy,2018-11-20,1221.33,0,stooq_json,2018-11-20T21:00:00+00:00,2026-03-07 14:18:40
gold_price_proxy,2018-11-21,1226.64,0,stooq_json,2018-11-21T21:00:00+00:00,2026-03-07 14:18:40
gold_price_proxy,2018-11-22,1227.38,0,stooq_json,2018-11-22T21:00:00+00:00,2026-03-07 14:18:40
gold_price_proxy,2018-11-23,1223.11,0,stooq_json,2018-11-23T21:00:00+00:00,2026-03-07 14:18:40
gold_price_proxy,2018-11-26,1223.53,0,stooq_json,2018-11-26T21:00:00+00:00,2026-03-07 14:18:40
gold_price_proxy,2018-11-27,1215.72,0,stooq_json,2018-11-27T21:00:00+00:00,2026-03-07 14:18:40
gold_price_proxy,2018-11-28,1221.14,0,stooq_json,2018-11-28T21:00:00+00:00,2026-03-07 14:18:40
gold_price_proxy,2018-11-29,1224.75,0,stooq_json,2018-11-29T21:00:00+00:00,2026-03-07 14:18:40
gold_price_proxy,2018-11-30,1222.13,0,stooq_json,2018-11-30T21:00:00+00:00,2026-03-07 14:18:40
gold_price_proxy,2018-12-03,1231.54,0,stooq_json,2018-12-03T21:00:00+00:00,2026-03-07 14:18:40
gold_price_proxy,2018-12-04,1239.03,0,stooq_json,2018-12-04T21:00:00+00:00,2026-03-07 14:18:40
gold_price_proxy,2018-12-05,1237.31,0,stooq_json,2018-12-05T21:00:00+00:00,2026-03-07 14:18:40
gold_price_proxy,2018-12-06,1238.42,0,stooq_json,2018-12-06T21:00:00+00:00,2026-03-07 14:18:40
gold_price_proxy,2018-12-07,1248.53,0,stooq_json,2018-12-07T21:00:00+00:00,2026-03-07 14:18:40
gold_price_proxy,2018-12-10,1244.45,0,stooq_json,2018-12-10T21:00:00+00:00,2026-03-07 14:18:40
gold_price_proxy,2018-12-11,1243.66,0,stooq_json,2018-12-11T21:00:00+00:00,2026-03-07 14:18:40
gold_price_proxy,2018-12-12,1245.64,0,stooq_json,2018-12-12T21:00:00+00:00,2026-03-07 14:18:40
gold_price_proxy,2018-12-13,1242.66,0,stooq_json,2018-12-13T21:00:00+00:00,2026-03-07 14:18:40
gold_price_proxy,2018-12-14,1238.43,0,stooq_json,2018-12-14T21:00:00+00:00,2026-03-07 14:18:40
gold_price_proxy,2018-12-17,1246.7,0,stooq_json,2018-12-17T21:00:00+00:00,2026-03-07 14:18:40
gold_price_proxy,2018-12-18,1248.35,0,stooq_json,2018-12-18T21:00:00+00:00,2026-03-07 14:18:40
gold_price_proxy,2018-12-19,1243.07,0,stooq_json,2018-12-19T21:00:00+00:00,2026-03-07 14:18:40
gold_price_proxy,2018-12-20,1260.68,0,stooq_json,2018-12-20T21:00:00+00:00,2026-03-07 14:18:40
gold_price_proxy,2018-12-21,1255.46,0,stooq_json,2018-12-21T21:00:00+00:00,2026-03-07 14:18:40
gold_price_proxy,2018-12-24,1269.2,0,stooq_json,2018-12-24T21:00:00+00:00,2026-03-07 14:18:40
gold_price_proxy,2018-12-26,1267.41,0,stooq_json,2018-12-26T21:00:00+00:00,2026-03-07 14:18:40
gold_price_proxy,2018-12-27,1275.59,0,stooq_json,2018-12-27T21:00:00+00:00,2026-03-07 14:18:40
gold_price_proxy,2018-12-28,1280.04,0,stooq_json,2018-12-28T21:00:00+00:00,2026-03-07 14:18:40
gold_price_proxy,2018-12-31,1282.56,0,stooq_json,2018-12-31T21:00:00+00:00,2026-03-07 14:18:40
gold_price_proxy,2019-01-02,1283.74,0,stooq_json,2019-01-02T21:00:00+00:00,2026-03-07 14:18:40
gold_price_proxy,2019-01-03,1293.53,0,stooq_json,2019-01-03T21:00:00+00:00,2026-03-07 14:18:40
gold_price_proxy,2019-01-04,1285.03,0,stooq_json,2019-01-04T21:00:00+00:00,2026-03-07 14:18:40
gold_price_proxy,2019-01-07,1288.78,0,stooq_json,2019-01-07T21:00:00+00:00,2026-03-07 14:18:40
gold_price_proxy,2019-01-08,1284.67,0,stooq_json,2019-01-08T21:00:00+00:00,2026-03-07 14:18:40
gold_price_proxy,2019-01-09,1292.77,0,stooq_json,2019-01-09T21:00:00+00:00,2026-03-07 14:18:40
gold_price_proxy,2019-01-10,1287.72,0,stooq_json,2019-01-10T21:00:00+00:00,2026-03-07 14:18:40
gold_price_proxy,2019-01-11,1288.25,0,stooq_json,2019-01-11T21:00:00+00:00,2026-03-07 14:18:40
gold_price_proxy,2019-01-14,1291.55,0,stooq_json,2019-01-14T21:00:00+00:00,2026-03-07 14:18:40
gold_price_proxy,2019-01-15,1289.34,0,stooq_json,2019-01-15T21:00:00+00:00,2026-03-07 14:18:40
gold_price_proxy,2019-01-16,1294.33,0,stooq_json,2019-01-16T21:00:00+00:00,2026-03-07 14:18:40
gold_price_proxy,2019-01-17,1291.85,0,stooq_json,2019-01-17T21:00:00+00:00,2026-03-07 14:18:40
gold_price_proxy,2019-01-18,1280.96,0,stooq_json,2019-01-18T21:00:00+00:00,2026-03-07 14:18:40
gold_price_proxy,2019-01-21,1280.28,0,stooq_json,2019-01-21T21:00:00+00:00,2026-03-07 14:18:40
gold_price_proxy,2019-01-22,1283.53,0,stooq_json,2019-01-22T21:00:00+00:00,2026-03-07 14:18:40
gold_price_proxy,2019-01-23,1283.15,0,stooq_json,2019-01-23T21:00:00+00:00,2026-03-07 14:18:40
gold_price_proxy,2019-01-24,1281.05,0,stooq_json,2019-01-24T21:00:00+00:00,2026-03-07 14:18:40
gold_price_proxy,2019-01-25,1300.23,0,stooq_json,2019-01-25T21:00:00+00:00,2026-03-07 14:18:40
gold_price_proxy,2019-01-28,1302.85,0,stooq_json,2019-01-28T21:00:00+00:00,2026-03-07 14:18:40
gold_price_proxy,2019-01-29,1310.86,0,stooq_json,2019-01-29T21:00:00+00:00,2026-03-07 14:18:40
gold_price_proxy,2019-01-30,1320.58,0,stooq_json,2019-01-30T21:00:00+00:00,2026-03-07 14:18:40
gold_price_proxy,2019-01-31,1321.37,0,stooq_json,2019-01-31T21:00:00+00:00,2026-03-07 14:18:40
gold_price_proxy,2019-02-01,1317.93,0,stooq_json,2019-02-01T21:00:00+00:00,2026-03-07 14:18:40
gold_price_proxy,2019-02-04,1311.3,0,stooq_json,2019-02-04T21:00:00+00:00,2026-03-07 14:18:40
gold_price_proxy,2019-02-05,1314.91,0,stooq_json,2019-02-05T21:00:00+00:00,2026-03-07 14:18:40
gold_price_proxy,2019-02-06,1307.21,0,stooq_json,2019-02-06T21:00:00+00:00,2026-03-07 14:18:40
gold_price_proxy,2019-02-07,1310.94,0,stooq_json,2019-02-07T21:00:00+00:00,2026-03-07 14:18:40
gold_price_proxy,2019-02-08,1314.45,0,stooq_json,2019-02-08T21:00:00+00:00,2026-03-07 14:18:40
gold_price_proxy,2019-02-11,1308.06,0,stooq_json,2019-02-11T21:00:00+00:00,2026-03-07 14:18:40
gold_price_proxy,2019-02-12,1310.3,0,stooq_json,2019-02-12T21:00:00+00:00,2026-03-07 14:18:40
gold_price_proxy,2019-02-13,1306.54,0,stooq_json,2019-02-13T21:00:00+00:00,2026-03-07 14:18:40
gold_price_proxy,2019-02-14,1311.97,0,stooq_json,2019-02-14T21:00:00+00:00,2026-03-07 14:18:40
gold_price_proxy,2019-02-15,1321.04,0,stooq_json,2019-02-15T21:00:00+00:00,2026-03-07 14:18:40
gold_price_proxy,2019-02-18,1326.53,0,stooq_json,2019-02-18T21:00:00+00:00,2026-03-07 14:18:40
gold_price_proxy,2019-02-19,1340.51,0,stooq_json,2019-02-19T21:00:00+00:00,2026-03-07 14:18:40
gold_price_proxy,2019-02-20,1339.14,0,stooq_json,2019-02-20T21:00:00+00:00,2026-03-07 14:18:40
gold_price_proxy,2019-02-21,1324.52,0,stooq_json,2019-02-21T21:00:00+00:00,2026-03-07 14:18:40
gold_price_proxy,2019-02-22,1328.46,0,stooq_json,2019-02-22T21:00:00+00:00,2026-03-07 14:18:40
gold_price_proxy,2019-02-25,1328.15,0,stooq_json,2019-02-25T21:00:00+00:00,2026-03-07 14:18:40
gold_price_proxy,2019-02-26,1328.52,0,stooq_json,2019-02-26T21:00:00+00:00,2026-03-07 14:18:40
gold_price_proxy,2019-02-27,1321.01,0,stooq_json,2019-02-27T21:00:00+00:00,2026-03-07 14:18:40
gold_price_proxy,2019-02-28,1312.45,0,stooq_json,2019-02-28T21:00:00+00:00,2026-03-07 14:18:40
gold_price_proxy,2019-03-01,1291.39,0,stooq_json,2019-03-01T21:00:00+00:00,2026-03-07 14:18:40
gold_price_proxy,2019-03-04,1287.38,0,stooq_json,2019-03-04T21:00:00+00:00,2026-03-07 14:18:40
gold_price_proxy,2019-03-05,1288.48,0,stooq_json,2019-03-05T21:00:00+00:00,2026-03-07 14:18:40
gold_price_proxy,2019-03-06,1286.06,0,stooq_json,2019-03-06T21:00:00+00:00,2026-03-07 14:18:40
gold_price_proxy,2019-03-07,1285.07,0,stooq_json,2019-03-07T21:00:00+00:00,2026-03-07 14:18:40
gold_price_proxy,2019-03-08,1300.17,0,stooq_json,2019-03-08T21:00:00+00:00,2026-03-07 14:18:40
gold_price_proxy,2019-03-11,1293.71,0,stooq_json,2019-03-11T21:00:00+00:00,2026-03-07 14:18:40
gold_price_proxy,2019-03-12,1301.22,0,stooq_json,2019-03-12T21:00:00+00:00,2026-03-07 14:18:40
gold_price_proxy,2019-03-13,1308.9,0,stooq_json,2019-03-13T21:00:00+00:00,2026-03-07 14:18:40
gold_price_proxy,2019-03-14,1296.48,0,stooq_json,2019-03-14T21:00:00+00:00,2026-03-07 14:18:40
gold_price_proxy,2019-03-15,1302.25,0,stooq_json,2019-03-15T21:00:00+00:00,2026-03-07 14:18:40
gold_price_proxy,2019-03-18,1303.89,0,stooq_json,2019-03-18T21:00:00+00:00,2026-03-07 14:18:40
gold_price_proxy,2019-03-19,1306.05,0,stooq_json,2019-03-19T21:00:00+00:00,2026-03-07 14:18:40
gold_price_proxy,2019-03-20,1313.69,0,stooq_json,2019-03-20T21:00:00+00:00,2026-03-07 14:18:40
gold_price_proxy,2019-03-21,1309.36,0,stooq_json,2019-03-21T21:00:00+00:00,2026-03-07 14:18:40
gold_price_proxy,2019-03-22,1313.31,0,stooq_json,2019-03-22T21:00:00+00:00,2026-03-07 14:18:40
gold_price_proxy,2019-03-25,1321.84,0,stooq_json,2019-03-25T21:00:00+00:00,2026-03-07 14:18:40
gold_price_proxy,2019-03-26,1316.08,0,stooq_json,2019-03-26T21:00:00+00:00,2026-03-07 14:18:40
gold_price_proxy,2019-03-27,1309.78,0,stooq_json,2019-03-27T21:00:00+00:00,2026-03-07 14:18:40
gold_price_proxy,2019-03-28,1290.6,0,stooq_json,2019-03-28T21:00:00+00:00,2026-03-07 14:18:40
gold_price_proxy,2019-03-29,1292.3,0,stooq_json,2019-03-29T21:00:00+00:00,2026-03-07 14:18:40
gold_price_proxy,2019-04-01,1287.7,0,stooq_json,2019-04-01T21:00:00+00:00,2026-03-07 14:18:40
gold_price_proxy,2019-04-02,1292.5,0,stooq_json,2019-04-02T21:00:00+00:00,2026-03-07 14:18:40
gold_price_proxy,2019-04-03,1290.46,0,stooq_json,2019-04-03T21:00:00+00:00,2026-03-07 14:18:40
gold_price_proxy,2019-04-04,1291.7,0,stooq_json,2019-04-04T21:00:00+00:00,2026-03-07 14:18:40
gold_price_proxy,2019-04-05,1291.91,0,stooq_json,2019-04-05T21:00:00+00:00,2026-03-07 14:18:40
gold_price_proxy,2019-04-08,1298.22,0,stooq_json,2019-04-08T21:00:00+00:00,2026-03-07 14:18:40
gold_price_proxy,2019-04-09,1305.19,0,stooq_json,2019-04-09T21:00:00+00:00,2026-03-07 14:18:40
gold_price_proxy,2019-04-10,1306.86,0,stooq_json,2019-04-10T21:00:00+00:00,2026-03-07 14:18:40
gold_price_proxy,2019-04-11,1293.17,0,stooq_json,2019-04-11T21:00:00+00:00,2026-03-07 14:18:40
gold_price_proxy,2019-04-12,1290.34,0,stooq_json,2019-04-12T21:00:00+00:00,2026-03-07 14:18:40
gold_price_proxy,2019-04-15,1289.0,0,stooq_json,2019-04-15T21:00:00+00:00,2026-03-07 14:18:40
gold_price_proxy,2019-04-16,1276.9,0,stooq_json,2019-04-16T21:00:00+00:00,2026-03-07 14:18:40
gold_price_proxy,2019-04-17,1274.54,0,stooq_json,2019-04-17T21:00:00+00:00,2026-03-07 14:18:40
gold_price_proxy,2019-04-18,1275.77,0,stooq_json,2019-04-18T21:00:00+00:00,2026-03-07 14:18:40
gold_price_proxy,2019-04-22,1274.86,0,stooq_json,2019-04-22T21:00:00+00:00,2026-03-07 14:18:40
gold_price_proxy,2019-04-23,1271.78,0,stooq_json,2019-04-23T21:00:00+00:00,2026-03-07 14:18:40
gold_price_proxy,2019-04-24,1275.62,0,stooq_json,2019-04-24T21:00:00+00:00,2026-03-07 14:18:40
gold_price_proxy,2019-04-25,1276.71,0,stooq_json,2019-04-25T21:00:00+00:00,2026-03-07 14:18:40
gold_price_proxy,2019-04-26,1285.53,0,stooq_json,2019-04-26T21:00:00+00:00,2026-03-07 14:18:40
gold_price_proxy,2019-04-29,1280.79,0,stooq_json,2019-04-29T21:00:00+00:00,2026-03-07 14:18:40
gold_price_proxy,2019-04-30,1283.48,0,stooq_json,2019-04-30T21:00:00+00:00,2026-03-07 14:18:40
gold_price_proxy,2019-05-01,1277.63,0,stooq_json,2019-05-01T21:00:00+00:00,2026-03-07 14:18:40
gold_price_proxy,2019-05-02,1270.92,0,stooq_json,2019-05-02T21:00:00+00:00,2026-03-07 14:18:40
gold_price_proxy,2019-05-03,1278.29,0,stooq_json,2019-05-03T21:00:00+00:00,2026-03-07 14:18:40
gold_price_proxy,2019-05-06,1280.5,0,stooq_json,2019-05-06T21:00:00+00:00,2026-03-07 14:18:40
gold_price_proxy,2019-05-07,1281.78,0,stooq_json,2019-05-07T21:00:00+00:00,2026-03-07 14:18:40
gold_price_proxy,2019-05-08,1281.57,0,stooq_json,2019-05-08T21:00:00+00:00,2026-03-07 14:18:40
gold_price_proxy,2019-05-09,1283.91,0,stooq_json,2019-05-09T21:00:00+00:00,2026-03-07 14:18:40
gold_price_proxy,2019-05-10,1286.07,0,stooq_json,2019-05-10T21:00:00+00:00,2026-03-07 14:18:40
gold_price_proxy,2019-05-13,1299.23,0,stooq_json,2019-05-13T21:00:00+00:00,2026-03-07 14:18:40
gold_price_proxy,2019-05-14,1295.77,0,stooq_json,2019-05-14T21:00:00+00:00,2026-03-07 14:18:40
gold_price_proxy,2019-05-15,1296.51,0,stooq_json,2019-05-15T21:00:00+00:00,2026-03-07 14:18:40
gold_price_proxy,2019-05-16,1288.0,0,stooq_json,2019-05-16T21:00:00+00:00,2026-03-07 14:18:40
gold_price_proxy,2019-05-17,1278.08,0,stooq_json,2019-05-17T21:00:00+00:00,2026-03-07 14:18:40
gold_price_proxy,2019-05-20,1276.53,0,stooq_json,2019-05-20T21:00:00+00:00,2026-03-07 14:18:40
gold_price_proxy,2019-05-21,1274.68,0,stooq_json,2019-05-21T21:00:00+00:00,2026-03-07 14:18:40
gold_price_proxy,2019-05-22,1274.07,0,stooq_json,2019-05-22T21:00:00+00:00,2026-03-07 14:18:40
gold_price_proxy,2019-05-23,1284.02,0,stooq_json,2019-05-23T21:00:00+00:00,2026-03-07 14:18:40
gold_price_proxy,2019-05-24,1284.79,0,stooq_json,2019-05-24T21:00:00+00:00,2026-03-07 14:18:40
gold_price_proxy,2019-05-27,1285.11,0,stooq_json,2019-05-27T21:00:00+00:00,2026-03-07 14:18:40
gold_price_proxy,2019-05-28,1278.48,0,stooq_json,2019-05-28T21:00:00+00:00,2026-03-07 14:18:40
gold_price_proxy,2019-05-29,1281.65,0,stooq_json,2019-05-29T21:00:00+00:00,2026-03-07 14:18:40
gold_price_proxy,2019-05-30,1288.55,0,stooq_json,2019-05-30T21:00:00+00:00,2026-03-07 14:18:40
gold_price_proxy,2019-05-31,1305.87,0,stooq_json,2019-05-31T21:00:00+00:00,2026-03-07 14:18:40
gold_price_proxy,2019-06-03,1325.24,0,stooq_json,2019-06-03T21:00:00+00:00,2026-03-07 14:18:40
gold_price_proxy,2019-06-04,1325.53,0,stooq_json,2019-06-04T21:00:00+00:00,2026-03-07 14:18:40
gold_price_proxy,2019-06-05,1330.27,0,stooq_json,2019-06-05T21:00:00+00:00,2026-03-07 14:18:40
gold_price_proxy,2019-06-06,1335.32,0,stooq_json,2019-06-06T21:00:00+00:00,2026-03-07 14:18:40
gold_price_proxy,2019-06-07,1341.35,0,stooq_json,2019-06-07T21:00:00+00:00,2026-03-07 14:18:40
gold_price_proxy,2019-06-10,1327.98,0,stooq_json,2019-06-10T21:00:00+00:00,2026-03-07 14:18:40
gold_price_proxy,2019-06-11,1326.85,0,stooq_json,2019-06-11T21:00:00+00:00,2026-03-07 14:18:40
gold_price_proxy,2019-06-12,1333.54,0,stooq_json,2019-06-12T21:00:00+00:00,2026-03-07 14:18:40
gold_price_proxy,2019-06-13,1342.19,0,stooq_json,2019-06-13T21:00:00+00:00,2026-03-07 14:18:40
gold_price_proxy,2019-06-14,1341.08,0,stooq_json,2019-06-14T21:00:00+00:00,2026-03-07 14:18:40
gold_price_proxy,2019-06-17,1339.65,0,stooq_json,2019-06-17T21:00:00+00:00,2026-03-07 14:18:40
gold_price_proxy,2019-06-18,1346.58,0,stooq_json,2019-06-18T21:00:00+00:00,2026-03-07 14:18:40
gold_price_proxy,2019-06-19,1360.36,0,stooq_json,2019-06-19T21:00:00+00:00,2026-03-07 14:18:40
gold_price_proxy,2019-06-20,1388.51,0,stooq_json,2019-06-20T21:00:00+00:00,2026-03-07 14:18:40
gold_price_proxy,2019-06-21,1399.03,0,stooq_json,2019-06-21T21:00:00+00:00,2026-03-07 14:18:40
gold_price_proxy,2019-06-24,1419.7,0,stooq_json,2019-06-24T21:00:00+00:00,2026-03-07 14:18:40
gold_price_proxy,2019-06-25,1423.44,0,stooq_json,2019-06-25T21:00:00+00:00,2026-03-07 14:18:40
gold_price_proxy,2019-06-26,1408.98,0,stooq_json,2019-06-26T21:00:00+00:00,2026-03-07 14:18:40
gold_price_proxy,2019-06-27,1409.76,0,stooq_json,2019-06-27T21:00:00+00:00,2026-03-07 14:18:40
gold_price_proxy,2019-06-28,1411.07,0,stooq_json,2019-06-28T21:00:00+00:00,2026-03-07 14:18:40
gold_price_proxy,2019-07-01,1384.2,0,stooq_json,2019-07-01T21:00:00+00:00,2026-03-07 14:18:40
gold_price_proxy,2019-07-02,1418.62,0,stooq_json,2019-07-02T21:00:00+00:00,2026-03-07 14:18:40
gold_price_proxy,2019-07-03,1418.41,0,stooq_json,2019-07-03T21:00:00+00:00,2026-03-07 14:18:40
gold_price_proxy,2019-07-04,1415.19,0,stooq_json,2019-07-04T21:00:00+00:00,2026-03-07 14:18:40
gold_price_proxy,2019-07-05,1400.78,0,stooq_json,2019-07-05T21:00:00+00:00,2026-03-07 14:18:40
gold_price_proxy,2019-07-08,1395.52,0,stooq_json,2019-07-08T21:00:00+00:00,2026-03-07 14:18:40
gold_price_proxy,2019-07-09,1397.57,0,stooq_json,2019-07-09T21:00:00+00:00,2026-03-07 14:18:40
gold_price_proxy,2019-07-10,1418.93,0,stooq_json,2019-07-10T21:00:00+00:00,2026-03-07 14:18:40
gold_price_proxy,2019-07-11,1403.83,0,stooq_json,2019-07-11T21:00:00+00:00,2026-03-07 14:18:40
gold_price_proxy,2019-07-12,1414.63,0,stooq_json,2019-07-12T21:00:00+00:00,2026-03-07 14:18:40
gold_price_proxy,2019-07-15,1414.1,0,stooq_json,2019-07-15T21:00:00+00:00,2026-03-07 14:18:40
gold_price_proxy,2019-07-16,1406.08,0,stooq_json,2019-07-16T21:00:00+00:00,2026-03-07 14:18:40
gold_price_proxy,2019-07-17,1426.51,0,stooq_json,2019-07-17T21:00:00+00:00,2026-03-07 14:18:40
gold_price_proxy,2019-07-18,1446.08,0,stooq_json,2019-07-18T21:00:00+00:00,2026-03-07 14:18:40
gold_price_proxy,2019-07-19,1425.7,0,stooq_json,2019-07-19T21:00:00+00:00,2026-03-07 14:18:40
gold_price_proxy,2019-07-22,1424.89,0,stooq_json,2019-07-22T21:00:00+00:00,2026-03-07 14:18:40
gold_price_proxy,2019-07-23,1417.86,0,stooq_json,2019-07-23T21:00:00+00:00,2026-03-07 14:18:40
gold_price_proxy,2019-07-24,1425.85,0,stooq_json,2019-07-24T21:00:00+00:00,2026-03-07 14:18:40
gold_price_proxy,2019-07-25,1414.6,0,stooq_json,2019-07-25T21:00:00+00:00,2026-03-07 14:18:40
gold_price_proxy,2019-07-26,1416.66,0,stooq_json,2019-07-26T21:00:00+00:00,2026-03-07 14:18:40
gold_price_proxy,2019-07-29,1426.84,0,stooq_json,2019-07-29T21:00:00+00:00,2026-03-07 14:18:40
gold_price_proxy,2019-07-30,1430.84,0,stooq_json,2019-07-30T21:00:00+00:00,2026-03-07 14:18:40
gold_price_proxy,2019-07-31,1413.73,0,stooq_json,2019-07-31T21:00:00+00:00,2026-03-07 14:18:40
gold_price_proxy,2019-08-01,1445.09,0,stooq_json,2019-08-01T21:00:00+00:00,2026-03-07 14:18:40
gold_price_proxy,2019-08-02,1440.97,0,stooq_json,2019-08-02T21:00:00+00:00,2026-03-07 14:18:40
gold_price_proxy,2019-08-05,1464.0,0,stooq_json,2019-08-05T21:00:00+00:00,2026-03-07 14:18:40
gold_price_proxy,2019-08-06,1474.35,0,stooq_json,2019-08-06T21:00:00+00:00,2026-03-07 14:18:40
gold_price_proxy,2019-08-07,1501.13,0,stooq_json,2019-08-07T21:00:00+00:00,2026-03-07 14:18:40
gold_price_proxy,2019-08-08,1500.86,0,stooq_json,2019-08-08T21:00:00+00:00,2026-03-07 14:18:40
gold_price_proxy,2019-08-09,1498.48,0,stooq_json,2019-08-09T21:00:00+00:00,2026-03-07 14:18:40
gold_price_proxy,2019-08-12,1511.22,0,stooq_json,2019-08-12T21:00:00+00:00,2026-03-07 14:18:40
gold_price_proxy,2019-08-13,1501.5,0,stooq_json,2019-08-13T21:00:00+00:00,2026-03-07 14:18:40
gold_price_proxy,2019-08-14,1516.33,0,stooq_json,2019-08-14T21:00:00+00:00,2026-03-07 14:18:40
gold_price_proxy,2019-08-15,1523.31,0,stooq_json,2019-08-15T21:00:00+00:00,2026-03-07 14:18:40
gold_price_proxy,2019-08-16,1514.49,0,stooq_json,2019-08-16T21:00:00+00:00,2026-03-07 14:18:40
gold_price_proxy,2019-08-19,1496.07,0,stooq_json,2019-08-19T21:00:00+00:00,2026-03-07 14:18:40
gold_price_proxy,2019-08-20,1507.19,0,stooq_json,2019-08-20T21:00:00+00:00,2026-03-07 14:18:40
gold_price_proxy,2019-08-21,1502.58,0,stooq_json,2019-08-21T21:00:00+00:00,2026-03-07 14:18:40
gold_price_proxy,2019-08-22,1498.12,0,stooq_json,2019-08-22T21:00:00+00:00,2026-03-07 14:18:40
gold_price_proxy,2019-08-23,1528.7,0,stooq_json,2019-08-23T21:00:00+00:00,2026-03-07 14:18:40
gold_price_proxy,2019-08-26,1527.4,0,stooq_json,2019-08-26T21:00:00+00:00,2026-03-07 14:18:40
gold_price_proxy,2019-08-27,1542.79,0,stooq_json,2019-08-27T21:00:00+00:00,2026-03-07 14:18:40
gold_price_proxy,2019-08-28,1538.95,0,stooq_json,2019-08-28T21:00:00+00:00,2026-03-07 14:18:40
gold_price_proxy,2019-08-29,1527.65,0,stooq_json,2019-08-29T21:00:00+00:00,2026-03-07 14:18:40
gold_price_proxy,2019-08-30,1523.72,0,stooq_json,2019-08-30T21:00:00+00:00,2026-03-07 14:18:40
gold_price_proxy,2019-09-02,1529.28,0,stooq_json,2019-09-02T21:00:00+00:00,2026-03-07 14:18:40
gold_price_proxy,2019-09-03,1547.13,0,stooq_json,2019-09-03T21:00:00+00:00,2026-03-07 14:18:40
gold_price_proxy,2019-09-04,1552.54,0,stooq_json,2019-09-04T21:00:00+00:00,2026-03-07 14:18:40
gold_price_proxy,2019-09-05,1519.06,0,stooq_json,2019-09-05T21:00:00+00:00,2026-03-07 14:18:40
gold_price_proxy,2019-09-06,1505.78,0,stooq_json,2019-09-06T21:00:00+00:00,2026-03-07 14:18:40
gold_price_proxy,2019-09-09,1499.2,0,stooq_json,2019-09-09T21:00:00+00:00,2026-03-07 14:18:40
gold_price_proxy,2019-09-10,1485.8,0,stooq_json,2019-09-10T21:00:00+00:00,2026-03-07 14:18:40
gold_price_proxy,2019-09-11,1497.04,0,stooq_json,2019-09-11T21:00:00+00:00,2026-03-07 14:18:40
gold_price_proxy,2019-09-12,1499.27,0,stooq_json,2019-09-12T21:00:00+00:00,2026-03-07 14:18:40
gold_price_proxy,2019-09-13,1486.81,0,stooq_json,2019-09-13T21:00:00+00:00,2026-03-07 14:18:40
gold_price_proxy,2019-09-16,1497.6,0,stooq_json,2019-09-16T21:00:00+00:00,2026-03-07 14:18:40
gold_price_proxy,2019-09-17,1501.37,0,stooq_json,2019-09-17T21:00:00+00:00,2026-03-07 14:18:40
gold_price_proxy,2019-09-18,1493.96,0,stooq_json,2019-09-18T21:00:00+00:00,2026-03-07 14:18:40
gold_price_proxy,2019-09-19,1499.03,0,stooq_json,2019-09-19T21:00:00+00:00,2026-03-07 14:18:40
gold_price_proxy,2019-09-20,1516.36,0,stooq_json,2019-09-20T21:00:00+00:00,2026-03-07 14:18:40
gold_price_proxy,2019-09-23,1522.3,0,stooq_json,2019-09-23T21:00:00+00:00,2026-03-07 14:18:40
gold_price_proxy,2019-09-24,1531.77,0,stooq_json,2019-09-24T21:00:00+00:00,2026-03-07 14:18:40
gold_price_proxy,2019-09-25,1503.95,0,stooq_json,2019-09-25T21:00:00+00:00,2026-03-07 14:18:40
gold_price_proxy,2019-09-26,1504.83,0,stooq_json,2019-09-26T21:00:00+00:00,2026-03-07 14:18:40
gold_price_proxy,2019-09-27,1496.62,0,stooq_json,2019-09-27T21:00:00+00:00,2026-03-07 14:18:40
gold_price_proxy,2019-09-30,1472.72,0,stooq_json,2019-09-30T21:00:00+00:00,2026-03-07 14:18:40
gold_price_proxy,2019-10-01,1479.13,0,stooq_json,2019-10-01T21:00:00+00:00,2026-03-07 14:18:40
gold_price_proxy,2019-10-02,1499.43,0,stooq_json,2019-10-02T21:00:00+00:00,2026-03-07 14:18:40
gold_price_proxy,2019-10-03,1505.19,0,stooq_json,2019-10-03T21:00:00+00:00,2026-03-07 14:18:40
gold_price_proxy,2019-10-04,1505.16,0,stooq_json,2019-10-04T21:00:00+00:00,2026-03-07 14:18:40
gold_price_proxy,2019-10-07,1493.44,0,stooq_json,2019-10-07T21:00:00+00:00,2026-03-07 14:18:40
gold_price_proxy,2019-10-08,1505.54,0,stooq_json,2019-10-08T21:00:00+00:00,2026-03-07 14:18:40
gold_price_proxy,2019-10-09,1505.57,0,stooq_json,2019-10-09T21:00:00+00:00,2026-03-07 14:18:40
gold_price_proxy,2019-10-10,1494.14,0,stooq_json,2019-10-10T21:00:00+00:00,2026-03-07 14:18:40
gold_price_proxy,2019-10-11,1485.84,0,stooq_json,2019-10-11T21:00:00+00:00,2026-03-07 14:18:40
gold_price_proxy,2019-10-14,1493.25,0,stooq_json,2019-10-14T21:00:00+00:00,2026-03-07 14:18:40
gold_price_proxy,2019-10-15,1481.08,0,stooq_json,2019-10-15T21:00:00+00:00,2026-03-07 14:18:40
gold_price_proxy,2019-10-16,1490.08,0,stooq_json,2019-10-16T21:00:00+00:00,2026-03-07 14:18:40
gold_price_proxy,2019-10-17,1491.9,0,stooq_json,2019-10-17T21:00:00+00:00,2026-03-07 14:18:40
gold_price_proxy,2019-10-18,1490.63,0,stooq_json,2019-10-18T21:00:00+00:00,2026-03-07 14:18:40
gold_price_proxy,2019-10-21,1484.5,0,stooq_json,2019-10-21T21:00:00+00:00,2026-03-07 14:18:40
gold_price_proxy,2019-10-22,1487.64,0,stooq_json,2019-10-22T21:00:00+00:00,2026-03-07 14:18:40
gold_price_proxy,2019-10-23,1492.13,0,stooq_json,2019-10-23T21:00:00+00:00,2026-03-07 14:18:40
gold_price_proxy,2019-10-24,1503.95,0,stooq_json,2019-10-24T21:00:00+00:00,2026-03-07 14:18:40
gold_price_proxy,2019-10-25,1505.77,0,stooq_json,2019-10-25T21:00:00+00:00,2026-03-07 14:18:40
gold_price_proxy,2019-10-28,1492.59,0,stooq_json,2019-10-28T21:00:00+00:00,2026-03-07 14:18:40
gold_price_proxy,2019-10-29,1488.35,0,stooq_json,2019-10-29T21:00:00+00:00,2026-03-07 14:18:40
gold_price_proxy,2019-10-30,1496.54,0,stooq_json,2019-10-30T21:00:00+00:00,2026-03-07 14:18:40
gold_price_proxy,2019-10-31,1513.17,0,stooq_json,2019-10-31T21:00:00+00:00,2026-03-07 14:18:40
gold_price_proxy,2019-11-01,1514.34,0,stooq_json,2019-11-01T21:00:00+00:00,2026-03-07 14:18:40
gold_price_proxy,2019-11-04,1509.83,0,stooq_json,2019-11-04T21:00:00+00:00,2026-03-07 14:18:40
gold_price_proxy,2019-11-05,1483.61,0,stooq_json,2019-11-05T21:00:00+00:00,2026-03-07 14:18:40
gold_price_proxy,2019-11-06,1490.58,0,stooq_json,2019-11-06T21:00:00+00:00,2026-03-07 14:18:40
gold_price_proxy,2019-11-07,1468.51,0,stooq_json,2019-11-07T21:00:00+00:00,2026-03-07 14:18:40
gold_price_proxy,2019-11-08,1458.8,0,stooq_json,2019-11-08T21:00:00+00:00,2026-03-07 14:18:40
gold_price_proxy,2019-11-11,1455.82,0,stooq_json,2019-11-11T21:00:00+00:00,2026-03-07 14:18:40
gold_price_proxy,2019-11-12,1456.3,0,stooq_json,2019-11-12T21:00:00+00:00,2026-03-07 14:18:40
gold_price_proxy,2019-11-13,1463.55,0,stooq_json,2019-11-13T21:00:00+00:00,2026-03-07 14:18:40
gold_price_proxy,2019-11-14,1471.36,0,stooq_json,2019-11-14T21:00:00+00:00,2026-03-07 14:18:40
gold_price_proxy,2019-11-15,1466.91,0,stooq_json,2019-11-15T21:00:00+00:00,2026-03-07 14:18:40
gold_price_proxy,2019-11-18,1471.4,0,stooq_json,2019-11-18T21:00:00+00:00,2026-03-07 14:18:40
gold_price_proxy,2019-11-19,1472.46,0,stooq_json,2019-11-19T21:00:00+00:00,2026-03-07 14:18:40
gold_price_proxy,2019-11-20,1471.6,0,stooq_json,2019-11-20T21:00:00+00:00,2026-03-07 14:18:40
gold_price_proxy,2019-11-21,1464.46,0,stooq_json,2019-11-21T21:00:00+00:00,2026-03-07 14:18:40
gold_price_proxy,2019-11-22,1462.16,0,stooq_json,2019-11-22T21:00:00+00:00,2026-03-07 14:18:40
gold_price_proxy,2019-11-25,1455.28,0,stooq_json,2019-11-25T21:00:00+00:00,2026-03-07 14:18:40
gold_price_proxy,2019-11-26,1461.36,0,stooq_json,2019-11-26T21:00:00+00:00,2026-03-07 14:18:40
gold_price_proxy,2019-11-27,1454.44,0,stooq_json,2019-11-27T21:00:00+00:00,2026-03-07 14:18:40
gold_price_proxy,2019-11-28,1455.86,0,stooq_json,2019-11-28T21:00:00+00:00,2026-03-07 14:18:40
gold_price_proxy,2019-11-29,1464.02,0,stooq_json,2019-11-29T21:00:00+00:00,2026-03-07 14:18:40
gold_price_proxy,2019-12-02,1462.39,0,stooq_json,2019-12-02T21:00:00+00:00,2026-03-07 14:18:40
gold_price_proxy,2019-12-03,1477.49,0,stooq_json,2019-12-03T21:00:00+00:00,2026-03-07 14:18:40
gold_price_proxy,2019-12-04,1474.62,0,stooq_json,2019-12-04T21:00:00+00:00,2026-03-07 14:18:40
gold_price_proxy,2019-12-05,1476.07,0,stooq_json,2019-12-05T21:00:00+00:00,2026-03-07 14:18:40
gold_price_proxy,2019-12-06,1460.61,0,stooq_json,2019-12-06T21:00:00+00:00,2026-03-07 14:18:40
gold_price_proxy,2019-12-09,1461.62,0,stooq_json,2019-12-09T21:00:00+00:00,2026-03-07 14:18:40
gold_price_proxy,2019-12-10,1464.35,0,stooq_json,2019-12-10T21:00:00+00:00,2026-03-07 14:18:40
gold_price_proxy,2019-12-11,1474.72,0,stooq_json,2019-12-11T21:00:00+00:00,2026-03-07 14:18:40
gold_price_proxy,2019-12-12,1469.84,0,stooq_json,2019-12-12T21:00:00+00:00,2026-03-07 14:18:40
gold_price_proxy,2019-12-13,1476.61,0,stooq_json,2019-12-13T21:00:00+00:00,2026-03-07 14:18:40
gold_price_proxy,2019-12-16,1476.19,0,stooq_json,2019-12-16T21:00:00+00:00,2026-03-07 14:18:40
gold_price_proxy,2019-12-17,1476.16,0,stooq_json,2019-12-17T21:00:00+00:00,2026-03-07 14:18:40
gold_price_proxy,2019-12-18,1475.48,0,stooq_json,2019-12-18T21:00:00+00:00,2026-03-07 14:18:40
gold_price_proxy,2019-12-19,1478.75,0,stooq_json,2019-12-19T21:00:00+00:00,2026-03-07 14:18:40
gold_price_proxy,2019-12-20,1477.58,0,stooq_json,2019-12-20T21:00:00+00:00,2026-03-07 14:18:40
gold_price_proxy,2019-12-23,1485.77,0,stooq_json,2019-12-23T21:00:00+00:00,2026-03-07 14:18:40
gold_price_proxy,2019-12-24,1499.56,0,stooq_json,2019-12-24T21:00:00+00:00,2026-03-07 14:18:40
gold_price_proxy,2019-12-26,1511.29,0,stooq_json,2019-12-26T21:00:00+00:00,2026-03-07 14:18:40
gold_price_proxy,2019-12-27,1510.86,0,stooq_json,2019-12-27T21:00:00+00:00,2026-03-07 14:18:40
gold_price_proxy,2019-12-30,1515.12,0,stooq_json,2019-12-30T21:00:00+00:00,2026-03-07 14:18:40
gold_price_proxy,2019-12-31,1517.305,0,stooq_json,2019-12-31T21:00:00+00:00,2026-03-07 14:18:40
gold_price_proxy,2020-01-02,1529.14,0,stooq_json,2020-01-02T21:00:00+00:00,2026-03-07 14:18:40
gold_price_proxy,2020-01-03,1549.02,0,stooq_json,2020-01-03T21:00:00+00:00,2026-03-07 14:18:40
gold_price_proxy,2020-01-06,1565.74,0,stooq_json,2020-01-06T21:00:00+00:00,2026-03-07 14:18:40
gold_price_proxy,2020-01-07,1574.26,0,stooq_json,2020-01-07T21:00:00+00:00,2026-03-07 14:18:40
gold_price_proxy,2020-01-08,1556.42,0,stooq_json,2020-01-08T21:00:00+00:00,2026-03-07 14:18:40
gold_price_proxy,2020-01-09,1552.39,0,stooq_json,2020-01-09T21:00:00+00:00,2026-03-07 14:18:40
gold_price_proxy,2020-01-10,1560.3,0,stooq_json,2020-01-10T21:00:00+00:00,2026-03-07 14:18:40
gold_price_proxy,2020-01-13,1547.89,0,stooq_json,2020-01-13T21:00:00+00:00,2026-03-07 14:18:40
gold_price_proxy,2020-01-14,1546.44,0,stooq_json,2020-01-14T21:00:00+00:00,2026-03-07 14:18:40
gold_price_proxy,2020-01-15,1556.29,0,stooq_json,2020-01-15T21:00:00+00:00,2026-03-07 14:18:40
gold_price_proxy,2020-01-16,1552.48,0,stooq_json,2020-01-16T21:00:00+00:00,2026-03-07 14:18:40
gold_price_proxy,2020-01-17,1557.07,0,stooq_json,2020-01-17T21:00:00+00:00,2026-03-07 14:18:40
gold_price_proxy,2020-01-20,1560.62,0,stooq_json,2020-01-20T21:00:00+00:00,2026-03-07 14:18:40
gold_price_proxy,2020-01-21,1558.21,0,stooq_json,2020-01-21T21:00:00+00:00,2026-03-07 14:18:40
gold_price_proxy,2020-01-22,1558.9,0,stooq_json,2020-01-22T21:00:00+00:00,2026-03-07 14:18:40
gold_price_proxy,2020-01-23,1562.91,0,stooq_json,2020-01-23T21:00:00+00:00,2026-03-07 14:18:40
gold_price_proxy,2020-01-24,1571.66,0,stooq_json,2020-01-24T21:00:00+00:00,2026-03-07 14:18:40
gold_price_proxy,2020-01-27,1582.04,0,stooq_json,2020-01-27T21:00:00+00:00,2026-03-07 14:18:40
gold_price_proxy,2020-01-28,1567.29,0,stooq_json,2020-01-28T21:00:00+00:00,2026-03-07 14:18:40
gold_price_proxy,2020-01-29,1576.82,0,stooq_json,2020-01-29T21:00:00+00:00,2026-03-07 14:18:40
gold_price_proxy,2020-01-30,1574.47,0,stooq_json,2020-01-30T21:00:00+00:00,2026-03-07 14:18:40
gold_price_proxy,2020-01-31,1586.88,0,stooq_json,2020-01-31T21:00:00+00:00,2026-03-07 14:18:40
gold_price_proxy,2020-02-03,1576.74,0,stooq_json,2020-02-03T21:00:00+00:00,2026-03-07 14:18:40
gold_price_proxy,2020-02-04,1552.91,0,stooq_json,2020-02-04T21:00:00+00:00,2026-03-07 14:18:40
gold_price_proxy,2020-02-05,1555.99,0,stooq_json,2020-02-05T21:00:00+00:00,2026-03-07 14:18:40
gold_price_proxy,2020-02-06,1566.73,0,stooq_json,2020-02-06T21:00:00+00:00,2026-03-07 14:18:40
gold_price_proxy,2020-02-07,1570.19,0,stooq_json,2020-02-07T21:00:00+00:00,2026-03-07 14:18:40
gold_price_proxy,2020-02-10,1572.15,0,stooq_json,2020-02-10T21:00:00+00:00,2026-03-07 14:18:40
gold_price_proxy,2020-02-11,1567.93,0,stooq_json,2020-02-11T21:00:00+00:00,2026-03-07 14:18:40
gold_price_proxy,2020-02-12,1566.09,0,stooq_json,2020-02-12T21:00:00+00:00,2026-03-07 14:18:40
gold_price_proxy,2020-02-13,1576.01,0,stooq_json,2020-02-13T21:00:00+00:00,2026-03-07 14:18:40
gold_price_proxy,2020-02-14,1582.65,0,stooq_json,2020-02-14T21:00:00+00:00,2026-03-07 14:18:40
gold_price_proxy,2020-02-17,1581.3,0,stooq_json,2020-02-17T21:00:00+00:00,2026-03-07 14:18:40
gold_price_proxy,2020-02-18,1601.62,0,stooq_json,2020-02-18T21:00:00+00:00,2026-03-07 14:18:40
gold_price_proxy,2020-02-19,1611.76,0,stooq_json,2020-02-19T21:00:00+00:00,2026-03-07 14:18:40
gold_price_proxy,2020-02-20,1619.63,0,stooq_json,2020-02-20T21:00:00+00:00,2026-03-07 14:18:40
gold_price_proxy,2020-02-21,1643.37,0,stooq_json,2020-02-21T21:00:00+00:00,2026-03-07 14:18:40
gold_price_proxy,2020-02-24,1659.41,0,stooq_json,2020-02-24T21:00:00+00:00,2026-03-07 14:18:40
gold_price_proxy,2020-02-25,1635.21,0,stooq_json,2020-02-25T21:00:00+00:00,2026-03-07 14:18:40
gold_price_proxy,2020-02-26,1640.98,0,stooq_json,2020-02-26T21:00:00+00:00,2026-03-07 14:18:40
gold_price_proxy,2020-02-27,1645.0,0,stooq_json,2020-02-27T21:00:00+00:00,2026-03-07 14:18:40
gold_price_proxy,2020-02-28,1577.4,0,stooq_json,2020-02-28T21:00:00+00:00,2026-03-07 14:18:40
gold_price_proxy,2020-03-02,1589.37,0,stooq_json,2020-03-02T21:00:00+00:00,2026-03-07 14:18:40
gold_price_proxy,2020-03-03,1640.92,0,stooq_json,2020-03-03T21:00:00+00:00,2026-03-07 14:18:40
gold_price_proxy,2020-03-04,1636.97,0,stooq_json,2020-03-04T21:00:00+00:00,2026-03-07 14:18:40
gold_price_proxy,2020-03-05,1672.21,0,stooq_json,2020-03-05T21:00:00+00:00,2026-03-07 14:18:40
gold_price_proxy,2020-03-06,1673.21,0,stooq_json,2020-03-06T21:00:00+00:00,2026-03-07 14:18:40
gold_price_proxy,2020-03-09,1678.8,0,stooq_json,2020-03-09T21:00:00+00:00,2026-03-07 14:18:40
gold_price_proxy,2020-03-10,1650.35,0,stooq_json,2020-03-10T21:00:00+00:00,2026-03-07 14:18:40
gold_price_proxy,2020-03-11,1637.57,0,stooq_json,2020-03-11T21:00:00+00:00,2026-03-07 14:18:40
gold_price_proxy,2020-03-12,1577.89,0,stooq_json,2020-03-12T21:00:00+00:00,2026-03-07 14:18:40
gold_price_proxy,2020-03-13,1529.75,0,stooq_json,2020-03-13T21:00:00+00:00,2026-03-07 14:18:40
gold_price_proxy,2020-03-16,1500.985,0,stooq_json,2020-03-16T21:00:00+00:00,2026-03-07 14:18:40
gold_price_proxy,2020-03-17,1530.37,0,stooq_json,2020-03-17T21:00:00+00:00,2026-03-07 14:18:40
gold_price_proxy,2020-03-18,1476.99,0,stooq_json,2020-03-18T21:00:00+00:00,2026-03-07 14:18:40
gold_price_proxy,2020-03-19,1471.175,0,stooq_json,2020-03-19T21:00:00+00:00,2026-03-07 14:18:40
gold_price_proxy,2020-03-20,1497.36,0,stooq_json,2020-03-20T21:00:00+00:00,2026-03-07 14:18:40
gold_price_proxy,2020-03-23,1556.695,0,stooq_json,2020-03-23T21:00:00+00:00,2026-03-07 14:18:40
gold_price_proxy,2020-03-24,1630.05,0,stooq_json,2020-03-24T21:00:00+00:00,2026-03-07 14:18:40
gold_price_proxy,2020-03-25,1613.095,0,stooq_json,2020-03-25T21:00:00+00:00,2026-03-07 14:18:40
gold_price_proxy,2020-03-26,1627.46,0,stooq_json,2020-03-26T21:00:00+00:00,2026-03-07 14:18:40
gold_price_proxy,2020-03-27,1620.75,0,stooq_json,2020-03-27T21:00:00+00:00,2026-03-07 14:18:40
gold_price_proxy,2020-03-30,1622.6,0,stooq_json,2020-03-30T21:00:00+00:00,2026-03-07 14:18:40
gold_price_proxy,2020-03-31,1575.15,0,stooq_json,2020-03-31T21:00:00+00:00,2026-03-07 14:18:40
gold_price_proxy,2020-04-01,1591.81,0,stooq_json,2020-04-01T21:00:00+00:00,2026-03-07 14:18:40
gold_price_proxy,2020-04-02,1613.65,0,stooq_json,2020-04-02T21:00:00+00:00,2026-03-07 14:18:40
gold_price_proxy,2020-04-03,1622.39,0,stooq_json,2020-04-03T21:00:00+00:00,2026-03-07 14:18:40
gold_price_proxy,2020-04-06,1662.1,0,stooq_json,2020-04-06T21:00:00+00:00,2026-03-07 14:18:40
gold_price_proxy,2020-04-07,1648.9,0,stooq_json,2020-04-07T21:00:00+00:00,2026-03-07 14:18:40
gold_price_proxy,2020-04-08,1646.0,0,stooq_json,2020-04-08T21:00:00+00:00,2026-03-07 14:18:40
gold_price_proxy,2020-04-09,1683.25,0,stooq_json,2020-04-09T21:00:00+00:00,2026-03-07 14:18:40
gold_price_proxy,2020-04-13,1715.07,0,stooq_json,2020-04-13T21:00:00+00:00,2026-03-07 14:18:40
gold_price_proxy,2020-04-14,1727.15,0,stooq_json,2020-04-14T21:00:00+00:00,2026-03-07 14:18:40
gold_price_proxy,2020-04-15,1717.13,0,stooq_json,2020-04-15T21:00:00+00:00,2026-03-07 14:18:40
gold_price_proxy,2020-04-16,1717.7,0,stooq_json,2020-04-16T21:00:00+00:00,2026-03-07 14:18:40
gold_price_proxy,2020-04-17,1684.1,0,stooq_json,2020-04-17T21:00:00+00:00,2026-03-07 14:18:40
gold_price_proxy,2020-04-20,1696.05,0,stooq_json,2020-04-20T21:00:00+00:00,2026-03-07 14:18:40
gold_price_proxy,2020-04-21,1686.1,0,stooq_json,2020-04-21T21:00:00+00:00,2026-03-07 14:18:40
gold_price_proxy,2020-04-22,1714.12,0,stooq_json,2020-04-22T21:00:00+00:00,2026-03-07 14:18:40
gold_price_proxy,2020-04-23,1730.33,0,stooq_json,2020-04-23T21:00:00+00:00,2026-03-07 14:18:40
gold_price_proxy,2020-04-24,1728.03,0,stooq_json,2020-04-24T21:00:00+00:00,2026-03-07 14:18:40
gold_price_proxy,2020-04-27,1714.135,0,stooq_json,2020-04-27T21:00:00+00:00,2026-03-07 14:18:40
gold_price_proxy,2020-04-28,1708.08,0,stooq_json,2020-04-28T21:00:00+00:00,2026-03-07 14:18:40
gold_price_proxy,2020-04-29,1713.32,0,stooq_json,2020-04-29T21:00:00+00:00,2026-03-07 14:18:40
gold_price_proxy,2020-04-30,1686.855,0,stooq_json,2020-04-30T21:00:00+00:00,2026-03-07 14:18:40
gold_price_proxy,2020-05-01,1699.23,0,stooq_json,2020-05-01T21:00:00+00:00,2026-03-07 14:18:40
gold_price_proxy,2020-05-04,1701.74,0,stooq_json,2020-05-04T21:00:00+00:00,2026-03-07 14:18:40
gold_price_proxy,2020-05-05,1705.93,0,stooq_json,2020-05-05T21:00:00+00:00,2026-03-07 14:18:40
gold_price_proxy,2020-05-06,1685.78,0,stooq_json,2020-05-06T21:00:00+00:00,2026-03-07 14:18:40
gold_price_proxy,2020-05-07,1715.94,0,stooq_json,2020-05-07T21:00:00+00:00,2026-03-07 14:18:40
gold_price_proxy,2020-05-08,1707.15,0,stooq_json,2020-05-08T21:00:00+00:00,2026-03-07 14:18:40
gold_price_proxy,2020-05-11,1698.0,0,stooq_json,2020-05-11T21:00:00+00:00,2026-03-07 14:18:40
gold_price_proxy,2020-05-12,1702.82,0,stooq_json,2020-05-12T21:00:00+00:00,2026-03-07 14:18:40
gold_price_proxy,2020-05-13,1715.08,0,stooq_json,2020-05-13T21:00:00+00:00,2026-03-07 14:18:40
gold_price_proxy,2020-05-14,1730.22,0,stooq_json,2020-05-14T21:00:00+00:00,2026-03-07 14:18:40
gold_price_proxy,2020-05-15,1742.98,0,stooq_json,2020-05-15T21:00:00+00:00,2026-03-07 14:18:40
gold_price_proxy,2020-05-18,1732.275,0,stooq_json,2020-05-18T21:00:00+00:00,2026-03-07 14:18:40
gold_price_proxy,2020-05-19,1745.07,0,stooq_json,2020-05-19T21:00:00+00:00,2026-03-07 14:18:40
gold_price_proxy,2020-05-20,1748.32,0,stooq_json,2020-05-20T21:00:00+00:00,2026-03-07 14:18:40
gold_price_proxy,2020-05-21,1727.38,0,stooq_json,2020-05-21T21:00:00+00:00,2026-03-07 14:18:40
gold_price_proxy,2020-05-22,1735.38,0,stooq_json,2020-05-22T21:00:00+00:00,2026-03-07 14:18:40
gold_price_proxy,2020-05-25,1730.68,0,stooq_json,2020-05-25T21:00:00+00:00,2026-03-07 14:18:40
gold_price_proxy,2020-05-26,1711.13,0,stooq_json,2020-05-26T21:00:00+00:00,2026-03-07 14:18:40
gold_price_proxy,2020-05-27,1709.4,0,stooq_json,2020-05-27T21:00:00+00:00,2026-03-07 14:18:40
gold_price_proxy,2020-05-28,1718.64,0,stooq_json,2020-05-28T21:00:00+00:00,2026-03-07 14:18:40
gold_price_proxy,2020-05-29,1731.5,0,stooq_json,2020-05-29T21:00:00+00:00,2026-03-07 14:18:40
gold_price_proxy,2020-06-01,1739.58,0,stooq_json,2020-06-01T21:00:00+00:00,2026-03-07 14:18:40
gold_price_proxy,2020-06-02,1727.76,0,stooq_json,2020-06-02T21:00:00+00:00,2026-03-07 14:18:40
gold_price_proxy,2020-06-03,1699.75,0,stooq_json,2020-06-03T21:00:00+00:00,2026-03-07 14:18:40
gold_price_proxy,2020-06-04,1714.09,0,stooq_json,2020-06-04T21:00:00+00:00,2026-03-07 14:18:40
gold_price_proxy,2020-06-05,1681.82,0,stooq_json,2020-06-05T21:00:00+00:00,2026-03-07 14:18:40
gold_price_proxy,2020-06-08,1698.47,0,stooq_json,2020-06-08T21:00:00+00:00,2026-03-07 14:18:40
gold_price_proxy,2020-06-09,1715.28,0,stooq_json,2020-06-09T21:00:00+00:00,2026-03-07 14:18:40
gold_price_proxy,2020-06-10,1737.76,0,stooq_json,2020-06-10T21:00:00+00:00,2026-03-07 14:18:40
gold_price_proxy,2020-06-11,1727.12,0,stooq_json,2020-06-11T21:00:00+00:00,2026-03-07 14:18:40
gold_price_proxy,2020-06-12,1731.37,0,stooq_json,2020-06-12T21:00:00+00:00,2026-03-07 14:18:40
gold_price_proxy,2020-06-15,1725.11,0,stooq_json,2020-06-15T21:00:00+00:00,2026-03-07 14:18:40
gold_price_proxy,2020-06-16,1726.72,0,stooq_json,2020-06-16T21:00:00+00:00,2026-03-07 14:18:40
gold_price_proxy,2020-06-17,1726.82,0,stooq_json,2020-06-17T21:00:00+00:00,2026-03-07 14:18:40
gold_price_proxy,2020-06-18,1722.82,0,stooq_json,2020-06-18T21:00:00+00:00,2026-03-07 14:18:40
gold_price_proxy,2020-06-19,1742.52,0,stooq_json,2020-06-19T21:00:00+00:00,2026-03-07 14:18:40
gold_price_proxy,2020-06-22,1754.44,0,stooq_json,2020-06-22T21:00:00+00:00,2026-03-07 14:18:40
gold_price_proxy,2020-06-23,1768.38,0,stooq_json,2020-06-23T21:00:00+00:00,2026-03-07 14:18:40
gold_price_proxy,2020-06-24,1760.92,0,stooq_json,2020-06-24T21:00:00+00:00,2026-03-07 14:18:40
gold_price_proxy,2020-06-25,1763.72,0,stooq_json,2020-06-25T21:00:00+00:00,2026-03-07 14:18:40
gold_price_proxy,2020-06-26,1770.97,0,stooq_json,2020-06-26T21:00:00+00:00,2026-03-07 14:18:40
gold_price_proxy,2020-06-29,1772.92,0,stooq_json,2020-06-29T21:00:00+00:00,2026-03-07 14:18:40
gold_price_proxy,2020-06-30,1780.96,0,stooq_json,2020-06-30T21:00:00+00:00,2026-03-07 14:18:40
gold_price_proxy,2020-07-01,1770.15,0,stooq_json,2020-07-01T21:00:00+00:00,2026-03-07 14:18:40
gold_price_proxy,2020-07-02,1775.33,0,stooq_json,2020-07-02T21:00:00+00:00,2026-03-07 14:18:40
gold_price_proxy,2020-07-03,1775.725,0,stooq_json,2020-07-03T21:00:00+00:00,2026-03-07 14:18:40
gold_price_proxy,2020-07-06,1784.55,0,stooq_json,2020-07-06T21:00:00+00:00,2026-03-07 14:18:40
gold_price_proxy,2020-07-07,1794.85,0,stooq_json,2020-07-07T21:00:00+00:00,2026-03-07 14:18:40
gold_price_proxy,2020-07-08,1808.87,0,stooq_json,2020-07-08T21:00:00+00:00,2026-03-07 14:18:40
gold_price_proxy,2020-07-09,1803.56,0,stooq_json,2020-07-09T21:00:00+00:00,2026-03-07 14:18:40
gold_price_proxy,2020-07-10,1799.54,0,stooq_json,2020-07-10T21:00:00+00:00,2026-03-07 14:18:40
gold_price_proxy,2020-07-13,1802.69,0,stooq_json,2020-07-13T21:00:00+00:00,2026-03-07 14:18:40
gold_price_proxy,2020-07-14,1809.33,0,stooq_json,2020-07-14T21:00:00+00:00,2026-03-07 14:18:40
gold_price_proxy,2020-07-15,1810.26,0,stooq_json,2020-07-15T21:00:00+00:00,2026-03-07 14:18:40
gold_price_proxy,2020-07-16,1797.22,0,stooq_json,2020-07-16T21:00:00+00:00,2026-03-07 14:18:40
gold_price_proxy,2020-07-17,1810.12,0,stooq_json,2020-07-17T21:00:00+00:00,2026-03-07 14:18:40
gold_price_proxy,2020-07-20,1817.83,0,stooq_json,2020-07-20T21:00:00+00:00,2026-03-07 14:18:40
gold_price_proxy,2020-07-21,1841.77,0,stooq_json,2020-07-21T21:00:00+00:00,2026-03-07 14:18:40
gold_price_proxy,2020-07-22,1872.97,0,stooq_json,2020-07-22T21:00:00+00:00,2026-03-07 14:18:40
gold_price_proxy,2020-07-23,1887.175,0,stooq_json,2020-07-23T21:00:00+00:00,2026-03-07 14:18:40
gold_price_proxy,2020-07-24,1902.59,0,stooq_json,2020-07-24T21:00:00+00:00,2026-03-07 14:18:40
gold_price_proxy,2020-07-27,1940.18,0,stooq_json,2020-07-27T21:00:00+00:00,2026-03-07 14:18:40
gold_price_proxy,2020-07-28,1960.38,0,stooq_json,2020-07-28T21:00:00+00:00,2026-03-07 14:18:40
gold_price_proxy,2020-07-29,1969.48,0,stooq_json,2020-07-29T21:00:00+00:00,2026-03-07 14:18:40
gold_price_proxy,2020-07-30,1951.13,0,stooq_json,2020-07-30T21:00:00+00:00,2026-03-07 14:18:40
gold_price_proxy,2020-07-31,1974.2,0,stooq_json,2020-07-31T21:00:00+00:00,2026-03-07 14:18:40
gold_price_proxy,2020-08-03,1976.85,0,stooq_json,2020-08-03T21:00:00+00:00,2026-03-07 14:18:40
gold_price_proxy,2020-08-04,2016.51,0,stooq_json,2020-08-04T21:00:00+00:00,2026-03-07 14:18:40
gold_price_proxy,2020-08-05,2038.635,0,stooq_json,2020-08-05T21:00:00+00:00,2026-03-07 14:18:40
gold_price_proxy,2020-08-06,2065.35,0,stooq_json,2020-08-06T21:00:00+00:00,2026-03-07 14:18:40
gold_price_proxy,2020-08-07,2031.69,0,stooq_json,2020-08-07T21:00:00+00:00,2026-03-07 14:18:40
gold_price_proxy,2020-08-10,2027.6,0,stooq_json,2020-08-10T21:00:00+00:00,2026-03-07 14:18:40
gold_price_proxy,2020-08-11,1912.05,0,stooq_json,2020-08-11T21:00:00+00:00,2026-03-07 14:18:40
gold_price_proxy,2020-08-12,1916.125,0,stooq_json,2020-08-12T21:00:00+00:00,2026-03-07 14:18:40
gold_price_proxy,2020-08-13,1954.13,0,stooq_json,2020-08-13T21:00:00+00:00,2026-03-07 14:18:40
gold_price_proxy,2020-08-14,1943.52,0,stooq_json,2020-08-14T21:00:00+00:00,2026-03-07 14:18:40
gold_price_proxy,2020-08-17,1981.05,0,stooq_json,2020-08-17T21:00:00+00:00,2026-03-07 14:18:40
gold_price_proxy,2020-08-18,1997.75,0,stooq_json,2020-08-18T21:00:00+00:00,2026-03-07 14:18:40
gold_price_proxy,2020-08-19,1935.93,0,stooq_json,2020-08-19T21:00:00+00:00,2026-03-07 14:18:40
gold_price_proxy,2020-08-20,1947.87,0,stooq_json,2020-08-20T21:00:00+00:00,2026-03-07 14:18:40
gold_price_proxy,2020-08-21,1938.02,0,stooq_json,2020-08-21T21:00:00+00:00,2026-03-07 14:18:40
gold_price_proxy,2020-08-24,1928.845,0,stooq_json,2020-08-24T21:00:00+00:00,2026-03-07 14:18:40
gold_price_proxy,2020-08-25,1928.46,0,stooq_json,2020-08-25T21:00:00+00:00,2026-03-07 14:18:40
gold_price_proxy,2020-08-26,1954.2,0,stooq_json,2020-08-26T21:00:00+00:00,2026-03-07 14:18:40
gold_price_proxy,2020-08-27,1925.41,0,stooq_json,2020-08-27T21:00:00+00:00,2026-03-07 14:18:40
gold_price_proxy,2020-08-28,1963.49,0,stooq_json,2020-08-28T21:00:00+00:00,2026-03-07 14:18:40
gold_price_proxy,2020-08-31,1967.82,0,stooq_json,2020-08-31T21:00:00+00:00,2026-03-07 14:18:40
gold_price_proxy,2020-09-01,1970.42,0,stooq_json,2020-09-01T21:00:00+00:00,2026-03-07 14:18:40
gold_price_proxy,2020-09-02,1943.06,0,stooq_json,2020-09-02T21:00:00+00:00,2026-03-07 14:18:40
gold_price_proxy,2020-09-03,1930.675,0,stooq_json,2020-09-03T21:00:00+00:00,2026-03-07 14:18:40
gold_price_proxy,2020-09-04,1934.81,0,stooq_json,2020-09-04T21:00:00+00:00,2026-03-07 14:18:40
gold_price_proxy,2020-09-07,1928.385,0,stooq_json,2020-09-07T21:00:00+00:00,2026-03-07 14:18:40
gold_price_proxy,2020-09-08,1931.68,0,stooq_json,2020-09-08T21:00:00+00:00,2026-03-07 14:18:40
gold_price_proxy,2020-09-09,1946.79,0,stooq_json,2020-09-09T21:00:00+00:00,2026-03-07 14:18:40
gold_price_proxy,2020-09-10,1946.06,0,stooq_json,2020-09-10T21:00:00+00:00,2026-03-07 14:18:40
gold_price_proxy,2020-09-11,1942.445,0,stooq_json,2020-09-11T21:00:00+00:00,2026-03-07 14:18:40
gold_price_proxy,2020-09-14,1956.39,0,stooq_json,2020-09-14T21:00:00+00:00,2026-03-07 14:18:40
gold_price_proxy,2020-09-15,1954.05,0,stooq_json,2020-09-15T21:00:00+00:00,2026-03-07 14:18:40
gold_price_proxy,2020-09-16,1959.84,0,stooq_json,2020-09-16T21:00:00+00:00,2026-03-07 14:18:40
gold_price_proxy,2020-09-17,1944.0,0,stooq_json,2020-09-17T21:00:00+00:00,2026-03-07 14:18:40
gold_price_proxy,2020-09-18,1950.94,0,stooq_json,2020-09-18T21:00:00+00:00,2026-03-07 14:18:40
gold_price_proxy,2020-09-21,1912.58,0,stooq_json,2020-09-21T21:00:00+00:00,2026-03-07 14:18:40
gold_price_proxy,2020-09-22,1900.05,0,stooq_json,2020-09-22T21:00:00+00:00,2026-03-07 14:18:40
gold_price_proxy,2020-09-23,1863.6,0,stooq_json,2020-09-23T21:00:00+00:00,2026-03-07 14:18:40
gold_price_proxy,2020-09-24,1867.83,0,stooq_json,2020-09-24T21:00:00+00:00,2026-03-07 14:18:40
gold_price_proxy,2020-09-25,1862.66,0,stooq_json,2020-09-25T21:00:00+00:00,2026-03-07 14:18:40
gold_price_proxy,2020-09-28,1881.56,0,stooq_json,2020-09-28T21:00:00+00:00,2026-03-07 14:18:40
gold_price_proxy,2020-09-29,1896.56,0,stooq_json,2020-09-29T21:00:00+00:00,2026-03-07 14:18:40
gold_price_proxy,2020-09-30,1885.8,0,stooq_json,2020-09-30T21:00:00+00:00,2026-03-07 14:18:40
gold_price_proxy,2020-10-01,1906.05,0,stooq_json,2020-10-01T21:00:00+00:00,2026-03-07 14:18:40
gold_price_proxy,2020-10-02,1901.81,0,stooq_json,2020-10-02T21:00:00+00:00,2026-03-07 14:18:40
gold_price_proxy,2020-10-05,1913.56,0,stooq_json,2020-10-05T21:00:00+00:00,2026-03-07 14:18:40
gold_price_proxy,2020-10-06,1878.07,0,stooq_json,2020-10-06T21:00:00+00:00,2026-03-07 14:18:40
gold_price_proxy,2020-10-07,1887.4,0,stooq_json,2020-10-07T21:00:00+00:00,2026-03-07 14:18:40
gold_price_proxy,2020-10-08,1893.77,0,stooq_json,2020-10-08T21:00:00+00:00,2026-03-07 14:18:40
gold_price_proxy,2020-10-09,1928.47,0,stooq_json,2020-10-09T21:00:00+00:00,2026-03-07 14:18:40
gold_price_proxy,2020-10-12,1922.64,0,stooq_json,2020-10-12T21:00:00+00:00,2026-03-07 14:18:40
gold_price_proxy,2020-10-13,1891.11,0,stooq_json,2020-10-13T21:00:00+00:00,2026-03-07 14:18:40
gold_price_proxy,2020-10-14,1901.83,0,stooq_json,2020-10-14T21:00:00+00:00,2026-03-07 14:18:40
gold_price_proxy,2020-10-15,1908.16,0,stooq_json,2020-10-15T21:00:00+00:00,2026-03-07 14:18:40
gold_price_proxy,2020-10-16,1899.34,0,stooq_json,2020-10-16T21:00:00+00:00,2026-03-07 14:18:40
gold_price_proxy,2020-10-19,1904.36,0,stooq_json,2020-10-19T21:00:00+00:00,2026-03-07 14:18:40
gold_price_proxy,2020-10-20,1906.44,0,stooq_json,2020-10-20T21:00:00+00:00,2026-03-07 14:18:40
gold_price_proxy,2020-10-21,1924.685,0,stooq_json,2020-10-21T21:00:00+00:00,2026-03-07 14:18:40
gold_price_proxy,2020-10-22,1904.07,0,stooq_json,2020-10-22T21:00:00+00:00,2026-03-07 14:18:40
gold_price_proxy,2020-10-23,1903.55,0,stooq_json,2020-10-23T21:00:00+00:00,2026-03-07 14:18:40
gold_price_proxy,2020-10-26,1902.385,0,stooq_json,2020-10-26T21:00:00+00:00,2026-03-07 14:18:40
gold_price_proxy,2020-10-27,1907.77,0,stooq_json,2020-10-27T21:00:00+00:00,2026-03-07 14:18:40
gold_price_proxy,2020-10-28,1876.675,0,stooq_json,2020-10-28T21:00:00+00:00,2026-03-07 14:18:40
gold_price_proxy,2020-10-29,1868.57,0,stooq_json,2020-10-29T21:00:00+00:00,2026-03-07 14:18:40
gold_price_proxy,2020-10-30,1878.38,0,stooq_json,2020-10-30T21:00:00+00:00,2026-03-07 14:18:40
gold_price_proxy,2020-11-02,1895.8,0,stooq_json,2020-11-02T21:00:00+00:00,2026-03-07 14:18:40
gold_price_proxy,2020-11-03,1909.73,0,stooq_json,2020-11-03T21:00:00+00:00,2026-03-07 14:18:40
gold_price_proxy,2020-11-04,1902.99,0,stooq_json,2020-11-04T21:00:00+00:00,2026-03-07 14:18:40
gold_price_proxy,2020-11-05,1949.74,0,stooq_json,2020-11-05T21:00:00+00:00,2026-03-07 14:18:40
gold_price_proxy,2020-11-06,1951.76,0,stooq_json,2020-11-06T21:00:00+00:00,2026-03-07 14:18:40
gold_price_proxy,2020-11-09,1862.86,0,stooq_json,2020-11-09T21:00:00+00:00,2026-03-07 14:18:40
gold_price_proxy,2020-11-10,1877.26,0,stooq_json,2020-11-10T21:00:00+00:00,2026-03-07 14:18:40
gold_price_proxy,2020-11-11,1865.64,0,stooq_json,2020-11-11T21:00:00+00:00,2026-03-07 14:18:40
gold_price_proxy,2020-11-12,1877.01,0,stooq_json,2020-11-12T21:00:00+00:00,2026-03-07 14:18:40
gold_price_proxy,2020-11-13,1887.84,0,stooq_json,2020-11-13T21:00:00+00:00,2026-03-07 14:18:40
gold_price_proxy,2020-11-16,1888.99,0,stooq_json,2020-11-16T21:00:00+00:00,2026-03-07 14:18:40
gold_price_proxy,2020-11-17,1880.55,0,stooq_json,2020-11-17T21:00:00+00:00,2026-03-07 14:18:40
gold_price_proxy,2020-11-18,1872.48,0,stooq_json,2020-11-18T21:00:00+00:00,2026-03-07 14:18:40
gold_price_proxy,2020-11-19,1866.59,0,stooq_json,2020-11-19T21:00:00+00:00,2026-03-07 14:18:40
gold_price_proxy,2020-11-20,1873.16,0,stooq_json,2020-11-20T21:00:00+00:00,2026-03-07 14:18:40
gold_price_proxy,2020-11-23,1837.86,0,stooq_json,2020-11-23T21:00:00+00:00,2026-03-07 14:18:40
gold_price_proxy,2020-11-24,1807.53,0,stooq_json,2020-11-24T21:00:00+00:00,2026-03-07 14:18:40
gold_price_proxy,2020-11-25,1807.625,0,stooq_json,2020-11-25T21:00:00+00:00,2026-03-07 14:18:40
gold_price_proxy,2020-11-26,1810.31,0,stooq_json,2020-11-26T21:00:00+00:00,2026-03-07 14:18:40
gold_price_proxy,2020-11-27,1787.215,0,stooq_json,2020-11-27T21:00:00+00:00,2026-03-07 14:18:40
gold_price_proxy,2020-11-30,1776.77,0,stooq_json,2020-11-30T21:00:00+00:00,2026-03-07 14:18:40
gold_price_proxy,2020-12-01,1815.21,0,stooq_json,2020-12-01T21:00:00+00:00,2026-03-07 14:18:40
gold_price_proxy,2020-12-02,1830.61,0,stooq_json,2020-12-02T21:00:00+00:00,2026-03-07 14:18:40
gold_price_proxy,2020-12-03,1841.04,0,stooq_json,2020-12-03T21:00:00+00:00,2026-03-07 14:18:40
gold_price_proxy,2020-12-04,1836.52,0,stooq_json,2020-12-04T21:00:00+00:00,2026-03-07 14:18:40
gold_price_proxy,2020-12-07,1862.31,0,stooq_json,2020-12-07T21:00:00+00:00,2026-03-07 14:18:40
gold_price_proxy,2020-12-08,1870.41,0,stooq_json,2020-12-08T21:00:00+00:00,2026-03-07 14:18:40
gold_price_proxy,2020-12-09,1840.06,0,stooq_json,2020-12-09T21:00:00+00:00,2026-03-07 14:18:40
gold_price_proxy,2020-12-10,1836.79,0,stooq_json,2020-12-10T21:00:00+00:00,2026-03-07 14:18:40
gold_price_proxy,2020-12-11,1839.5,0,stooq_json,2020-12-11T21:00:00+00:00,2026-03-07 14:18:40
gold_price_proxy,2020-12-14,1827.12,0,stooq_json,2020-12-14T21:00:00+00:00,2026-03-07 14:18:40
gold_price_proxy,2020-12-15,1853.36,0,stooq_json,2020-12-15T21:00:00+00:00,2026-03-07 14:18:40
gold_price_proxy,2020-12-16,1864.91,0,stooq_json,2020-12-16T21:00:00+00:00,2026-03-07 14:18:40
gold_price_proxy,2020-12-17,1885.595,0,stooq_json,2020-12-17T21:00:00+00:00,2026-03-07 14:18:40
gold_price_proxy,2020-12-18,1881.27,0,stooq_json,2020-12-18T21:00:00+00:00,2026-03-07 14:18:40
gold_price_proxy,2020-12-21,1876.76,0,stooq_json,2020-12-21T21:00:00+00:00,2026-03-07 14:18:40
gold_price_proxy,2020-12-22,1860.32,0,stooq_json,2020-12-22T21:00:00+00:00,2026-03-07 14:18:40
gold_price_proxy,2020-12-23,1873.21,0,stooq_json,2020-12-23T21:00:00+00:00,2026-03-07 14:18:40
gold_price_proxy,2020-12-24,1879.82,0,stooq_json,2020-12-24T21:00:00+00:00,2026-03-07 14:18:40
gold_price_proxy,2020-12-28,1873.96,0,stooq_json,2020-12-28T21:00:00+00:00,2026-03-07 14:18:40
gold_price_proxy,2020-12-29,1878.41,0,stooq_json,2020-12-29T21:00:00+00:00,2026-03-07 14:18:40
gold_price_proxy,2020-12-30,1894.58,0,stooq_json,2020-12-30T21:00:00+00:00,2026-03-07 14:18:40
gold_price_proxy,2020-12-31,1898.705,0,stooq_json,2020-12-31T21:00:00+00:00,2026-03-07 14:18:40
gold_price_proxy,2021-01-04,1942.78,0,stooq_json,2021-01-04T21:00:00+00:00,2026-03-07 14:18:40
gold_price_proxy,2021-01-05,1950.18,0,stooq_json,2021-01-05T21:00:00+00:00,2026-03-07 14:18:40
gold_price_proxy,2021-01-06,1919.48,0,stooq_json,2021-01-06T21:00:00+00:00,2026-03-07 14:18:40
gold_price_proxy,2021-01-07,1913.25,0,stooq_json,2021-01-07T21:00:00+00:00,2026-03-07 14:18:40
gold_price_proxy,2021-01-08,1848.61,0,stooq_json,2021-01-08T21:00:00+00:00,2026-03-07 14:18:40
gold_price_proxy,2021-01-11,1843.73,0,stooq_json,2021-01-11T21:00:00+00:00,2026-03-07 14:18:40
gold_price_proxy,2021-01-12,1854.75,0,stooq_json,2021-01-12T21:00:00+00:00,2026-03-07 14:18:40
gold_price_proxy,2021-01-13,1845.12,0,stooq_json,2021-01-13T21:00:00+00:00,2026-03-07 14:18:40
gold_price_proxy,2021-01-14,1845.87,0,stooq_json,2021-01-14T21:00:00+00:00,2026-03-07 14:18:40
gold_price_proxy,2021-01-15,1825.57,0,stooq_json,2021-01-15T21:00:00+00:00,2026-03-07 14:18:40
gold_price_proxy,2021-01-18,1837.585,0,stooq_json,2021-01-18T21:00:00+00:00,2026-03-07 14:18:40
gold_price_proxy,2021-01-19,1839.96,0,stooq_json,2021-01-19T21:00:00+00:00,2026-03-07 14:18:40
gold_price_proxy,2021-01-20,1871.4,0,stooq_json,2021-01-20T21:00:00+00:00,2026-03-07 14:18:40
gold_price_proxy,2021-01-21,1869.83,0,stooq_json,2021-01-21T21:00:00+00:00,2026-03-07 14:18:40
gold_price_proxy,2021-01-22,1853.87,0,stooq_json,2021-01-22T21:00:00+00:00,2026-03-07 14:18:40
gold_price_proxy,2021-01-25,1855.95,0,stooq_json,2021-01-25T21:00:00+00:00,2026-03-07 14:18:40
gold_price_proxy,2021-01-26,1850.81,0,stooq_json,2021-01-26T21:00:00+00:00,2026-03-07 14:18:40
gold_price_proxy,2021-01-27,1843.56,0,stooq_json,2021-01-27T21:00:00+00:00,2026-03-07 14:18:40
gold_price_proxy,2021-01-28,1842.43,0,stooq_json,2021-01-28T21:00:00+00:00,2026-03-07 14:18:40
gold_price_proxy,2021-01-29,1842.81,0,stooq_json,2021-01-29T21:00:00+00:00,2026-03-07 14:18:40
gold_price_proxy,2021-02-01,1860.61,0,stooq_json,2021-02-01T21:00:00+00:00,2026-03-07 14:18:40
gold_price_proxy,2021-02-02,1837.97,0,stooq_json,2021-02-02T21:00:00+00:00,2026-03-07 14:18:40
gold_price_proxy,2021-02-03,1834.08,0,stooq_json,2021-02-03T21:00:00+00:00,2026-03-07 14:18:40
gold_price_proxy,2021-02-04,1794.33,0,stooq_json,2021-02-04T21:00:00+00:00,2026-03-07 14:18:40
gold_price_proxy,2021-02-05,1810.95,0,stooq_json,2021-02-05T21:00:00+00:00,2026-03-07 14:18:40
gold_price_proxy,2021-02-08,1830.61,0,stooq_json,2021-02-08T21:00:00+00:00,2026-03-07 14:18:40
gold_price_proxy,2021-02-09,1838.59,0,stooq_json,2021-02-09T21:00:00+00:00,2026-03-07 14:18:40
gold_price_proxy,2021-02-10,1843.255,0,stooq_json,2021-02-10T21:00:00+00:00,2026-03-07 14:18:40
gold_price_proxy,2021-02-11,1825.7,0,stooq_json,2021-02-11T21:00:00+00:00,2026-03-07 14:18:40
gold_price_proxy,2021-02-12,1821.29,0,stooq_json,2021-02-12T21:00:00+00:00,2026-03-07 14:18:40
gold_price_proxy,2021-02-15,1818.855,0,stooq_json,2021-02-15T21:00:00+00:00,2026-03-07 14:18:40
gold_price_proxy,2021-02-16,1794.46,0,stooq_json,2021-02-16T21:00:00+00:00,2026-03-07 14:18:40
gold_price_proxy,2021-02-17,1776.44,0,stooq_json,2021-02-17T21:00:00+00:00,2026-03-07 14:18:40
gold_price_proxy,2021-02-18,1775.84,0,stooq_json,2021-02-18T21:00:00+00:00,2026-03-07 14:18:40
gold_price_proxy,2021-02-19,1781.43,0,stooq_json,2021-02-19T21:00:00+00:00,2026-03-07 14:18:40
gold_price_proxy,2021-02-22,1809.36,0,stooq_json,2021-02-22T21:00:00+00:00,2026-03-07 14:18:40
gold_price_proxy,2021-02-23,1805.67,0,stooq_json,2021-02-23T21:00:00+00:00,2026-03-07 14:18:40
gold_price_proxy,2021-02-24,1805.47,0,stooq_json,2021-02-24T21:00:00+00:00,2026-03-07 14:18:40
gold_price_proxy,2021-02-25,1770.75,0,stooq_json,2021-02-25T21:00:00+00:00,2026-03-07 14:18:40
gold_price_proxy,2021-02-26,1727.48,0,stooq_json,2021-02-26T21:00:00+00:00,2026-03-07 14:18:40
gold_price_proxy,2021-03-01,1724.95,0,stooq_json,2021-03-01T21:00:00+00:00,2026-03-07 14:18:40
gold_price_proxy,2021-03-02,1738.48,0,stooq_json,2021-03-02T21:00:00+00:00,2026-03-07 14:18:40
gold_price_proxy,2021-03-03,1711.04,0,stooq_json,2021-03-03T21:00:00+00:00,2026-03-07 14:18:40
gold_price_proxy,2021-03-04,1697.5,0,stooq_json,2021-03-04T21:00:00+00:00,2026-03-07 14:18:40
gold_price_proxy,2021-03-05,1698.33,0,stooq_json,2021-03-05T21:00:00+00:00,2026-03-07 14:18:40
gold_price_proxy,2021-03-08,1683.6,0,stooq_json,2021-03-08T21:00:00+00:00,2026-03-07 14:18:40
gold_price_proxy,2021-03-09,1716.17,0,stooq_json,2021-03-09T21:00:00+00:00,2026-03-07 14:18:40
gold_price_proxy,2021-03-10,1726.72,0,stooq_json,2021-03-10T21:00:00+00:00,2026-03-07 14:18:40
gold_price_proxy,2021-03-11,1722.6,0,stooq_json,2021-03-11T21:00:00+00:00,2026-03-07 14:18:40
gold_price_proxy,2021-03-12,1724.54,0,stooq_json,2021-03-12T21:00:00+00:00,2026-03-07 14:18:40
gold_price_proxy,2021-03-15,1732.16,0,stooq_json,2021-03-15T21:00:00+00:00,2026-03-07 14:18:40
gold_price_proxy,2021-03-16,1732.485,0,stooq_json,2021-03-16T21:00:00+00:00,2026-03-07 14:18:40
gold_price_proxy,2021-03-17,1747.38,0,stooq_json,2021-03-17T21:00:00+00:00,2026-03-07 14:18:40
gold_price_proxy,2021-03-18,1736.18,0,stooq_json,2021-03-18T21:00:00+00:00,2026-03-07 14:18:40
gold_price_proxy,2021-03-19,1745.0,0,stooq_json,2021-03-19T21:00:00+00:00,2026-03-07 14:18:40
gold_price_proxy,2021-03-22,1739.695,0,stooq_json,2021-03-22T21:00:00+00:00,2026-03-07 14:18:40
gold_price_proxy,2021-03-23,1727.48,0,stooq_json,2021-03-23T21:00:00+00:00,2026-03-07 14:18:40
gold_price_proxy,2021-03-24,1734.765,0,stooq_json,2021-03-24T21:00:00+00:00,2026-03-07 14:18:40
gold_price_proxy,2021-03-25,1727.855,0,stooq_json,2021-03-25T21:00:00+00:00,2026-03-07 14:18:40
gold_price_proxy,2021-03-26,1732.57,0,stooq_json,2021-03-26T21:00:00+00:00,2026-03-07 14:18:40
gold_price_proxy,2021-03-29,1712.21,0,stooq_json,2021-03-29T21:00:00+00:00,2026-03-07 14:18:40
gold_price_proxy,2021-03-30,1685.195,0,stooq_json,2021-03-30T21:00:00+00:00,2026-03-07 14:18:40
gold_price_proxy,2021-03-31,1707.65,0,stooq_json,2021-03-31T21:00:00+00:00,2026-03-07 14:18:40
gold_price_proxy,2021-04-01,1729.7,0,stooq_json,2021-04-01T21:00:00+00:00,2026-03-07 14:18:40
gold_price_proxy,2021-04-05,1728.33,0,stooq_json,2021-04-05T21:00:00+00:00,2026-03-07 14:18:40
gold_price_proxy,2021-04-06,1743.3,0,stooq_json,2021-04-06T21:00:00+00:00,2026-03-07 14:18:40
gold_price_proxy,2021-04-07,1737.7,0,stooq_json,2021-04-07T21:00:00+00:00,2026-03-07 14:18:40
gold_price_proxy,2021-04-08,1755.6,0,stooq_json,2021-04-08T21:00:00+00:00,2026-03-07 14:18:40
gold_price_proxy,2021-04-09,1742.98,0,stooq_json,2021-04-09T21:00:00+00:00,2026-03-07 14:18:40
gold_price_proxy,2021-04-12,1732.85,0,stooq_json,2021-04-12T21:00:00+00:00,2026-03-07 14:18:40
gold_price_proxy,2021-04-13,1745.34,0,stooq_json,2021-04-13T21:00:00+00:00,2026-03-07 14:18:40
gold_price_proxy,2021-04-14,1736.45,0,stooq_json,2021-04-14T21:00:00+00:00,2026-03-07 14:18:40
gold_price_proxy,2021-04-15,1763.64,0,stooq_json,2021-04-15T21:00:00+00:00,2026-03-07 14:18:40
gold_price_proxy,2021-04-16,1775.98,0,stooq_json,2021-04-16T21:00:00+00:00,2026-03-07 14:18:40
gold_price_proxy,2021-04-19,1771.45,0,stooq_json,2021-04-19T21:00:00+00:00,2026-03-07 14:18:40
gold_price_proxy,2021-04-20,1778.91,0,stooq_json,2021-04-20T21:00:00+00:00,2026-03-07 14:18:40
gold_price_proxy,2021-04-21,1793.65,0,stooq_json,2021-04-21T21:00:00+00:00,2026-03-07 14:18:40
gold_price_proxy,2021-04-22,1784.16,0,stooq_json,2021-04-22T21:00:00+00:00,2026-03-07 14:18:40
gold_price_proxy,2021-04-23,1776.3,0,stooq_json,2021-04-23T21:00:00+00:00,2026-03-07 14:18:40
gold_price_proxy,2021-04-26,1781.25,0,stooq_json,2021-04-26T21:00:00+00:00,2026-03-07 14:18:40
gold_price_proxy,2021-04-27,1776.65,0,stooq_json,2021-04-27T21:00:00+00:00,2026-03-07 14:18:40
gold_price_proxy,2021-04-28,1781.63,0,stooq_json,2021-04-28T21:00:00+00:00,2026-03-07 14:18:40
gold_price_proxy,2021-04-29,1772.03,0,stooq_json,2021-04-29T21:00:00+00:00,2026-03-07 14:18:40
gold_price_proxy,2021-04-30,1767.94,0,stooq_json,2021-04-30T21:00:00+00:00,2026-03-07 14:18:40
gold_price_proxy,2021-05-03,1792.995,0,stooq_json,2021-05-03T21:00:00+00:00,2026-03-07 14:18:40
gold_price_proxy,2021-05-04,1778.78,0,stooq_json,2021-05-04T21:00:00+00:00,2026-03-07 14:18:40
gold_price_proxy,2021-05-05,1786.86,0,stooq_json,2021-05-05T21:00:00+00:00,2026-03-07 14:18:40
gold_price_proxy,2021-05-06,1814.96,0,stooq_json,2021-05-06T21:00:00+00:00,2026-03-07 14:18:40
gold_price_proxy,2021-05-07,1832.13,0,stooq_json,2021-05-07T21:00:00+00:00,2026-03-07 14:18:40
gold_price_proxy,2021-05-10,1836.15,0,stooq_json,2021-05-10T21:00:00+00:00,2026-03-07 14:18:40
gold_price_proxy,2021-05-11,1837.49,0,stooq_json,2021-05-11T21:00:00+00:00,2026-03-07 14:18:40
gold_price_proxy,2021-05-12,1815.41,0,stooq_json,2021-05-12T21:00:00+00:00,2026-03-07 14:18:40
gold_price_proxy,2021-05-13,1826.5,0,stooq_json,2021-05-13T21:00:00+00:00,2026-03-07 14:18:40
gold_price_proxy,2021-05-14,1842.74,0,stooq_json,2021-05-14T21:00:00+00:00,2026-03-07 14:18:40
gold_price_proxy,2021-05-17,1866.85,0,stooq_json,2021-05-17T21:00:00+00:00,2026-03-07 14:18:40
gold_price_proxy,2021-05-18,1869.55,0,stooq_json,2021-05-18T21:00:00+00:00,2026-03-07 14:18:40
gold_price_proxy,2021-05-19,1869.52,0,stooq_json,2021-05-19T21:00:00+00:00,2026-03-07 14:18:40
gold_price_proxy,2021-05-20,1877.22,0,stooq_json,2021-05-20T21:00:00+00:00,2026-03-07 14:18:40
gold_price_proxy,2021-05-21,1879.9,0,stooq_json,2021-05-21T21:00:00+00:00,2026-03-07 14:18:40
gold_price_proxy,2021-05-24,1880.88,0,stooq_json,2021-05-24T21:00:00+00:00,2026-03-07 14:18:40
gold_price_proxy,2021-05-25,1899.16,0,stooq_json,2021-05-25T21:00:00+00:00,2026-03-07 14:18:40
gold_price_proxy,2021-05-26,1896.79,0,stooq_json,2021-05-26T21:00:00+00:00,2026-03-07 14:18:40
gold_price_proxy,2021-05-27,1896.37,0,stooq_json,2021-05-27T21:00:00+00:00,2026-03-07 14:18:40
gold_price_proxy,2021-05-28,1904.85,0,stooq_json,2021-05-28T21:00:00+00:00,2026-03-07 14:18:40
gold_price_proxy,2021-05-31,1906.75,0,stooq_json,2021-05-31T21:00:00+00:00,2026-03-07 14:18:40
gold_price_proxy,2021-06-01,1900.3,0,stooq_json,2021-06-01T21:00:00+00:00,2026-03-07 14:18:40
gold_price_proxy,2021-06-02,1908.28,0,stooq_json,2021-06-02T21:00:00+00:00,2026-03-07 14:18:40
gold_price_proxy,2021-06-03,1870.59,0,stooq_json,2021-06-03T21:00:00+00:00,2026-03-07 14:18:40
gold_price_proxy,2021-06-04,1891.53,0,stooq_json,2021-06-04T21:00:00+00:00,2026-03-07 14:18:40
gold_price_proxy,2021-06-07,1899.25,0,stooq_json,2021-06-07T21:00:00+00:00,2026-03-07 14:18:40
gold_price_proxy,2021-06-08,1892.91,0,stooq_json,2021-06-08T21:00:00+00:00,2026-03-07 14:18:40
gold_price_proxy,2021-06-09,1888.62,0,stooq_json,2021-06-09T21:00:00+00:00,2026-03-07 14:18:40
gold_price_proxy,2021-06-10,1898.33,0,stooq_json,2021-06-10T21:00:00+00:00,2026-03-07 14:18:40
gold_price_proxy,2021-06-11,1876.63,0,stooq_json,2021-06-11T21:00:00+00:00,2026-03-07 14:18:40
gold_price_proxy,2021-06-14,1866.19,0,stooq_json,2021-06-14T21:00:00+00:00,2026-03-07 14:18:40
gold_price_proxy,2021-06-15,1858.8,0,stooq_json,2021-06-15T21:00:00+00:00,2026-03-07 14:18:40
gold_price_proxy,2021-06-16,1811.75,0,stooq_json,2021-06-16T21:00:00+00:00,2026-03-07 14:18:40
gold_price_proxy,2021-06-17,1773.29,0,stooq_json,2021-06-17T21:00:00+00:00,2026-03-07 14:18:40
gold_price_proxy,2021-06-18,1762.06,0,stooq_json,2021-06-18T21:00:00+00:00,2026-03-07 14:18:40
gold_price_proxy,2021-06-21,1783.15,0,stooq_json,2021-06-21T21:00:00+00:00,2026-03-07 14:18:40
gold_price_proxy,2021-06-22,1778.7,0,stooq_json,2021-06-22T21:00:00+00:00,2026-03-07 14:18:40
gold_price_proxy,2021-06-23,1778.7,0,stooq_json,2021-06-23T21:00:00+00:00,2026-03-07 14:18:40
gold_price_proxy,2021-06-24,1775.15,0,stooq_json,2021-06-24T21:00:00+00:00,2026-03-07 14:18:40
gold_price_proxy,2021-06-25,1779.39,0,stooq_json,2021-06-25T21:00:00+00:00,2026-03-07 14:18:40
gold_price_proxy,2021-06-28,1778.37,0,stooq_json,2021-06-28T21:00:00+00:00,2026-03-07 14:18:40
gold_price_proxy,2021-06-29,1761.17,0,stooq_json,2021-06-29T21:00:00+00:00,2026-03-07 14:18:40
gold_price_proxy,2021-06-30,1770.21,0,stooq_json,2021-06-30T21:00:00+00:00,2026-03-07 14:18:40
gold_price_proxy,2021-07-01,1776.76,0,stooq_json,2021-07-01T21:00:00+00:00,2026-03-07 14:18:40
gold_price_proxy,2021-07-02,1787.97,0,stooq_json,2021-07-02T21:00:00+00:00,2026-03-07 14:18:40
gold_price_proxy,2021-07-05,1791.745,0,stooq_json,2021-07-05T21:00:00+00:00,2026-03-07 14:18:40
gold_price_proxy,2021-07-06,1797.02,0,stooq_json,2021-07-06T21:00:00+00:00,2026-03-07 14:18:40
gold_price_proxy,2021-07-07,1803.65,0,stooq_json,2021-07-07T21:00:00+00:00,2026-03-07 14:18:40
gold_price_proxy,2021-07-08,1802.71,0,stooq_json,2021-07-08T21:00:00+00:00,2026-03-07 14:18:40
gold_price_proxy,2021-07-09,1808.33,0,stooq_json,2021-07-09T21:00:00+00:00,2026-03-07 14:18:40
gold_price_proxy,2021-07-12,1806.18,0,stooq_json,2021-07-12T21:00:00+00:00,2026-03-07 14:18:40
gold_price_proxy,2021-07-13,1807.7,0,stooq_json,2021-07-13T21:00:00+00:00,2026-03-07 14:18:40
gold_price_proxy,2021-07-14,1827.41,0,stooq_json,2021-07-14T21:00:00+00:00,2026-03-07 14:18:40
gold_price_proxy,2021-07-15,1829.49,0,stooq_json,2021-07-15T21:00:00+00:00,2026-03-07 14:18:40
gold_price_proxy,2021-07-16,1811.01,0,stooq_json,2021-07-16T21:00:00+00:00,2026-03-07 14:18:40
gold_price_proxy,2021-07-19,1812.23,0,stooq_json,2021-07-19T21:00:00+00:00,2026-03-07 14:18:40
gold_price_proxy,2021-07-20,1810.27,0,stooq_json,2021-07-20T21:00:00+00:00,2026-03-07 14:18:40
gold_price_proxy,2021-07-21,1803.51,0,stooq_json,2021-07-21T21:00:00+00:00,2026-03-07 14:18:40
gold_price_proxy,2021-07-22,1806.93,0,stooq_json,2021-07-22T21:00:00+00:00,2026-03-07 14:18:40
gold_price_proxy,2021-07-23,1801.45,0,stooq_json,2021-07-23T21:00:00+00:00,2026-03-07 14:18:40
gold_price_proxy,2021-07-26,1797.48,0,stooq_json,2021-07-26T21:00:00+00:00,2026-03-07 14:18:40
gold_price_proxy,2021-07-27,1798.96,0,stooq_json,2021-07-27T21:00:00+00:00,2026-03-07 14:18:40
gold_price_proxy,2021-07-28,1807.15,0,stooq_json,2021-07-28T21:00:00+00:00,2026-03-07 14:18:40
gold_price_proxy,2021-07-29,1828.17,0,stooq_json,2021-07-29T21:00:00+00:00,2026-03-07 14:18:40
gold_price_proxy,2021-07-30,1813.91,0,stooq_json,2021-07-30T21:00:00+00:00,2026-03-07 14:18:40
gold_price_proxy,2021-08-02,1813.33,0,stooq_json,2021-08-02T21:00:00+00:00,2026-03-07 14:18:40
gold_price_proxy,2021-08-03,1810.5,0,stooq_json,2021-08-03T21:00:00+00:00,2026-03-07 14:18:40
gold_price_proxy,2021-08-04,1812.08,0,stooq_json,2021-08-04T21:00:00+00:00,2026-03-07 14:18:40
gold_price_proxy,2021-08-05,1804.355,0,stooq_json,2021-08-05T21:00:00+00:00,2026-03-07 14:18:40
gold_price_proxy,2021-08-06,1760.33,0,stooq_json,2021-08-06T21:00:00+00:00,2026-03-07 14:18:40
gold_price_proxy,2021-08-09,1729.7,0,stooq_json,2021-08-09T21:00:00+00:00,2026-03-07 14:18:40
gold_price_proxy,2021-08-10,1729.15,0,stooq_json,2021-08-10T21:00:00+00:00,2026-03-07 14:18:40
gold_price_proxy,2021-08-11,1751.73,0,stooq_json,2021-08-11T21:00:00+00:00,2026-03-07 14:18:40
gold_price_proxy,2021-08-12,1752.66,0,stooq_json,2021-08-12T21:00:00+00:00,2026-03-07 14:18:40
gold_price_proxy,2021-08-13,1778.57,0,stooq_json,2021-08-13T21:00:00+00:00,2026-03-07 14:18:40
gold_price_proxy,2021-08-16,1787.25,0,stooq_json,2021-08-16T21:00:00+00:00,2026-03-07 14:18:40
gold_price_proxy,2021-08-17,1786.06,0,stooq_json,2021-08-17T21:00:00+00:00,2026-03-07 14:18:40
gold_price_proxy,2021-08-18,1787.74,0,stooq_json,2021-08-18T21:00:00+00:00,2026-03-07 14:18:40
gold_price_proxy,2021-08-19,1780.13,0,stooq_json,2021-08-19T21:00:00+00:00,2026-03-07 14:18:40
gold_price_proxy,2021-08-20,1782.18,0,stooq_json,2021-08-20T21:00:00+00:00,2026-03-07 14:18:40
gold_price_proxy,2021-08-23,1805.5,0,stooq_json,2021-08-23T21:00:00+00:00,2026-03-07 14:18:40
gold_price_proxy,2021-08-24,1802.95,0,stooq_json,2021-08-24T21:00:00+00:00,2026-03-07 14:18:40
gold_price_proxy,2021-08-25,1790.9,0,stooq_json,2021-08-25T21:00:00+00:00,2026-03-07 14:18:40
gold_price_proxy,2021-08-26,1792.09,0,stooq_json,2021-08-26T21:00:00+00:00,2026-03-07 14:18:40
gold_price_proxy,2021-08-27,1818.45,0,stooq_json,2021-08-27T21:00:00+00:00,2026-03-07 14:18:40
gold_price_proxy,2021-08-30,1810.16,0,stooq_json,2021-08-30T21:00:00+00:00,2026-03-07 14:18:40
gold_price_proxy,2021-08-31,1813.47,0,stooq_json,2021-08-31T21:00:00+00:00,2026-03-07 14:18:40
gold_price_proxy,2021-09-01,1813.83,0,stooq_json,2021-09-01T21:00:00+00:00,2026-03-07 14:18:40
gold_price_proxy,2021-09-02,1809.565,0,stooq_json,2021-09-02T21:00:00+00:00,2026-03-07 14:18:40
gold_price_proxy,2021-09-03,1828.65,0,stooq_json,2021-09-03T21:00:00+00:00,2026-03-07 14:18:40
gold_price_proxy,2021-09-06,1823.37,0,stooq_json,2021-09-06T21:00:00+00:00,2026-03-07 14:18:40
gold_price_proxy,2021-09-07,1794.4,0,stooq_json,2021-09-07T21:00:00+00:00,2026-03-07 14:18:40
gold_price_proxy,2021-09-08,1789.23,0,stooq_json,2021-09-08T21:00:00+00:00,2026-03-07 14:18:40
gold_price_proxy,2021-09-09,1794.5,0,stooq_json,2021-09-09T21:00:00+00:00,2026-03-07 14:18:40
gold_price_proxy,2021-09-10,1787.9,0,stooq_json,2021-09-10T21:00:00+00:00,2026-03-07 14:18:40
gold_price_proxy,2021-09-13,1793.63,0,stooq_json,2021-09-13T21:00:00+00:00,2026-03-07 14:18:40
gold_price_proxy,2021-09-14,1804.61,0,stooq_json,2021-09-14T21:00:00+00:00,2026-03-07 14:18:40
gold_price_proxy,2021-09-15,1793.775,0,stooq_json,2021-09-15T21:00:00+00:00,2026-03-07 14:18:40
gold_price_proxy,2021-09-16,1753.41,0,stooq_json,2021-09-16T21:00:00+00:00,2026-03-07 14:18:40
gold_price_proxy,2021-09-17,1751.65,0,stooq_json,2021-09-17T21:00:00+00:00,2026-03-07 14:18:40
gold_price_proxy,2021-09-20,1764.095,0,stooq_json,2021-09-20T21:00:00+00:00,2026-03-07 14:18:40
gold_price_proxy,2021-09-21,1774.19,0,stooq_json,2021-09-21T21:00:00+00:00,2026-03-07 14:18:40
gold_price_proxy,2021-09-22,1768.205,0,stooq_json,2021-09-22T21:00:00+00:00,2026-03-07 14:18:40
gold_price_proxy,2021-09-23,1742.76,0,stooq_json,2021-09-23T21:00:00+00:00,2026-03-07 14:18:40
gold_price_proxy,2021-09-24,1746.72,0,stooq_json,2021-09-24T21:00:00+00:00,2026-03-07 14:18:40
gold_price_proxy,2021-09-27,1750.085,0,stooq_json,2021-09-27T21:00:00+00:00,2026-03-07 14:18:40
gold_price_proxy,2021-09-28,1733.93,0,stooq_json,2021-09-28T21:00:00+00:00,2026-03-07 14:18:40
gold_price_proxy,2021-09-29,1726.35,0,stooq_json,2021-09-29T21:00:00+00:00,2026-03-07 14:18:40
gold_price_proxy,2021-09-30,1756.895,0,stooq_json,2021-09-30T21:00:00+00:00,2026-03-07 14:18:40
gold_price_proxy,2021-10-01,1760.07,0,stooq_json,2021-10-01T21:00:00+00:00,2026-03-07 14:18:40
gold_price_proxy,2021-10-04,1769.44,0,stooq_json,2021-10-04T21:00:00+00:00,2026-03-07 14:18:40
gold_price_proxy,2021-10-05,1759.96,0,stooq_json,2021-10-05T21:00:00+00:00,2026-03-07 14:18:40
gold_price_proxy,2021-10-06,1762.65,0,stooq_json,2021-10-06T21:00:00+00:00,2026-03-07 14:18:40
gold_price_proxy,2021-10-07,1755.17,0,stooq_json,2021-10-07T21:00:00+00:00,2026-03-07 14:18:40
gold_price_proxy,2021-10-08,1756.88,0,stooq_json,2021-10-08T21:00:00+00:00,2026-03-07 14:18:40
gold_price_proxy,2021-10-11,1754.2,0,stooq_json,2021-10-11T21:00:00+00:00,2026-03-07 14:18:40
gold_price_proxy,2021-10-12,1760.11,0,stooq_json,2021-10-12T21:00:00+00:00,2026-03-07 14:18:40
gold_price_proxy,2021-10-13,1793.05,0,stooq_json,2021-10-13T21:00:00+00:00,2026-03-07 14:18:40
gold_price_proxy,2021-10-14,1796.01,0,stooq_json,2021-10-14T21:00:00+00:00,2026-03-07 14:18:40
gold_price_proxy,2021-10-15,1768.33,0,stooq_json,2021-10-15T21:00:00+00:00,2026-03-07 14:18:40
gold_price_proxy,2021-10-18,1764.87,0,stooq_json,2021-10-18T21:00:00+00:00,2026-03-07 14:18:40
gold_price_proxy,2021-10-19,1769.54,0,stooq_json,2021-10-19T21:00:00+00:00,2026-03-07 14:18:40
gold_price_proxy,2021-10-20,1782.04,0,stooq_json,2021-10-20T21:00:00+00:00,2026-03-07 14:18:40
gold_price_proxy,2021-10-21,1782.83,0,stooq_json,2021-10-21T21:00:00+00:00,2026-03-07 14:18:40
gold_price_proxy,2021-10-22,1794.13,0,stooq_json,2021-10-22T21:00:00+00:00,2026-03-07 14:18:40
gold_price_proxy,2021-10-25,1807.73,0,stooq_json,2021-10-25T21:00:00+00:00,2026-03-07 14:18:40
gold_price_proxy,2021-10-26,1792.85,0,stooq_json,2021-10-26T21:00:00+00:00,2026-03-07 14:18:40
gold_price_proxy,2021-10-27,1797.0,0,stooq_json,2021-10-27T21:00:00+00:00,2026-03-07 14:18:40
gold_price_proxy,2021-10-28,1798.86,0,stooq_json,2021-10-28T21:00:00+00:00,2026-03-07 14:18:40
gold_price_proxy,2021-10-29,1782.82,0,stooq_json,2021-10-29T21:00:00+00:00,2026-03-07 14:18:40
gold_price_proxy,2021-11-01,1791.87,0,stooq_json,2021-11-01T21:00:00+00:00,2026-03-07 14:18:40
gold_price_proxy,2021-11-02,1787.09,0,stooq_json,2021-11-02T21:00:00+00:00,2026-03-07 14:18:40
gold_price_proxy,2021-11-03,1773.85,0,stooq_json,2021-11-03T21:00:00+00:00,2026-03-07 14:18:40
gold_price_proxy,2021-11-04,1791.43,0,stooq_json,2021-11-04T21:00:00+00:00,2026-03-07 14:18:40
gold_price_proxy,2021-11-05,1818.215,0,stooq_json,2021-11-05T21:00:00+00:00,2026-03-07 14:18:40
gold_price_proxy,2021-11-08,1824.32,0,stooq_json,2021-11-08T21:00:00+00:00,2026-03-07 14:18:40
gold_price_proxy,2021-11-09,1831.83,0,stooq_json,2021-11-09T21:00:00+00:00,2026-03-07 14:18:40
gold_price_proxy,2021-11-10,1849.36,0,stooq_json,2021-11-10T21:00:00+00:00,2026-03-07 14:18:40
gold_price_proxy,2021-11-11,1862.0,0,stooq_json,2021-11-11T21:00:00+00:00,2026-03-07 14:18:40
gold_price_proxy,2021-11-12,1866.08,0,stooq_json,2021-11-12T21:00:00+00:00,2026-03-07 14:18:40
gold_price_proxy,2021-11-15,1862.8,0,stooq_json,2021-11-15T21:00:00+00:00,2026-03-07 14:18:40
gold_price_proxy,2021-11-16,1850.43,0,stooq_json,2021-11-16T21:00:00+00:00,2026-03-07 14:18:40
gold_price_proxy,2021-11-17,1867.43,0,stooq_json,2021-11-17T21:00:00+00:00,2026-03-07 14:18:40
gold_price_proxy,2021-11-18,1858.91,0,stooq_json,2021-11-18T21:00:00+00:00,2026-03-07 14:18:40
gold_price_proxy,2021-11-19,1846.97,0,stooq_json,2021-11-19T21:00:00+00:00,2026-03-07 14:18:40
gold_price_proxy,2021-11-22,1804.8,0,stooq_json,2021-11-22T21:00:00+00:00,2026-03-07 14:18:40
gold_price_proxy,2021-11-23,1789.12,0,stooq_json,2021-11-23T21:00:00+00:00,2026-03-07 14:18:40
gold_price_proxy,2021-11-24,1788.64,0,stooq_json,2021-11-24T21:00:00+00:00,2026-03-07 14:18:40
gold_price_proxy,2021-11-25,1788.635,0,stooq_json,2021-11-25T21:00:00+00:00,2026-03-07 14:18:40
gold_price_proxy,2021-11-26,1791.875,0,stooq_json,2021-11-26T21:00:00+00:00,2026-03-07 14:18:40
gold_price_proxy,2021-11-29,1784.71,0,stooq_json,2021-11-29T21:00:00+00:00,2026-03-07 14:18:40
gold_price_proxy,2021-11-30,1774.96,0,stooq_json,2021-11-30T21:00:00+00:00,2026-03-07 14:18:40
gold_price_proxy,2021-12-01,1781.87,0,stooq_json,2021-12-01T21:00:00+00:00,2026-03-07 14:18:40
gold_price_proxy,2021-12-02,1768.3,0,stooq_json,2021-12-02T21:00:00+00:00,2026-03-07 14:18:40
gold_price_proxy,2021-12-03,1782.96,0,stooq_json,2021-12-03T21:00:00+00:00,2026-03-07 14:18:40
gold_price_proxy,2021-12-06,1778.48,0,stooq_json,2021-12-06T21:00:00+00:00,2026-03-07 14:18:40
gold_price_proxy,2021-12-07,1784.17,0,stooq_json,2021-12-07T21:00:00+00:00,2026-03-07 14:18:40
gold_price_proxy,2021-12-08,1783.09,0,stooq_json,2021-12-08T21:00:00+00:00,2026-03-07 14:18:40
gold_price_proxy,2021-12-09,1775.17,0,stooq_json,2021-12-09T21:00:00+00:00,2026-03-07 14:18:40
gold_price_proxy,2021-12-10,1782.9,0,stooq_json,2021-12-10T21:00:00+00:00,2026-03-07 14:18:40
gold_price_proxy,2021-12-13,1786.68,0,stooq_json,2021-12-13T21:00:00+00:00,2026-03-07 14:18:40
gold_price_proxy,2021-12-14,1770.7,0,stooq_json,2021-12-14T21:00:00+00:00,2026-03-07 14:18:40
gold_price_proxy,2021-12-15,1777.13,0,stooq_json,2021-12-15T21:00:00+00:00,2026-03-07 14:18:40
gold_price_proxy,2021-12-16,1799.23,0,stooq_json,2021-12-16T21:00:00+00:00,2026-03-07 14:18:40
gold_price_proxy,2021-12-17,1796.14,0,stooq_json,2021-12-17T21:00:00+00:00,2026-03-07 14:18:40
gold_price_proxy,2021-12-20,1790.9,0,stooq_json,2021-12-20T21:00:00+00:00,2026-03-07 14:18:40
gold_price_proxy,2021-12-21,1788.97,0,stooq_json,2021-12-21T21:00:00+00:00,2026-03-07 14:18:40
gold_price_proxy,2021-12-22,1803.66,0,stooq_json,2021-12-22T21:00:00+00:00,2026-03-07 14:18:40
gold_price_proxy,2021-12-23,1808.57,0,stooq_json,2021-12-23T21:00:00+00:00,2026-03-07 14:18:40
gold_price_proxy,2021-12-27,1811.97,0,stooq_json,2021-12-27T21:00:00+00:00,2026-03-07 14:18:40
gold_price_proxy,2021-12-28,1806.15,0,stooq_json,2021-12-28T21:00:00+00:00,2026-03-07 14:18:40
gold_price_proxy,2021-12-29,1804.38,0,stooq_json,2021-12-29T21:00:00+00:00,2026-03-07 14:18:40
gold_price_proxy,2021-12-30,1814.69,0,stooq_json,2021-12-30T21:00:00+00:00,2026-03-07 14:18:40
gold_price_proxy,2021-12-31,1829.5,0,stooq_json,2021-12-31T21:00:00+00:00,2026-03-07 14:18:40
gold_price_proxy,2022-01-03,1801.32,0,stooq_json,2022-01-03T21:00:00+00:00,2026-03-07 14:18:40
gold_price_proxy,2022-01-04,1814.64,0,stooq_json,2022-01-04T21:00:00+00:00,2026-03-07 14:18:40
gold_price_proxy,2022-01-05,1810.29,0,stooq_json,2022-01-05T21:00:00+00:00,2026-03-07 14:18:40
gold_price_proxy,2022-01-06,1790.98,0,stooq_json,2022-01-06T21:00:00+00:00,2026-03-07 14:18:40
gold_price_proxy,2022-01-07,1795.81,0,stooq_json,2022-01-07T21:00:00+00:00,2026-03-07 14:18:40
gold_price_proxy,2022-01-10,1801.74,0,stooq_json,2022-01-10T21:00:00+00:00,2026-03-07 14:18:40
gold_price_proxy,2022-01-11,1821.54,0,stooq_json,2022-01-11T21:00:00+00:00,2026-03-07 14:18:40
gold_price_proxy,2022-01-12,1826.27,0,stooq_json,2022-01-12T21:00:00+00:00,2026-03-07 14:18:40
gold_price_proxy,2022-01-13,1822.7,0,stooq_json,2022-01-13T21:00:00+00:00,2026-03-07 14:18:40
gold_price_proxy,2022-01-14,1816.6,0,stooq_json,2022-01-14T21:00:00+00:00,2026-03-07 14:18:40
gold_price_proxy,2022-01-17,1819.255,0,stooq_json,2022-01-17T21:00:00+00:00,2026-03-07 14:18:40
gold_price_proxy,2022-01-18,1813.81,0,stooq_json,2022-01-18T21:00:00+00:00,2026-03-07 14:18:40
gold_price_proxy,2022-01-19,1840.56,0,stooq_json,2022-01-19T21:00:00+00:00,2026-03-07 14:18:40
gold_price_proxy,2022-01-20,1839.6,0,stooq_json,2022-01-20T21:00:00+00:00,2026-03-07 14:18:40
gold_price_proxy,2022-01-21,1831.78,0,stooq_json,2022-01-21T21:00:00+00:00,2026-03-07 14:18:40
gold_price_proxy,2022-01-24,1843.17,0,stooq_json,2022-01-24T21:00:00+00:00,2026-03-07 14:18:40
gold_price_proxy,2022-01-25,1848.15,0,stooq_json,2022-01-25T21:00:00+00:00,2026-03-07 14:18:40
gold_price_proxy,2022-01-26,1819.45,0,stooq_json,2022-01-26T21:00:00+00:00,2026-03-07 14:18:40
gold_price_proxy,2022-01-27,1797.2,0,stooq_json,2022-01-27T21:00:00+00:00,2026-03-07 14:18:40
gold_price_proxy,2022-01-28,1788.87,0,stooq_json,2022-01-28T21:00:00+00:00,2026-03-07 14:18:40
gold_price_proxy,2022-01-31,1797.35,0,stooq_json,2022-01-31T21:00:00+00:00,2026-03-07 14:18:40
gold_price_proxy,2022-02-01,1801.11,0,stooq_json,2022-02-01T21:00:00+00:00,2026-03-07 14:18:40
gold_price_proxy,2022-02-02,1806.9,0,stooq_json,2022-02-02T21:00:00+00:00,2026-03-07 14:18:40
gold_price_proxy,2022-02-03,1804.86,0,stooq_json,2022-02-03T21:00:00+00:00,2026-03-07 14:18:40
gold_price_proxy,2022-02-04,1808.13,0,stooq_json,2022-02-04T21:00:00+00:00,2026-03-07 14:18:40
gold_price_proxy,2022-02-07,1820.54,0,stooq_json,2022-02-07T21:00:00+00:00,2026-03-07 14:18:40
gold_price_proxy,2022-02-08,1826.03,0,stooq_json,2022-02-08T21:00:00+00:00,2026-03-07 14:18:40
gold_price_proxy,2022-02-09,1832.99,0,stooq_json,2022-02-09T21:00:00+00:00,2026-03-07 14:18:40
gold_price_proxy,2022-02-10,1826.68,0,stooq_json,2022-02-10T21:00:00+00:00,2026-03-07 14:18:40
gold_price_proxy,2022-02-11,1861.27,0,stooq_json,2022-02-11T21:00:00+00:00,2026-03-07 14:18:40
gold_price_proxy,2022-02-14,1871.42,0,stooq_json,2022-02-14T21:00:00+00:00,2026-03-07 14:18:40
gold_price_proxy,2022-02-15,1853.55,0,stooq_json,2022-02-15T21:00:00+00:00,2026-03-07 14:18:40
gold_price_proxy,2022-02-16,1869.61,0,stooq_json,2022-02-16T21:00:00+00:00,2026-03-07 14:18:40
gold_price_proxy,2022-02-17,1898.4,0,stooq_json,2022-02-17T21:00:00+00:00,2026-03-07 14:18:40
gold_price_proxy,2022-02-18,1897.03,0,stooq_json,2022-02-18T21:00:00+00:00,2026-03-07 14:18:40
gold_price_proxy,2022-02-21,1904.075,0,stooq_json,2022-02-21T21:00:00+00:00,2026-03-07 14:18:40
gold_price_proxy,2022-02-22,1898.49,0,stooq_json,2022-02-22T21:00:00+00:00,2026-03-07 14:18:40
gold_price_proxy,2022-02-23,1909.19,0,stooq_json,2022-02-23T21:00:00+00:00,2026-03-07 14:18:40
gold_price_proxy,2022-02-24,1904.1,0,stooq_json,2022-02-24T21:00:00+00:00,2026-03-07 14:18:40
gold_price_proxy,2022-02-25,1890.79,0,stooq_json,2022-02-25T21:00:00+00:00,2026-03-07 14:18:40
gold_price_proxy,2022-02-28,1908.82,0,stooq_json,2022-02-28T21:00:00+00:00,2026-03-07 14:18:40
gold_price_proxy,2022-03-01,1945.135,0,stooq_json,2022-03-01T21:00:00+00:00,2026-03-07 14:18:40
gold_price_proxy,2022-03-02,1928.67,0,stooq_json,2022-03-02T21:00:00+00:00,2026-03-07 14:18:40
gold_price_proxy,2022-03-03,1936.31,0,stooq_json,2022-03-03T21:00:00+00:00,2026-03-07 14:18:40
gold_price_proxy,2022-03-04,1967.46,0,stooq_json,2022-03-04T21:00:00+00:00,2026-03-07 14:18:40
gold_price_proxy,2022-03-07,1997.7,0,stooq_json,2022-03-07T21:00:00+00:00,2026-03-07 14:18:40
gold_price_proxy,2022-03-08,2050.01,0,stooq_json,2022-03-08T21:00:00+00:00,2026-03-07 14:18:40
gold_price_proxy,2022-03-09,1991.97,0,stooq_json,2022-03-09T21:00:00+00:00,2026-03-07 14:18:40
gold_price_proxy,2022-03-10,1996.87,0,stooq_json,2022-03-10T21:00:00+00:00,2026-03-07 14:18:40
gold_price_proxy,2022-03-11,1982.68,0,stooq_json,2022-03-11T21:00:00+00:00,2026-03-07 14:18:40
gold_price_proxy,2022-03-14,1953.71,0,stooq_json,2022-03-14T21:00:00+00:00,2026-03-07 14:18:40
gold_price_proxy,2022-03-15,1916.26,0,stooq_json,2022-03-15T21:00:00+00:00,2026-03-07 14:18:40
gold_price_proxy,2022-03-16,1925.71,0,stooq_json,2022-03-16T21:00:00+00:00,2026-03-07 14:18:40
gold_price_proxy,2022-03-17,1941.27,0,stooq_json,2022-03-17T21:00:00+00:00,2026-03-07 14:18:40
gold_price_proxy,2022-03-18,1921.13,0,stooq_json,2022-03-18T21:00:00+00:00,2026-03-07 14:18:40
gold_price_proxy,2022-03-21,1936.24,0,stooq_json,2022-03-21T21:00:00+00:00,2026-03-07 14:18:40
gold_price_proxy,2022-03-22,1920.87,0,stooq_json,2022-03-22T21:00:00+00:00,2026-03-07 14:18:40
gold_price_proxy,2022-03-23,1945.21,0,stooq_json,2022-03-23T21:00:00+00:00,2026-03-07 14:18:40
gold_price_proxy,2022-03-24,1958.42,0,stooq_json,2022-03-24T21:00:00+00:00,2026-03-07 14:18:40
gold_price_proxy,2022-03-25,1958.16,0,stooq_json,2022-03-25T21:00:00+00:00,2026-03-07 14:18:40
gold_price_proxy,2022-03-28,1922.78,0,stooq_json,2022-03-28T21:00:00+00:00,2026-03-07 14:18:40
gold_price_proxy,2022-03-29,1919.48,0,stooq_json,2022-03-29T21:00:00+00:00,2026-03-07 14:18:40
gold_price_proxy,2022-03-30,1932.71,0,stooq_json,2022-03-30T21:00:00+00:00,2026-03-07 14:18:40
gold_price_proxy,2022-03-31,1937.27,0,stooq_json,2022-03-31T21:00:00+00:00,2026-03-07 14:18:40
gold_price_proxy,2022-04-01,1922.73,0,stooq_json,2022-04-01T21:00:00+00:00,2026-03-07 14:18:40
gold_price_proxy,2022-04-04,1932.74,0,stooq_json,2022-04-04T21:00:00+00:00,2026-03-07 14:18:40
gold_price_proxy,2022-04-05,1923.495,0,stooq_json,2022-04-05T21:00:00+00:00,2026-03-07 14:18:40
gold_price_proxy,2022-04-06,1925.355,0,stooq_json,2022-04-06T21:00:00+00:00,2026-03-07 14:18:40
gold_price_proxy,2022-04-07,1931.575,0,stooq_json,2022-04-07T21:00:00+00:00,2026-03-07 14:18:40
gold_price_proxy,2022-04-08,1944.185,0,stooq_json,2022-04-08T21:00:00+00:00,2026-03-07 14:18:40
gold_price_proxy,2022-04-11,1953.765,0,stooq_json,2022-04-11T21:00:00+00:00,2026-03-07 14:18:40
gold_price_proxy,2022-04-12,1966.615,0,stooq_json,2022-04-12T21:00:00+00:00,2026-03-07 14:18:40
gold_price_proxy,2022-04-13,1978.185,0,stooq_json,2022-04-13T21:00:00+00:00,2026-03-07 14:18:40
gold_price_proxy,2022-04-14,1973.495,0,stooq_json,2022-04-14T21:00:00+00:00,2026-03-07 14:18:40
gold_price_proxy,2022-04-18,1978.735,0,stooq_json,2022-04-18T21:00:00+00:00,2026-03-07 14:18:40
gold_price_proxy,2022-04-19,1950.145,0,stooq_json,2022-04-19T21:00:00+00:00,2026-03-07 14:18:40
gold_price_proxy,2022-04-20,1957.625,0,stooq_json,2022-04-20T21:00:00+00:00,2026-03-07 14:18:40
gold_price_proxy,2022-04-21,1951.395,0,stooq_json,2022-04-21T21:00:00+00:00,2026-03-07 14:18:40
gold_price_proxy,2022-04-22,1932.645,0,stooq_json,2022-04-22T21:00:00+00:00,2026-03-07 14:18:40
gold_price_proxy,2022-04-25,1898.145,0,stooq_json,2022-04-25T21:00:00+00:00,2026-03-07 14:18:40
gold_price_proxy,2022-04-26,1905.315,0,stooq_json,2022-04-26T21:00:00+00:00,2026-03-07 14:18:40
gold_price_proxy,2022-04-27,1885.955,0,stooq_json,2022-04-27T21:00:00+00:00,2026-03-07 14:18:40
gold_price_proxy,2022-04-28,1894.545,0,stooq_json,2022-04-28T21:00:00+00:00,2026-03-07 14:18:40
gold_price_proxy,2022-04-29,1896.395,0,stooq_json,2022-04-29T21:00:00+00:00,2026-03-07 14:18:40
gold_price_proxy,2022-05-02,1862.885,0,stooq_json,2022-05-02T21:00:00+00:00,2026-03-07 14:18:40
gold_price_proxy,2022-05-03,1868.295,0,stooq_json,2022-05-03T21:00:00+00:00,2026-03-07 14:18:40
gold_price_proxy,2022-05-04,1881.335,0,stooq_json,2022-05-04T21:00:00+00:00,2026-03-07 14:18:40
gold_price_proxy,2022-05-05,1877.165,0,stooq_json,2022-05-05T21:00:00+00:00,2026-03-07 14:18:40
gold_price_proxy,2022-05-06,1880.915,0,stooq_json,2022-05-06T21:00:00+00:00,2026-03-07 14:18:40
gold_price_proxy,2022-05-09,1853.865,0,stooq_json,2022-05-09T21:00:00+00:00,2026-03-07 14:18:40
gold_price_proxy,2022-05-10,1838.325,0,stooq_json,2022-05-10T21:00:00+00:00,2026-03-07 14:18:40
gold_price_proxy,2022-05-11,1852.525,0,stooq_json,2022-05-11T21:00:00+00:00,2026-03-07 14:18:40
gold_price_proxy,2022-05-12,1821.805,0,stooq_json,2022-05-12T21:00:00+00:00,2026-03-07 14:18:40
gold_price_proxy,2022-05-13,1809.765,0,stooq_json,2022-05-13T21:00:00+00:00,2026-03-07 14:18:40
gold_price_proxy,2022-05-16,1823.995,0,stooq_json,2022-05-16T21:00:00+00:00,2026-03-07 14:18:40
gold_price_proxy,2022-05-17,1815.065,0,stooq_json,2022-05-17T21:00:00+00:00,2026-03-07 14:18:40
gold_price_proxy,2022-05-18,1816.615,0,stooq_json,2022-05-18T21:00:00+00:00,2026-03-07 14:18:40
gold_price_proxy,2022-05-19,1842.135,0,stooq_json,2022-05-19T21:00:00+00:00,2026-03-07 14:18:40
gold_price_proxy,2022-05-20,1844.705,0,stooq_json,2022-05-20T21:00:00+00:00,2026-03-07 14:18:40
gold_price_proxy,2022-05-23,1853.575,0,stooq_json,2022-05-23T21:00:00+00:00,2026-03-07 14:18:40
gold_price_proxy,2022-05-24,1866.535,0,stooq_json,2022-05-24T21:00:00+00:00,2026-03-07 14:18:40
gold_price_proxy,2022-05-25,1853.305,0,stooq_json,2022-05-25T21:00:00+00:00,2026-03-07 14:18:40
gold_price_proxy,2022-05-26,1850.815,0,stooq_json,2022-05-26T21:00:00+00:00,2026-03-07 14:18:40
gold_price_proxy,2022-05-27,1853.495,0,stooq_json,2022-05-27T21:00:00+00:00,2026-03-07 14:18:40
gold_price_proxy,2022-05-30,1855.215,0,stooq_json,2022-05-30T21:00:00+00:00,2026-03-07 14:18:40
gold_price_proxy,2022-05-31,1837.635,0,stooq_json,2022-05-31T21:00:00+00:00,2026-03-07 14:18:40
gold_price_proxy,2022-06-01,1846.405,0,stooq_json,2022-06-01T21:00:00+00:00,2026-03-07 14:18:40
gold_price_proxy,2022-06-02,1868.645,0,stooq_json,2022-06-02T21:00:00+00:00,2026-03-07 14:18:40
gold_price_proxy,2022-06-03,1850.775,0,stooq_json,2022-06-03T21:00:00+00:00,2026-03-07 14:18:40
gold_price_proxy,2022-06-06,1841.705,0,stooq_json,2022-06-06T21:00:00+00:00,2026-03-07 14:18:40
gold_price_proxy,2022-06-07,1852.415,0,stooq_json,2022-06-07T21:00:00+00:00,2026-03-07 14:18:40
gold_price_proxy,2022-06-08,1853.165,0,stooq_json,2022-06-08T21:00:00+00:00,2026-03-07 14:18:40
gold_price_proxy,2022-06-09,1847.945,0,stooq_json,2022-06-09T21:00:00+00:00,2026-03-07 14:18:40
gold_price_proxy,2022-06-10,1871.945,0,stooq_json,2022-06-10T21:00:00+00:00,2026-03-07 14:18:40
gold_price_proxy,2022-06-13,1819.525,0,stooq_json,2022-06-13T21:00:00+00:00,2026-03-07 14:18:40
gold_price_proxy,2022-06-14,1808.255,0,stooq_json,2022-06-14T21:00:00+00:00,2026-03-07 14:18:40
gold_price_proxy,2022-06-15,1833.89,0,stooq_json,2022-06-15T21:00:00+00:00,2026-03-07 14:18:40
gold_price_proxy,2022-06-16,1856.725,0,stooq_json,2022-06-16T21:00:00+00:00,2026-03-07 14:18:40
gold_price_proxy,2022-06-17,1837.115,0,stooq_json,2022-06-17T21:00:00+00:00,2026-03-07 14:18:40
gold_price_proxy,2022-06-20,1836.8,0,stooq_json,2022-06-20T21:00:00+00:00,2026-03-07 14:18:40
gold_price_proxy,2022-06-21,1833.125,0,stooq_json,2022-06-21T21:00:00+00:00,2026-03-07 14:18:40
gold_price_proxy,2022-06-22,1837.935,0,stooq_json,2022-06-22T21:00:00+00:00,2026-03-07 14:18:40
gold_price_proxy,2022-06-23,1822.665,0,stooq_json,2022-06-23T21:00:00+00:00,2026-03-07 14:18:40
gold_price_proxy,2022-06-24,1823.795,0,stooq_json,2022-06-24T21:00:00+00:00,2026-03-07 14:18:40
gold_price_proxy,2022-06-27,1822.775,0,stooq_json,2022-06-27T21:00:00+00:00,2026-03-07 14:18:40
gold_price_proxy,2022-06-28,1819.945,0,stooq_json,2022-06-28T21:00:00+00:00,2026-03-07 14:18:40
gold_price_proxy,2022-06-29,1817.915,0,stooq_json,2022-06-29T21:00:00+00:00,2026-03-07 14:18:40
gold_price_proxy,2022-06-30,1807.215,0,stooq_json,2022-06-30T21:00:00+00:00,2026-03-07 14:18:40
gold_price_proxy,2022-07-01,1806.055,0,stooq_json,2022-07-01T21:00:00+00:00,2026-03-07 14:18:40
gold_price_proxy,2022-07-04,1807.95,0,stooq_json,2022-07-04T21:00:00+00:00,2026-03-07 14:18:40
gold_price_proxy,2022-07-05,1764.785,0,stooq_json,2022-07-05T21:00:00+00:00,2026-03-07 14:18:40
gold_price_proxy,2022-07-06,1739.295,0,stooq_json,2022-07-06T21:00:00+00:00,2026-03-07 14:18:40
gold_price_proxy,2022-07-07,1740.225,0,stooq_json,2022-07-07T21:00:00+00:00,2026-03-07 14:18:40
gold_price_proxy,2022-07-08,1741.515,0,stooq_json,2022-07-08T21:00:00+00:00,2026-03-07 14:18:40
gold_price_proxy,2022-07-11,1734.065,0,stooq_json,2022-07-11T21:00:00+00:00,2026-03-07 14:18:40
gold_price_proxy,2022-07-12,1726.205,0,stooq_json,2022-07-12T21:00:00+00:00,2026-03-07 14:18:40
gold_price_proxy,2022-07-13,1735.655,0,stooq_json,2022-07-13T21:00:00+00:00,2026-03-07 14:18:40
gold_price_proxy,2022-07-14,1709.935,0,stooq_json,2022-07-14T21:00:00+00:00,2026-03-07 14:18:40
gold_price_proxy,2022-07-15,1705.795,0,stooq_json,2022-07-15T21:00:00+00:00,2026-03-07 14:18:40
gold_price_proxy,2022-07-18,1709.145,0,stooq_json,2022-07-18T21:00:00+00:00,2026-03-07 14:18:40
gold_price_proxy,2022-07-19,1711.715,0,stooq_json,2022-07-19T21:00:00+00:00,2026-03-07 14:18:40
gold_price_proxy,2022-07-20,1696.605,0,stooq_json,2022-07-20T21:00:00+00:00,2026-03-07 14:18:40
gold_price_proxy,2022-07-21,1718.335,0,stooq_json,2022-07-21T21:00:00+00:00,2026-03-07 14:18:40
gold_price_proxy,2022-07-22,1724.155,0,stooq_json,2022-07-22T21:00:00+00:00,2026-03-07 14:18:40
gold_price_proxy,2022-07-25,1719.735,0,stooq_json,2022-07-25T21:00:00+00:00,2026-03-07 14:18:40
gold_price_proxy,2022-07-26,1717.525,0,stooq_json,2022-07-26T21:00:00+00:00,2026-03-07 14:18:40
gold_price_proxy,2022-07-27,1734.465,0,stooq_json,2022-07-27T21:00:00+00:00,2026-03-07 14:18:40
gold_price_proxy,2022-07-28,1756.065,0,stooq_json,2022-07-28T21:00:00+00:00,2026-03-07 14:18:40
gold_price_proxy,2022-07-29,1761.035,0,stooq_json,2022-07-29T21:00:00+00:00,2026-03-07 14:18:40
gold_price_proxy,2022-08-01,1772.235,0,stooq_json,2022-08-01T21:00:00+00:00,2026-03-07 14:18:40
gold_price_proxy,2022-08-02,1761.345,0,stooq_json,2022-08-02T21:00:00+00:00,2026-03-07 14:18:40
gold_price_proxy,2022-08-03,1765.625,0,stooq_json,2022-08-03T21:00:00+00:00,2026-03-07 14:18:40
gold_price_proxy,2022-08-04,1791.245,0,stooq_json,2022-08-04T21:00:00+00:00,2026-03-07 14:18:40
gold_price_proxy,2022-08-05,1773.485,0,stooq_json,2022-08-05T21:00:00+00:00,2026-03-07 14:18:40
gold_price_proxy,2022-08-08,1789.145,0,stooq_json,2022-08-08T21:00:00+00:00,2026-03-07 14:18:40
gold_price_proxy,2022-08-09,1794.435,0,stooq_json,2022-08-09T21:00:00+00:00,2026-03-07 14:18:40
gold_price_proxy,2022-08-10,1792.285,0,stooq_json,2022-08-10T21:00:00+00:00,2026-03-07 14:18:40
gold_price_proxy,2022-08-11,1789.505,0,stooq_json,2022-08-11T21:00:00+00:00,2026-03-07 14:18:40
gold_price_proxy,2022-08-12,1801.435,0,stooq_json,2022-08-12T21:00:00+00:00,2026-03-07 14:18:40
gold_price_proxy,2022-08-15,1779.545,0,stooq_json,2022-08-15T21:00:00+00:00,2026-03-07 14:18:40
gold_price_proxy,2022-08-16,1775.475,0,stooq_json,2022-08-16T21:00:00+00:00,2026-03-07 14:18:40
gold_price_proxy,2022-08-17,1762.145,0,stooq_json,2022-08-17T21:00:00+00:00,2026-03-07 14:18:40
gold_price_proxy,2022-08-18,1758.465,0,stooq_json,2022-08-18T21:00:00+00:00,2026-03-07 14:18:40
gold_price_proxy,2022-08-19,1746.665,0,stooq_json,2022-08-19T21:00:00+00:00,2026-03-07 14:18:40
gold_price_proxy,2022-08-22,1736.235,0,stooq_json,2022-08-22T21:00:00+00:00,2026-03-07 14:18:40
gold_price_proxy,2022-08-23,1747.965,0,stooq_json,2022-08-23T21:00:00+00:00,2026-03-07 14:18:40
gold_price_proxy,2022-08-24,1751.345,0,stooq_json,2022-08-24T21:00:00+00:00,2026-03-07 14:18:40
gold_price_proxy,2022-08-25,1758.675,0,stooq_json,2022-08-25T21:00:00+00:00,2026-03-07 14:18:40
gold_price_proxy,2022-08-26,1736.895,0,stooq_json,2022-08-26T21:00:00+00:00,2026-03-07 14:18:40
gold_price_proxy,2022-08-29,1737.595,0,stooq_json,2022-08-29T21:00:00+00:00,2026-03-07 14:18:40
gold_price_proxy,2022-08-30,1724.375,0,stooq_json,2022-08-30T21:00:00+00:00,2026-03-07 14:18:40
gold_price_proxy,2022-08-31,1711.145,0,stooq_json,2022-08-31T21:00:00+00:00,2026-03-07 14:18:40
gold_price_proxy,2022-09-01,1697.685,0,stooq_json,2022-09-01T21:00:00+00:00,2026-03-07 14:18:40
gold_price_proxy,2022-09-02,1709.765,0,stooq_json,2022-09-02T21:00:00+00:00,2026-03-07 14:18:40
gold_price_proxy,2022-09-05,1710.04,0,stooq_json,2022-09-05T21:00:00+00:00,2026-03-07 14:18:40
gold_price_proxy,2022-09-06,1701.985,0,stooq_json,2022-09-06T21:00:00+00:00,2026-03-07 14:18:40
gold_price_proxy,2022-09-07,1718.455,0,stooq_json,2022-09-07T21:00:00+00:00,2026-03-07 14:18:40
gold_price_proxy,2022-09-08,1708.605,0,stooq_json,2022-09-08T21:00:00+00:00,2026-03-07 14:18:40
gold_price_proxy,2022-09-09,1715.935,0,stooq_json,2022-09-09T21:00:00+00:00,2026-03-07 14:18:40
gold_price_proxy,2022-09-12,1724.705,0,stooq_json,2022-09-12T21:00:00+00:00,2026-03-07 14:18:40
gold_price_proxy,2022-09-13,1702.555,0,stooq_json,2022-09-13T21:00:00+00:00,2026-03-07 14:18:40
gold_price_proxy,2022-09-14,1697.475,0,stooq_json,2022-09-14T21:00:00+00:00,2026-03-07 14:18:40
gold_price_proxy,2022-09-15,1664.525,0,stooq_json,2022-09-15T21:00:00+00:00,2026-03-07 14:18:40
gold_price_proxy,2022-09-16,1673.185,0,stooq_json,2022-09-16T21:00:00+00:00,2026-03-07 14:18:40
gold_price_proxy,2022-09-19,1675.705,0,stooq_json,2022-09-19T21:00:00+00:00,2026-03-07 14:18:40
gold_price_proxy,2022-09-20,1664.955,0,stooq_json,2022-09-20T21:00:00+00:00,2026-03-07 14:18:40
gold_price_proxy,2022-09-21,1673.875,0,stooq_json,2022-09-21T21:00:00+00:00,2026-03-07 14:18:40
gold_price_proxy,2022-09-22,1671.345,0,stooq_json,2022-09-22T21:00:00+00:00,2026-03-07 14:18:40
gold_price_proxy,2022-09-23,1643.155,0,stooq_json,2022-09-23T21:00:00+00:00,2026-03-07 14:18:40
gold_price_proxy,2022-09-26,1622.805,0,stooq_json,2022-09-26T21:00:00+00:00,2026-03-07 14:18:40
gold_price_proxy,2022-09-27,1629.195,0,stooq_json,2022-09-27T21:00:00+00:00,2026-03-07 14:18:40
gold_price_proxy,2022-09-28,1660.025,0,stooq_json,2022-09-28T21:00:00+00:00,2026-03-07 14:18:40
gold_price_proxy,2022-09-29,1660.615,0,stooq_json,2022-09-29T21:00:00+00:00,2026-03-07 14:18:40
gold_price_proxy,2022-09-30,1661.815,0,stooq_json,2022-09-30T21:00:00+00:00,2026-03-07 14:18:40
gold_price_proxy,2022-10-03,1699.695,0,stooq_json,2022-10-03T21:00:00+00:00,2026-03-07 14:18:40
gold_price_proxy,2022-10-04,1726.415,0,stooq_json,2022-10-04T21:00:00+00:00,2026-03-07 14:18:40
gold_price_proxy,2022-10-05,1716.345,0,stooq_json,2022-10-05T21:00:00+00:00,2026-03-07 14:18:40
gold_price_proxy,2022-10-06,1712.655,0,stooq_json,2022-10-06T21:00:00+00:00,2026-03-07 14:18:40
gold_price_proxy,2022-10-07,1695.525,0,stooq_json,2022-10-07T21:00:00+00:00,2026-03-07 14:18:40
gold_price_proxy,2022-10-10,1668.145,0,stooq_json,2022-10-10T21:00:00+00:00,2026-03-07 14:18:40
gold_price_proxy,2022-10-11,1666.265,0,stooq_json,2022-10-11T21:00:00+00:00,2026-03-07 14:18:40
gold_price_proxy,2022-10-12,1673.255,0,stooq_json,2022-10-12T21:00:00+00:00,2026-03-07 14:18:40
gold_price_proxy,2022-10-13,1666.265,0,stooq_json,2022-10-13T21:00:00+00:00,2026-03-07 14:18:40
gold_price_proxy,2022-10-14,1642.845,0,stooq_json,2022-10-14T21:00:00+00:00,2026-03-07 14:18:40
gold_price_proxy,2022-10-17,1650.765,0,stooq_json,2022-10-17T21:00:00+00:00,2026-03-07 14:18:40
gold_price_proxy,2022-10-18,1652.085,0,stooq_json,2022-10-18T21:00:00+00:00,2026-03-07 14:18:40
gold_price_proxy,2022-10-19,1629.155,0,stooq_json,2022-10-19T21:00:00+00:00,2026-03-07 14:18:40
gold_price_proxy,2022-10-20,1628.265,0,stooq_json,2022-10-20T21:00:00+00:00,2026-03-07 14:18:40
gold_price_proxy,2022-10-21,1655.175,0,stooq_json,2022-10-21T21:00:00+00:00,2026-03-07 14:18:40
gold_price_proxy,2022-10-24,1649.405,0,stooq_json,2022-10-24T21:00:00+00:00,2026-03-07 14:18:40
gold_price_proxy,2022-10-25,1653.155,0,stooq_json,2022-10-25T21:00:00+00:00,2026-03-07 14:18:40
gold_price_proxy,2022-10-26,1664.835,0,stooq_json,2022-10-26T21:00:00+00:00,2026-03-07 14:18:40
gold_price_proxy,2022-10-27,1663.455,0,stooq_json,2022-10-27T21:00:00+00:00,2026-03-07 14:18:40
gold_price_proxy,2022-10-28,1645.245,0,stooq_json,2022-10-28T21:00:00+00:00,2026-03-07 14:18:40
gold_price_proxy,2022-10-31,1632.755,0,stooq_json,2022-10-31T21:00:00+00:00,2026-03-07 14:18:40
gold_price_proxy,2022-11-01,1648.3,0,stooq_json,2022-11-01T21:00:00+00:00,2026-03-07 14:18:40
gold_price_proxy,2022-11-02,1634.175,0,stooq_json,2022-11-02T21:00:00+00:00,2026-03-07 14:18:40
gold_price_proxy,2022-11-03,1630.325,0,stooq_json,2022-11-03T21:00:00+00:00,2026-03-07 14:18:40
gold_price_proxy,2022-11-04,1681.4,0,stooq_json,2022-11-04T21:00:00+00:00,2026-03-07 14:18:40
gold_price_proxy,2022-11-07,1675.385,0,stooq_json,2022-11-07T21:00:00+00:00,2026-03-07 14:18:40
gold_price_proxy,2022-11-08,1712.375,0,stooq_json,2022-11-08T21:00:00+00:00,2026-03-07 14:18:40
gold_price_proxy,2022-11-09,1707.035,0,stooq_json,2022-11-09T21:00:00+00:00,2026-03-07 14:18:40
gold_price_proxy,2022-11-10,1755.575,0,stooq_json,2022-11-10T21:00:00+00:00,2026-03-07 14:18:40
gold_price_proxy,2022-11-11,1767.865,0,stooq_json,2022-11-11T21:00:00+00:00,2026-03-07 14:18:40
gold_price_proxy,2022-11-14,1771.305,0,stooq_json,2022-11-14T21:00:00+00:00,2026-03-07 14:18:40
gold_price_proxy,2022-11-15,1778.815,0,stooq_json,2022-11-15T21:00:00+00:00,2026-03-07 14:18:40
gold_price_proxy,2022-11-16,1773.865,0,stooq_json,2022-11-16T21:00:00+00:00,2026-03-07 14:18:40
gold_price_proxy,2022-11-17,1760.275,0,stooq_json,2022-11-17T21:00:00+00:00,2026-03-07 14:18:40
gold_price_proxy,2022-11-18,1748.775,0,stooq_json,2022-11-18T21:00:00+00:00,2026-03-07 14:18:40
gold_price_proxy,2022-11-21,1737.905,0,stooq_json,2022-11-21T21:00:00+00:00,2026-03-07 14:18:40
gold_price_proxy,2022-11-22,1740.115,0,stooq_json,2022-11-22T21:00:00+00:00,2026-03-07 14:18:40
gold_price_proxy,2022-11-23,1749.585,0,stooq_json,2022-11-23T21:00:00+00:00,2026-03-07 14:18:40
gold_price_proxy,2022-11-24,1755.435,0,stooq_json,2022-11-24T21:00:00+00:00,2026-03-07 14:18:40
gold_price_proxy,2022-11-25,1754.625,0,stooq_json,2022-11-25T21:00:00+00:00,2026-03-07 14:18:40
gold_price_proxy,2022-11-28,1741.685,0,stooq_json,2022-11-28T21:00:00+00:00,2026-03-07 14:18:40
gold_price_proxy,2022-11-29,1749.795,0,stooq_json,2022-11-29T21:00:00+00:00,2026-03-07 14:18:40
gold_price_proxy,2022-11-30,1768.615,0,stooq_json,2022-11-30T21:00:00+00:00,2026-03-07 14:18:40
gold_price_proxy,2022-12-01,1802.935,0,stooq_json,2022-12-01T21:00:00+00:00,2026-03-07 14:18:40
gold_price_proxy,2022-12-02,1797.56,0,stooq_json,2022-12-02T21:00:00+00:00,2026-03-07 14:18:40
gold_price_proxy,2022-12-05,1768.77,0,stooq_json,2022-12-05T21:00:00+00:00,2026-03-07 14:18:40
gold_price_proxy,2022-12-06,1771.09,0,stooq_json,2022-12-06T21:00:00+00:00,2026-03-07 14:18:40
gold_price_proxy,2022-12-07,1786.13,0,stooq_json,2022-12-07T21:00:00+00:00,2026-03-07 14:18:40
gold_price_proxy,2022-12-08,1789.09,0,stooq_json,2022-12-08T21:00:00+00:00,2026-03-07 14:18:40
gold_price_proxy,2022-12-09,1795.12,0,stooq_json,2022-12-09T21:00:00+00:00,2026-03-07 14:18:40
gold_price_proxy,2022-12-12,1781.41,0,stooq_json,2022-12-12T21:00:00+00:00,2026-03-07 14:18:40
gold_price_proxy,2022-12-13,1810.61,0,stooq_json,2022-12-13T21:00:00+00:00,2026-03-07 14:18:40
gold_price_proxy,2022-12-14,1807.42,0,stooq_json,2022-12-14T21:00:00+00:00,2026-03-07 14:18:40
gold_price_proxy,2022-12-15,1776.9,0,stooq_json,2022-12-15T21:00:00+00:00,2026-03-07 14:18:40
gold_price_proxy,2022-12-16,1792.2,0,stooq_json,2022-12-16T21:00:00+00:00,2026-03-07 14:18:40
gold_price_proxy,2022-12-19,1787.75,0,stooq_json,2022-12-19T21:00:00+00:00,2026-03-07 14:18:40
gold_price_proxy,2022-12-20,1817.83,0,stooq_json,2022-12-20T21:00:00+00:00,2026-03-07 14:18:40
gold_price_proxy,2022-12-21,1814.37,0,stooq_json,2022-12-21T21:00:00+00:00,2026-03-07 14:18:40
gold_price_proxy,2022-12-22,1792.45,0,stooq_json,2022-12-22T21:00:00+00:00,2026-03-07 14:18:40
gold_price_proxy,2022-12-23,1797.69,0,stooq_json,2022-12-23T21:00:00+00:00,2026-03-07 14:18:40
gold_price_proxy,2022-12-27,1813.63,0,stooq_json,2022-12-27T21:00:00+00:00,2026-03-07 14:18:40
gold_price_proxy,2022-12-28,1804.35,0,stooq_json,2022-12-28T21:00:00+00:00,2026-03-07 14:18:40
gold_price_proxy,2022-12-29,1815.02,0,stooq_json,2022-12-29T21:00:00+00:00,2026-03-07 14:18:40
gold_price_proxy,2022-12-30,1823.48,0,stooq_json,2022-12-30T21:00:00+00:00,2026-03-07 14:18:40
gold_price_proxy,2023-01-03,1839.54,0,stooq_json,2023-01-03T21:00:00+00:00,2026-03-07 14:18:40
gold_price_proxy,2023-01-04,1854.66,0,stooq_json,2023-01-04T21:00:00+00:00,2026-03-07 14:18:40
gold_price_proxy,2023-01-05,1832.96,0,stooq_json,2023-01-05T21:00:00+00:00,2026-03-07 14:18:40
gold_price_proxy,2023-01-06,1867.01,0,stooq_json,2023-01-06T21:00:00+00:00,2026-03-07 14:18:40
gold_price_proxy,2023-01-09,1871.78,0,stooq_json,2023-01-09T21:00:00+00:00,2026-03-07 14:18:40
gold_price_proxy,2023-01-10,1876.96,0,stooq_json,2023-01-10T21:00:00+00:00,2026-03-07 14:18:40
gold_price_proxy,2023-01-11,1875.65,0,stooq_json,2023-01-11T21:00:00+00:00,2026-03-07 14:18:40
gold_price_proxy,2023-01-12,1896.87,0,stooq_json,2023-01-12T21:00:00+00:00,2026-03-07 14:18:40
gold_price_proxy,2023-01-13,1920.74,0,stooq_json,2023-01-13T21:00:00+00:00,2026-03-07 14:18:40
gold_price_proxy,2023-01-16,1915.74,0,stooq_json,2023-01-16T21:00:00+00:00,2026-03-07 14:18:40
gold_price_proxy,2023-01-17,1908.67,0,stooq_json,2023-01-17T21:00:00+00:00,2026-03-07 14:18:40
gold_price_proxy,2023-01-18,1904.34,0,stooq_json,2023-01-18T21:00:00+00:00,2026-03-07 14:18:40
gold_price_proxy,2023-01-19,1932.17,0,stooq_json,2023-01-19T21:00:00+00:00,2026-03-07 14:18:40
gold_price_proxy,2023-01-20,1927.27,0,stooq_json,2023-01-20T21:00:00+00:00,2026-03-07 14:18:40
gold_price_proxy,2023-01-23,1931.02,0,stooq_json,2023-01-23T21:00:00+00:00,2026-03-07 14:18:40
gold_price_proxy,2023-01-24,1937.3,0,stooq_json,2023-01-24T21:00:00+00:00,2026-03-07 14:18:40
gold_price_proxy,2023-01-25,1946.27,0,stooq_json,2023-01-25T21:00:00+00:00,2026-03-07 14:18:40
gold_price_proxy,2023-01-26,1929.18,0,stooq_json,2023-01-26T21:00:00+00:00,2026-03-07 14:18:40
gold_price_proxy,2023-01-27,1926.56,0,stooq_json,2023-01-27T21:00:00+00:00,2026-03-07 14:18:40
gold_price_proxy,2023-01-30,1923.22,0,stooq_json,2023-01-30T21:00:00+00:00,2026-03-07 14:18:40
gold_price_proxy,2023-01-31,1928.28,0,stooq_json,2023-01-31T21:00:00+00:00,2026-03-07 14:18:40
gold_price_proxy,2023-02-01,1950.18,0,stooq_json,2023-02-01T21:00:00+00:00,2026-03-07 14:18:40
gold_price_proxy,2023-02-02,1912.64,0,stooq_json,2023-02-02T21:00:00+00:00,2026-03-07 14:18:40
gold_price_proxy,2023-02-03,1864.85,0,stooq_json,2023-02-03T21:00:00+00:00,2026-03-07 14:18:40
gold_price_proxy,2023-02-06,1867.69,0,stooq_json,2023-02-06T21:00:00+00:00,2026-03-07 14:18:40
gold_price_proxy,2023-02-07,1873.72,0,stooq_json,2023-02-07T21:00:00+00:00,2026-03-07 14:18:40
gold_price_proxy,2023-02-08,1875.55,0,stooq_json,2023-02-08T21:00:00+00:00,2026-03-07 14:18:40
gold_price_proxy,2023-02-09,1861.7,0,stooq_json,2023-02-09T21:00:00+00:00,2026-03-07 14:18:40
gold_price_proxy,2023-02-10,1864.2,0,stooq_json,2023-02-10T21:00:00+00:00,2026-03-07 14:18:40
gold_price_proxy,2023-02-13,1853.45,0,stooq_json,2023-02-13T21:00:00+00:00,2026-03-07 14:18:40
gold_price_proxy,2023-02-14,1854.46,0,stooq_json,2023-02-14T21:00:00+00:00,2026-03-07 14:18:40
gold_price_proxy,2023-02-15,1835.91,0,stooq_json,2023-02-15T21:00:00+00:00,2026-03-07 14:18:40
gold_price_proxy,2023-02-16,1836.5,0,stooq_json,2023-02-16T21:00:00+00:00,2026-03-07 14:18:40
gold_price_proxy,2023-02-17,1841.93,0,stooq_json,2023-02-17T21:00:00+00:00,2026-03-07 14:18:40
gold_price_proxy,2023-02-20,1841.295,0,stooq_json,2023-02-20T21:00:00+00:00,2026-03-07 14:18:40
gold_price_proxy,2023-02-21,1835.01,0,stooq_json,2023-02-21T21:00:00+00:00,2026-03-07 14:18:40
gold_price_proxy,2023-02-22,1825.26,0,stooq_json,2023-02-22T21:00:00+00:00,2026-03-07 14:18:40
gold_price_proxy,2023-02-23,1822.37,0,stooq_json,2023-02-23T21:00:00+00:00,2026-03-07 14:18:40
gold_price_proxy,2023-02-24,1810.98,0,stooq_json,2023-02-24T21:00:00+00:00,2026-03-07 14:18:40
gold_price_proxy,2023-02-27,1817.31,0,stooq_json,2023-02-27T21:00:00+00:00,2026-03-07 14:18:40
gold_price_proxy,2023-02-28,1826.8,0,stooq_json,2023-02-28T21:00:00+00:00,2026-03-07 14:18:40
gold_price_proxy,2023-03-01,1836.705,0,stooq_json,2023-03-01T21:00:00+00:00,2026-03-07 14:18:40
gold_price_proxy,2023-03-02,1835.75,0,stooq_json,2023-03-02T21:00:00+00:00,2026-03-07 14:18:40
gold_price_proxy,2023-03-03,1855.24,0,stooq_json,2023-03-03T21:00:00+00:00,2026-03-07 14:18:40
gold_price_proxy,2023-03-06,1846.76,0,stooq_json,2023-03-06T21:00:00+00:00,2026-03-07 14:18:40
gold_price_proxy,2023-03-07,1813.23,0,stooq_json,2023-03-07T21:00:00+00:00,2026-03-07 14:18:40
gold_price_proxy,2023-03-08,1813.82,0,stooq_json,2023-03-08T21:00:00+00:00,2026-03-07 14:18:40
gold_price_proxy,2023-03-09,1830.86,0,stooq_json,2023-03-09T21:00:00+00:00,2026-03-07 14:18:40
gold_price_proxy,2023-03-10,1869.9,0,stooq_json,2023-03-10T21:00:00+00:00,2026-03-07 14:18:40
gold_price_proxy,2023-03-13,1910.27,0,stooq_json,2023-03-13T21:00:00+00:00,2026-03-07 14:18:40
gold_price_proxy,2023-03-14,1904.27,0,stooq_json,2023-03-14T21:00:00+00:00,2026-03-07 14:18:40
gold_price_proxy,2023-03-15,1920.35,0,stooq_json,2023-03-15T21:00:00+00:00,2026-03-07 14:18:40
gold_price_proxy,2023-03-16,1920.02,0,stooq_json,2023-03-16T21:00:00+00:00,2026-03-07 14:18:40
gold_price_proxy,2023-03-17,1989.33,0,stooq_json,2023-03-17T21:00:00+00:00,2026-03-07 14:18:40
gold_price_proxy,2023-03-20,1978.36,0,stooq_json,2023-03-20T21:00:00+00:00,2026-03-07 14:18:40
gold_price_proxy,2023-03-21,1941.18,0,stooq_json,2023-03-21T21:00:00+00:00,2026-03-07 14:18:40
gold_price_proxy,2023-03-22,1965.71,0,stooq_json,2023-03-22T21:00:00+00:00,2026-03-07 14:18:40
gold_price_proxy,2023-03-23,1992.03,0,stooq_json,2023-03-23T21:00:00+00:00,2026-03-07 14:18:40
gold_price_proxy,2023-03-24,1977.78,0,stooq_json,2023-03-24T21:00:00+00:00,2026-03-07 14:18:40
gold_price_proxy,2023-03-27,1956.52,0,stooq_json,2023-03-27T21:00:00+00:00,2026-03-07 14:18:40
gold_price_proxy,2023-03-28,1973.7,0,stooq_json,2023-03-28T21:00:00+00:00,2026-03-07 14:18:40
gold_price_proxy,2023-03-29,1964.52,0,stooq_json,2023-03-29T21:00:00+00:00,2026-03-07 14:18:40
gold_price_proxy,2023-03-30,1980.31,0,stooq_json,2023-03-30T21:00:00+00:00,2026-03-07 14:18:40
gold_price_proxy,2023-03-31,1970.8,0,stooq_json,2023-03-31T21:00:00+00:00,2026-03-07 14:18:40
gold_price_proxy,2023-04-03,1984.565,0,stooq_json,2023-04-03T21:00:00+00:00,2026-03-07 14:18:40
gold_price_proxy,2023-04-04,2020.665,0,stooq_json,2023-04-04T21:00:00+00:00,2026-03-07 14:18:40
gold_price_proxy,2023-04-05,2020.84,0,stooq_json,2023-04-05T21:00:00+00:00,2026-03-07 14:18:40
gold_price_proxy,2023-04-06,2007.465,0,stooq_json,2023-04-06T21:00:00+00:00,2026-03-07 14:18:40
gold_price_proxy,2023-04-10,1991.35,0,stooq_json,2023-04-10T21:00:00+00:00,2026-03-07 14:18:40
gold_price_proxy,2023-04-11,2003.62,0,stooq_json,2023-04-11T21:00:00+00:00,2026-03-07 14:18:40
gold_price_proxy,2023-04-12,2014.94,0,stooq_json,2023-04-12T21:00:00+00:00,2026-03-07 14:18:40
gold_price_proxy,2023-04-13,2040.15,0,stooq_json,2023-04-13T21:00:00+00:00,2026-03-07 14:18:40
gold_price_proxy,2023-04-14,2005.45,0,stooq_json,2023-04-14T21:00:00+00:00,2026-03-07 14:18:40
gold_price_proxy,2023-04-17,1995.16,0,stooq_json,2023-04-17T21:00:00+00:00,2026-03-07 14:18:40
gold_price_proxy,2023-04-18,2005.28,0,stooq_json,2023-04-18T21:00:00+00:00,2026-03-07 14:18:40
gold_price_proxy,2023-04-19,1994.79,0,stooq_json,2023-04-19T21:00:00+00:00,2026-03-07 14:18:40
gold_price_proxy,2023-04-20,2004.82,0,stooq_json,2023-04-20T21:00:00+00:00,2026-03-07 14:18:40
gold_price_proxy,2023-04-21,1982.78,0,stooq_json,2023-04-21T21:00:00+00:00,2026-03-07 14:18:40
gold_price_proxy,2023-04-24,1989.1,0,stooq_json,2023-04-24T21:00:00+00:00,2026-03-07 14:18:40
gold_price_proxy,2023-04-25,1997.13,0,stooq_json,2023-04-25T21:00:00+00:00,2026-03-07 14:18:40
gold_price_proxy,2023-04-26,1989.46,0,stooq_json,2023-04-26T21:00:00+00:00,2026-03-07 14:18:40
gold_price_proxy,2023-04-27,1987.85,0,stooq_json,2023-04-27T21:00:00+00:00,2026-03-07 14:18:40
gold_price_proxy,2023-04-28,1989.27,0,stooq_json,2023-04-28T21:00:00+00:00,2026-03-07 14:18:40
gold_price_proxy,2023-05-01,1982.48,0,stooq_json,2023-05-01T21:00:00+00:00,2026-03-07 14:18:40
gold_price_proxy,2023-05-02,2016.7,0,stooq_json,2023-05-02T21:00:00+00:00,2026-03-07 14:18:40
gold_price_proxy,2023-05-03,2038.64,0,stooq_json,2023-05-03T21:00:00+00:00,2026-03-07 14:18:40
gold_price_proxy,2023-05-04,2050.19,0,stooq_json,2023-05-04T21:00:00+00:00,2026-03-07 14:18:40
gold_price_proxy,2023-05-05,2018.0,0,stooq_json,2023-05-05T21:00:00+00:00,2026-03-07 14:18:40
gold_price_proxy,2023-05-08,2021.49,0,stooq_json,2023-05-08T21:00:00+00:00,2026-03-07 14:18:40
gold_price_proxy,2023-05-09,2034.56,0,stooq_json,2023-05-09T21:00:00+00:00,2026-03-07 14:18:40
gold_price_proxy,2023-05-10,2030.185,0,stooq_json,2023-05-10T21:00:00+00:00,2026-03-07 14:18:40
gold_price_proxy,2023-05-11,2015.12,0,stooq_json,2023-05-11T21:00:00+00:00,2026-03-07 14:18:40
gold_price_proxy,2023-05-12,2011.06,0,stooq_json,2023-05-12T21:00:00+00:00,2026-03-07 14:18:40
gold_price_proxy,2023-05-15,2016.46,0,stooq_json,2023-05-15T21:00:00+00:00,2026-03-07 14:18:40
gold_price_proxy,2023-05-16,1988.92,0,stooq_json,2023-05-16T21:00:00+00:00,2026-03-07 14:18:40
gold_price_proxy,2023-05-17,1981.57,0,stooq_json,2023-05-17T21:00:00+00:00,2026-03-07 14:18:40
gold_price_proxy,2023-05-18,1957.53,0,stooq_json,2023-05-18T21:00:00+00:00,2026-03-07 14:18:40
gold_price_proxy,2023-05-19,1976.33,0,stooq_json,2023-05-19T21:00:00+00:00,2026-03-07 14:18:40
gold_price_proxy,2023-05-22,1971.82,0,stooq_json,2023-05-22T21:00:00+00:00,2026-03-07 14:18:40
gold_price_proxy,2023-05-23,1975.03,0,stooq_json,2023-05-23T21:00:00+00:00,2026-03-07 14:18:40
gold_price_proxy,2023-05-24,1957.36,0,stooq_json,2023-05-24T21:00:00+00:00,2026-03-07 14:18:40
gold_price_proxy,2023-05-25,1940.86,0,stooq_json,2023-05-25T21:00:00+00:00,2026-03-07 14:18:40
gold_price_proxy,2023-05-26,1947.59,0,stooq_json,2023-05-26T21:00:00+00:00,2026-03-07 14:18:40
gold_price_proxy,2023-05-29,1943.385,0,stooq_json,2023-05-29T21:00:00+00:00,2026-03-07 14:18:40
gold_price_proxy,2023-05-30,1959.43,0,stooq_json,2023-05-30T21:00:00+00:00,2026-03-07 14:18:40
gold_price_proxy,2023-05-31,1962.93,0,stooq_json,2023-05-31T21:00:00+00:00,2026-03-07 14:18:40
gold_price_proxy,2023-06-01,1977.58,0,stooq_json,2023-06-01T21:00:00+00:00,2026-03-07 14:18:40
gold_price_proxy,2023-06-02,1948.75,0,stooq_json,2023-06-02T21:00:00+00:00,2026-03-07 14:18:40
gold_price_proxy,2023-06-05,1961.89,0,stooq_json,2023-06-05T21:00:00+00:00,2026-03-07 14:18:40
gold_price_proxy,2023-06-06,1963.36,0,stooq_json,2023-06-06T21:00:00+00:00,2026-03-07 14:18:40
gold_price_proxy,2023-06-07,1940.01,0,stooq_json,2023-06-07T21:00:00+00:00,2026-03-07 14:18:40
gold_price_proxy,2023-06-08,1965.7,0,stooq_json,2023-06-08T21:00:00+00:00,2026-03-07 14:18:40
gold_price_proxy,2023-06-09,1960.04,0,stooq_json,2023-06-09T21:00:00+00:00,2026-03-07 14:18:40
gold_price_proxy,2023-06-12,1957.49,0,stooq_json,2023-06-12T21:00:00+00:00,2026-03-07 14:18:40
gold_price_proxy,2023-06-13,1943.6,0,stooq_json,2023-06-13T21:00:00+00:00,2026-03-07 14:18:40
gold_price_proxy,2023-06-14,1941.97,0,stooq_json,2023-06-14T21:00:00+00:00,2026-03-07 14:18:40
gold_price_proxy,2023-06-15,1958.045,0,stooq_json,2023-06-15T21:00:00+00:00,2026-03-07 14:18:40
gold_price_proxy,2023-06-16,1955.66,0,stooq_json,2023-06-16T21:00:00+00:00,2026-03-07 14:18:40
gold_price_proxy,2023-06-19,1950.35,0,stooq_json,2023-06-19T21:00:00+00:00,2026-03-07 14:18:40
gold_price_proxy,2023-06-20,1936.325,0,stooq_json,2023-06-20T21:00:00+00:00,2026-03-07 14:18:40
gold_price_proxy,2023-06-21,1932.7,0,stooq_json,2023-06-21T21:00:00+00:00,2026-03-07 14:18:40
gold_price_proxy,2023-06-22,1913.77,0,stooq_json,2023-06-22T21:00:00+00:00,2026-03-07 14:18:40
gold_price_proxy,2023-06-23,1919.15,0,stooq_json,2023-06-23T21:00:00+00:00,2026-03-07 14:18:40
gold_price_proxy,2023-06-26,1923.145,0,stooq_json,2023-06-26T21:00:00+00:00,2026-03-07 14:18:40
gold_price_proxy,2023-06-27,1913.765,0,stooq_json,2023-06-27T21:00:00+00:00,2026-03-07 14:18:40
gold_price_proxy,2023-06-28,1907.425,0,stooq_json,2023-06-28T21:00:00+00:00,2026-03-07 14:18:40
gold_price_proxy,2023-06-29,1908.235,0,stooq_json,2023-06-29T21:00:00+00:00,2026-03-07 14:18:40
gold_price_proxy,2023-06-30,1920.185,0,stooq_json,2023-06-30T21:00:00+00:00,2026-03-07 14:18:40
gold_price_proxy,2023-07-03,1921.59,0,stooq_json,2023-07-03T21:00:00+00:00,2026-03-07 14:18:40
gold_price_proxy,2023-07-04,1925.895,0,stooq_json,2023-07-04T21:00:00+00:00,2026-03-07 14:18:40
gold_price_proxy,2023-07-05,1915.235,0,stooq_json,2023-07-05T21:00:00+00:00,2026-03-07 14:18:40
gold_price_proxy,2023-07-06,1910.925,0,stooq_json,2023-07-06T21:00:00+00:00,2026-03-07 14:18:40
gold_price_proxy,2023-07-07,1924.845,0,stooq_json,2023-07-07T21:00:00+00:00,2026-03-07 14:18:40
gold_price_proxy,2023-07-10,1925.345,0,stooq_json,2023-07-10T21:00:00+00:00,2026-03-07 14:18:40
gold_price_proxy,2023-07-11,1932.225,0,stooq_json,2023-07-11T21:00:00+00:00,2026-03-07 14:18:40
gold_price_proxy,2023-07-12,1957.425,0,stooq_json,2023-07-12T21:00:00+00:00,2026-03-07 14:18:40
gold_price_proxy,2023-07-13,1960.475,0,stooq_json,2023-07-13T21:00:00+00:00,2026-03-07 14:18:40
gold_price_proxy,2023-07-14,1954.535,0,stooq_json,2023-07-14T21:00:00+00:00,2026-03-07 14:18:40
gold_price_proxy,2023-07-17,1954.935,0,stooq_json,2023-07-17T21:00:00+00:00,2026-03-07 14:18:40
gold_price_proxy,2023-07-18,1978.805,0,stooq_json,2023-07-18T21:00:00+00:00,2026-03-07 14:18:40
gold_price_proxy,2023-07-19,1977.01,0,stooq_json,2023-07-19T21:00:00+00:00,2026-03-07 14:18:40
gold_price_proxy,2023-07-20,1969.53,0,stooq_json,2023-07-20T21:00:00+00:00,2026-03-07 14:18:40
gold_price_proxy,2023-07-21,1962.5,0,stooq_json,2023-07-21T21:00:00+00:00,2026-03-07 14:18:40
gold_price_proxy,2023-07-24,1954.855,0,stooq_json,2023-07-24T21:00:00+00:00,2026-03-07 14:18:40
gold_price_proxy,2023-07-25,1965.015,0,stooq_json,2023-07-25T21:00:00+00:00,2026-03-07 14:18:40
gold_price_proxy,2023-07-26,1972.295,0,stooq_json,2023-07-26T21:00:00+00:00,2026-03-07 14:18:40
gold_price_proxy,2023-07-27,1945.645,0,stooq_json,2023-07-27T21:00:00+00:00,2026-03-07 14:18:40
gold_price_proxy,2023-07-28,1959.135,0,stooq_json,2023-07-28T21:00:00+00:00,2026-03-07 14:18:40
gold_price_proxy,2023-07-31,1965.575,0,stooq_json,2023-07-31T21:00:00+00:00,2026-03-07 14:18:40
gold_price_proxy,2023-08-01,1944.175,0,stooq_json,2023-08-01T21:00:00+00:00,2026-03-07 14:18:40
gold_price_proxy,2023-08-02,1934.895,0,stooq_json,2023-08-02T21:00:00+00:00,2026-03-07 14:18:40
gold_price_proxy,2023-08-03,1934.165,0,stooq_json,2023-08-03T21:00:00+00:00,2026-03-07 14:18:40
gold_price_proxy,2023-08-04,1941.515,0,stooq_json,2023-08-04T21:00:00+00:00,2026-03-07 14:18:40
gold_price_proxy,2023-08-07,1936.645,0,stooq_json,2023-08-07T21:00:00+00:00,2026-03-07 14:18:40
gold_price_proxy,2023-08-08,1925.305,0,stooq_json,2023-08-08T21:00:00+00:00,2026-03-07 14:18:40
gold_price_proxy,2023-08-09,1914.785,0,stooq_json,2023-08-09T21:00:00+00:00,2026-03-07 14:18:40
gold_price_proxy,2023-08-10,1912.375,0,stooq_json,2023-08-10T21:00:00+00:00,2026-03-07 14:18:40
gold_price_proxy,2023-08-11,1913.705,0,stooq_json,2023-08-11T21:00:00+00:00,2026-03-07 14:18:40
gold_price_proxy,2023-08-14,1907.495,0,stooq_json,2023-08-14T21:00:00+00:00,2026-03-07 14:18:40
gold_price_proxy,2023-08-15,1901.985,0,stooq_json,2023-08-15T21:00:00+00:00,2026-03-07 14:18:40
gold_price_proxy,2023-08-16,1892.12,0,stooq_json,2023-08-16T21:00:00+00:00,2026-03-07 14:18:40
gold_price_proxy,2023-08-17,1889.38,0,stooq_json,2023-08-17T21:00:00+00:00,2026-03-07 14:18:40
gold_price_proxy,2023-08-18,1889.48,0,stooq_json,2023-08-18T21:00:00+00:00,2026-03-07 14:18:40
gold_price_proxy,2023-08-21,1894.68,0,stooq_json,2023-08-21T21:00:00+00:00,2026-03-07 14:18:40
gold_price_proxy,2023-08-22,1897.45,0,stooq_json,2023-08-22T21:00:00+00:00,2026-03-07 14:18:40
gold_price_proxy,2023-08-23,1915.605,0,stooq_json,2023-08-23T21:00:00+00:00,2026-03-07 14:18:40
gold_price_proxy,2023-08-24,1916.83,0,stooq_json,2023-08-24T21:00:00+00:00,2026-03-07 14:18:40
gold_price_proxy,2023-08-25,1914.355,0,stooq_json,2023-08-25T21:00:00+00:00,2026-03-07 14:18:40
gold_price_proxy,2023-08-28,1920.235,0,stooq_json,2023-08-28T21:00:00+00:00,2026-03-07 14:18:40
gold_price_proxy,2023-08-29,1937.465,0,stooq_json,2023-08-29T21:00:00+00:00,2026-03-07 14:18:40
gold_price_proxy,2023-08-30,1942.58,0,stooq_json,2023-08-30T21:00:00+00:00,2026-03-07 14:18:40
gold_price_proxy,2023-08-31,1940.095,0,stooq_json,2023-08-31T21:00:00+00:00,2026-03-07 14:18:40
gold_price_proxy,2023-09-01,1940.585,0,stooq_json,2023-09-01T21:00:00+00:00,2026-03-07 14:18:40
gold_price_proxy,2023-09-04,1938.355,0,stooq_json,2023-09-04T21:00:00+00:00,2026-03-07 14:18:40
gold_price_proxy,2023-09-05,1926.115,0,stooq_json,2023-09-05T21:00:00+00:00,2026-03-07 14:18:40
gold_price_proxy,2023-09-06,1916.565,0,stooq_json,2023-09-06T21:00:00+00:00,2026-03-07 14:18:40
gold_price_proxy,2023-09-07,1919.705,0,stooq_json,2023-09-07T21:00:00+00:00,2026-03-07 14:18:40
gold_price_proxy,2023-09-08,1919.255,0,stooq_json,2023-09-08T21:00:00+00:00,2026-03-07 14:18:40
gold_price_proxy,2023-09-11,1922.415,0,stooq_json,2023-09-11T21:00:00+00:00,2026-03-07 14:18:40
gold_price_proxy,2023-09-12,1913.425,0,stooq_json,2023-09-12T21:00:00+00:00,2026-03-07 14:18:40
gold_price_proxy,2023-09-13,1908.245,0,stooq_json,2023-09-13T21:00:00+00:00,2026-03-07 14:18:40
gold_price_proxy,2023-09-14,1910.635,0,stooq_json,2023-09-14T21:00:00+00:00,2026-03-07 14:18:40
gold_price_proxy,2023-09-15,1922.505,0,stooq_json,2023-09-15T21:00:00+00:00,2026-03-07 14:18:40
gold_price_proxy,2023-09-18,1933.755,0,stooq_json,2023-09-18T21:00:00+00:00,2026-03-07 14:18:40
gold_price_proxy,2023-09-19,1931.435,0,stooq_json,2023-09-19T21:00:00+00:00,2026-03-07 14:18:40
gold_price_proxy,2023-09-20,1930.405,0,stooq_json,2023-09-20T21:00:00+00:00,2026-03-07 14:18:40
gold_price_proxy,2023-09-21,1920.11,0,stooq_json,2023-09-21T21:00:00+00:00,2026-03-07 14:18:40
gold_price_proxy,2023-09-22,1925.415,0,stooq_json,2023-09-22T21:00:00+00:00,2026-03-07 14:18:40
gold_price_proxy,2023-09-25,1915.995,0,stooq_json,2023-09-25T21:00:00+00:00,2026-03-07 14:18:40
gold_price_proxy,2023-09-26,1900.665,0,stooq_json,2023-09-26T21:00:00+00:00,2026-03-07 14:18:40
gold_price_proxy,2023-09-27,1875.06,0,stooq_json,2023-09-27T21:00:00+00:00,2026-03-07 14:18:40
gold_price_proxy,2023-09-28,1864.94,0,stooq_json,2023-09-28T21:00:00+00:00,2026-03-07 14:18:40
gold_price_proxy,2023-09-29,1848.49,0,stooq_json,2023-09-29T21:00:00+00:00,2026-03-07 14:18:40
gold_price_proxy,2023-10-02,1827.89,0,stooq_json,2023-10-02T21:00:00+00:00,2026-03-07 14:18:40
gold_price_proxy,2023-10-03,1822.975,0,stooq_json,2023-10-03T21:00:00+00:00,2026-03-07 14:18:40
gold_price_proxy,2023-10-04,1821.25,0,stooq_json,2023-10-04T21:00:00+00:00,2026-03-07 14:18:40
gold_price_proxy,2023-10-05,1820.255,0,stooq_json,2023-10-05T21:00:00+00:00,2026-03-07 14:18:40
gold_price_proxy,2023-10-06,1829.385,0,stooq_json,2023-10-06T21:00:00+00:00,2026-03-07 14:18:40
gold_price_proxy,2023-10-09,1861.505,0,stooq_json,2023-10-09T21:00:00+00:00,2026-03-07 14:18:40
gold_price_proxy,2023-10-10,1860.5,0,stooq_json,2023-10-10T21:00:00+00:00,2026-03-07 14:18:40
gold_price_proxy,2023-10-11,1874.35,0,stooq_json,2023-10-11T21:00:00+00:00,2026-03-07 14:18:40
gold_price_proxy,2023-10-12,1868.81,0,stooq_json,2023-10-12T21:00:00+00:00,2026-03-07 14:18:40
gold_price_proxy,2023-10-13,1928.23,0,stooq_json,2023-10-13T21:00:00+00:00,2026-03-07 14:18:40
gold_price_proxy,2023-10-16,1920.185,0,stooq_json,2023-10-16T21:00:00+00:00,2026-03-07 14:18:40
gold_price_proxy,2023-10-17,1923.145,0,stooq_json,2023-10-17T21:00:00+00:00,2026-03-07 14:18:40
gold_price_proxy,2023-10-18,1947.735,0,stooq_json,2023-10-18T21:00:00+00:00,2026-03-07 14:18:40
gold_price_proxy,2023-10-19,1974.385,0,stooq_json,2023-10-19T21:00:00+00:00,2026-03-07 14:18:40
gold_price_proxy,2023-10-20,1979.84,0,stooq_json,2023-10-20T21:00:00+00:00,2026-03-07 14:18:40
gold_price_proxy,2023-10-23,1972.85,0,stooq_json,2023-10-23T21:00:00+00:00,2026-03-07 14:18:40
gold_price_proxy,2023-10-24,1971.12,0,stooq_json,2023-10-24T21:00:00+00:00,2026-03-07 14:18:40
gold_price_proxy,2023-10-25,1979.565,0,stooq_json,2023-10-25T21:00:00+00:00,2026-03-07 14:18:40
gold_price_proxy,2023-10-26,1984.87,0,stooq_json,2023-10-26T21:00:00+00:00,2026-03-07 14:18:40
gold_price_proxy,2023-10-27,2007.33,0,stooq_json,2023-10-27T21:00:00+00:00,2026-03-07 14:18:40
gold_price_proxy,2023-10-30,1995.14,0,stooq_json,2023-10-30T21:00:00+00:00,2026-03-07 14:18:40
gold_price_proxy,2023-10-31,1984.69,0,stooq_json,2023-10-31T21:00:00+00:00,2026-03-07 14:18:40
gold_price_proxy,2023-11-01,1983.925,0,stooq_json,2023-11-01T21:00:00+00:00,2026-03-07 14:18:40
gold_price_proxy,2023-11-02,1985.0,0,stooq_json,2023-11-02T21:00:00+00:00,2026-03-07 14:18:40
gold_price_proxy,2023-11-03,1992.57,0,stooq_json,2023-11-03T21:00:00+00:00,2026-03-07 14:18:40
gold_price_proxy,2023-11-06,1977.99,0,stooq_json,2023-11-06T21:00:00+00:00,2026-03-07 14:18:40
gold_price_proxy,2023-11-07,1969.13,0,stooq_json,2023-11-07T21:00:00+00:00,2026-03-07 14:18:40
gold_price_proxy,2023-11-08,1950.28,0,stooq_json,2023-11-08T21:00:00+00:00,2026-03-07 14:18:40
gold_price_proxy,2023-11-09,1958.435,0,stooq_json,2023-11-09T21:00:00+00:00,2026-03-07 14:18:40
gold_price_proxy,2023-11-10,1936.025,0,stooq_json,2023-11-10T21:00:00+00:00,2026-03-07 14:18:40
gold_price_proxy,2023-11-13,1946.21,0,stooq_json,2023-11-13T21:00:00+00:00,2026-03-07 14:18:40
gold_price_proxy,2023-11-14,1963.125,0,stooq_json,2023-11-14T21:00:00+00:00,2026-03-07 14:18:40
gold_price_proxy,2023-11-15,1959.395,0,stooq_json,2023-11-15T21:00:00+00:00,2026-03-07 14:18:40
gold_price_proxy,2023-11-16,1981.27,0,stooq_json,2023-11-16T21:00:00+00:00,2026-03-07 14:18:40
gold_price_proxy,2023-11-17,1980.79,0,stooq_json,2023-11-17T21:00:00+00:00,2026-03-07 14:18:40
gold_price_proxy,2023-11-20,1978.015,0,stooq_json,2023-11-20T21:00:00+00:00,2026-03-07 14:18:40
gold_price_proxy,2023-11-21,1998.41,0,stooq_json,2023-11-21T21:00:00+00:00,2026-03-07 14:18:40
gold_price_proxy,2023-11-22,1989.9,0,stooq_json,2023-11-22T21:00:00+00:00,2026-03-07 14:18:40
gold_price_proxy,2023-11-23,1993.07,0,stooq_json,2023-11-23T21:00:00+00:00,2026-03-07 14:18:40
gold_price_proxy,2023-11-24,2002.445,0,stooq_json,2023-11-24T21:00:00+00:00,2026-03-07 14:18:40
gold_price_proxy,2023-11-27,2014.02,0,stooq_json,2023-11-27T21:00:00+00:00,2026-03-07 14:18:40
gold_price_proxy,2023-11-28,2040.95,0,stooq_json,2023-11-28T21:00:00+00:00,2026-03-07 14:18:40
gold_price_proxy,2023-11-29,2044.205,0,stooq_json,2023-11-29T21:00:00+00:00,2026-03-07 14:18:40
gold_price_proxy,2023-11-30,2036.195,0,stooq_json,2023-11-30T21:00:00+00:00,2026-03-07 14:18:40
gold_price_proxy,2023-12-01,2070.895,0,stooq_json,2023-12-01T21:00:00+00:00,2026-03-07 14:18:40
gold_price_proxy,2023-12-04,2029.42,0,stooq_json,2023-12-04T21:00:00+00:00,2026-03-07 14:18:40
gold_price_proxy,2023-12-05,2019.34,0,stooq_json,2023-12-05T21:00:00+00:00,2026-03-07 14:18:40
gold_price_proxy,2023-12-06,2025.4,0,stooq_json,2023-12-06T21:00:00+00:00,2026-03-07 14:18:40
gold_price_proxy,2023-12-07,2028.64,0,stooq_json,2023-12-07T21:00:00+00:00,2026-03-07 14:18:40
gold_price_proxy,2023-12-08,2002.82,0,stooq_json,2023-12-08T21:00:00+00:00,2026-03-07 14:18:40
gold_price_proxy,2023-12-11,1981.98,0,stooq_json,2023-12-11T21:00:00+00:00,2026-03-07 14:18:40
gold_price_proxy,2023-12-12,1979.47,0,stooq_json,2023-12-12T21:00:00+00:00,2026-03-07 14:18:40
gold_price_proxy,2023-12-13,2027.56,0,stooq_json,2023-12-13T21:00:00+00:00,2026-03-07 14:18:40
gold_price_proxy,2023-12-14,2036.38,0,stooq_json,2023-12-14T21:00:00+00:00,2026-03-07 14:18:40
gold_price_proxy,2023-12-15,2018.145,0,stooq_json,2023-12-15T21:00:00+00:00,2026-03-07 14:18:40
gold_price_proxy,2023-12-18,2027.29,0,stooq_json,2023-12-18T21:00:00+00:00,2026-03-07 14:18:40
gold_price_proxy,2023-12-19,2040.27,0,stooq_json,2023-12-19T21:00:00+00:00,2026-03-07 14:18:40
gold_price_proxy,2023-12-20,2031.275,0,stooq_json,2023-12-20T21:00:00+00:00,2026-03-07 14:18:40
gold_price_proxy,2023-12-21,2045.81,0,stooq_json,2023-12-21T21:00:00+00:00,2026-03-07 14:18:40
gold_price_proxy,2023-12-22,2053.335,0,stooq_json,2023-12-22T21:00:00+00:00,2026-03-07 14:18:40
gold_price_proxy,2023-12-26,2068.045,0,stooq_json,2023-12-26T21:00:00+00:00,2026-03-07 14:18:40
gold_price_proxy,2023-12-27,2077.675,0,stooq_json,2023-12-27T21:00:00+00:00,2026-03-07 14:18:40
gold_price_proxy,2023-12-28,2065.445,0,stooq_json,2023-12-28T21:00:00+00:00,2026-03-07 14:18:40
gold_price_proxy,2023-12-29,2063.235,0,stooq_json,2023-12-29T21:00:00+00:00,2026-03-07 14:18:40
gold_price_proxy,2024-01-02,2058.94,0,stooq_json,2024-01-02T21:00:00+00:00,2026-03-07 14:18:40
gold_price_proxy,2024-01-03,2041.45,0,stooq_json,2024-01-03T21:00:00+00:00,2026-03-07 14:18:40
gold_price_proxy,2024-01-04,2043.56,0,stooq_json,2024-01-04T21:00:00+00:00,2026-03-07 14:18:40
gold_price_proxy,2024-01-05,2043.805,0,stooq_json,2024-01-05T21:00:00+00:00,2026-03-07 14:18:40
gold_price_proxy,2024-01-08,2028.075,0,stooq_json,2024-01-08T21:00:00+00:00,2026-03-07 14:18:40
gold_price_proxy,2024-01-09,2030.21,0,stooq_json,2024-01-09T21:00:00+00:00,2026-03-07 14:18:40
gold_price_proxy,2024-01-10,2024.39,0,stooq_json,2024-01-10T21:00:00+00:00,2026-03-07 14:18:40
gold_price_proxy,2024-01-11,2028.995,0,stooq_json,2024-01-11T21:00:00+00:00,2026-03-07 14:18:40
gold_price_proxy,2024-01-12,2047.59,0,stooq_json,2024-01-12T21:00:00+00:00,2026-03-07 14:18:40
gold_price_proxy,2024-01-15,2054.815,0,stooq_json,2024-01-15T21:00:00+00:00,2026-03-07 14:18:40
gold_price_proxy,2024-01-16,2028.345,0,stooq_json,2024-01-16T21:00:00+00:00,2026-03-07 14:18:40
gold_price_proxy,2024-01-17,2006.26,0,stooq_json,2024-01-17T21:00:00+00:00,2026-03-07 14:18:40
gold_price_proxy,2024-01-18,2023.17,0,stooq_json,2024-01-18T21:00:00+00:00,2026-03-07 14:18:40
gold_price_proxy,2024-01-19,2028.52,0,stooq_json,2024-01-19T21:00:00+00:00,2026-03-07 14:18:40
gold_price_proxy,2024-01-22,2021.645,0,stooq_json,2024-01-22T21:00:00+00:00,2026-03-07 14:18:40
gold_price_proxy,2024-01-23,2029.26,0,stooq_json,2024-01-23T21:00:00+00:00,2026-03-07 14:18:40
gold_price_proxy,2024-01-24,2014.01,0,stooq_json,2024-01-24T21:00:00+00:00,2026-03-07 14:18:40
gold_price_proxy,2024-01-25,2020.88,0,stooq_json,2024-01-25T21:00:00+00:00,2026-03-07 14:18:40
gold_price_proxy,2024-01-26,2018.66,0,stooq_json,2024-01-26T21:00:00+00:00,2026-03-07 14:18:40
gold_price_proxy,2024-01-29,2032.865,0,stooq_json,2024-01-29T21:00:00+00:00,2026-03-07 14:18:40
gold_price_proxy,2024-01-30,2036.95,0,stooq_json,2024-01-30T21:00:00+00:00,2026-03-07 14:18:40
gold_price_proxy,2024-01-31,2039.57,0,stooq_json,2024-01-31T21:00:00+00:00,2026-03-07 14:18:40
gold_price_proxy,2024-02-01,2054.99,0,stooq_json,2024-02-01T21:00:00+00:00,2026-03-07 14:18:40
gold_price_proxy,2024-02-02,2036.135,0,stooq_json,2024-02-02T21:00:00+00:00,2026-03-07 14:18:40
gold_price_proxy,2024-02-05,2025.17,0,stooq_json,2024-02-05T21:00:00+00:00,2026-03-07 14:18:40
gold_price_proxy,2024-02-06,2036.05,0,stooq_json,2024-02-06T21:00:00+00:00,2026-03-07 14:18:40
gold_price_proxy,2024-02-07,2035.145,0,stooq_json,2024-02-07T21:00:00+00:00,2026-03-07 14:18:40
gold_price_proxy,2024-02-08,2034.48,0,stooq_json,2024-02-08T21:00:00+00:00,2026-03-07 14:18:40
gold_price_proxy,2024-02-09,2025.175,0,stooq_json,2024-02-09T21:00:00+00:00,2026-03-07 14:18:40
gold_price_proxy,2024-02-12,2020.035,0,stooq_json,2024-02-12T21:00:00+00:00,2026-03-07 14:18:40
gold_price_proxy,2024-02-13,1993.245,0,stooq_json,2024-02-13T21:00:00+00:00,2026-03-07 14:18:40
gold_price_proxy,2024-02-14,1992.35,0,stooq_json,2024-02-14T21:00:00+00:00,2026-03-07 14:18:40
gold_price_proxy,2024-02-15,2004.3,0,stooq_json,2024-02-15T21:00:00+00:00,2026-03-07 14:18:40
gold_price_proxy,2024-02-16,2012.03,0,stooq_json,2024-02-16T21:00:00+00:00,2026-03-07 14:18:40
gold_price_proxy,2024-02-19,2018.03,0,stooq_json,2024-02-19T21:00:00+00:00,2026-03-07 14:18:40
gold_price_proxy,2024-02-20,2024.335,0,stooq_json,2024-02-20T21:00:00+00:00,2026-03-07 14:18:40
gold_price_proxy,2024-02-21,2026.095,0,stooq_json,2024-02-21T21:00:00+00:00,2026-03-07 14:18:40
gold_price_proxy,2024-02-22,2024.45,0,stooq_json,2024-02-22T21:00:00+00:00,2026-03-07 14:18:40
gold_price_proxy,2024-02-23,2036.63,0,stooq_json,2024-02-23T21:00:00+00:00,2026-03-07 14:18:40
gold_price_proxy,2024-02-26,2031.215,0,stooq_json,2024-02-26T21:00:00+00:00,2026-03-07 14:18:40
gold_price_proxy,2024-02-27,2030.32,0,stooq_json,2024-02-27T21:00:00+00:00,2026-03-07 14:18:40
gold_price_proxy,2024-02-28,2034.52,0,stooq_json,2024-02-28T21:00:00+00:00,2026-03-07 14:18:40
gold_price_proxy,2024-02-29,2044.195,0,stooq_json,2024-02-29T21:00:00+00:00,2026-03-07 14:18:40
gold_price_proxy,2024-03-01,2083.595,0,stooq_json,2024-03-01T21:00:00+00:00,2026-03-07 14:18:40
gold_price_proxy,2024-03-04,2114.625,0,stooq_json,2024-03-04T21:00:00+00:00,2026-03-07 14:18:40
gold_price_proxy,2024-03-05,2127.75,0,stooq_json,2024-03-05T21:00:00+00:00,2026-03-07 14:18:40
gold_price_proxy,2024-03-06,2147.86,0,stooq_json,2024-03-06T21:00:00+00:00,2026-03-07 14:18:40
gold_price_proxy,2024-03-07,2160.115,0,stooq_json,2024-03-07T21:00:00+00:00,2026-03-07 14:18:40
gold_price_proxy,2024-03-08,2177.405,0,stooq_json,2024-03-08T21:00:00+00:00,2026-03-07 14:18:40
gold_price_proxy,2024-03-11,2181.395,0,stooq_json,2024-03-11T21:00:00+00:00,2026-03-07 14:18:40
gold_price_proxy,2024-03-12,2158.655,0,stooq_json,2024-03-12T21:00:00+00:00,2026-03-07 14:18:40
gold_price_proxy,2024-03-13,2174.705,0,stooq_json,2024-03-13T21:00:00+00:00,2026-03-07 14:18:40
gold_price_proxy,2024-03-14,2161.625,0,stooq_json,2024-03-14T21:00:00+00:00,2026-03-07 14:18:40
gold_price_proxy,2024-03-15,2156.065,0,stooq_json,2024-03-15T21:00:00+00:00,2026-03-07 14:18:40
gold_price_proxy,2024-03-18,2161.375,0,stooq_json,2024-03-18T21:00:00+00:00,2026-03-07 14:18:40
gold_price_proxy,2024-03-19,2158.795,0,stooq_json,2024-03-19T21:00:00+00:00,2026-03-07 14:18:40
gold_price_proxy,2024-03-20,2200.775,0,stooq_json,2024-03-20T21:00:00+00:00,2026-03-07 14:18:40
gold_price_proxy,2024-03-21,2181.355,0,stooq_json,2024-03-21T21:00:00+00:00,2026-03-07 14:18:40
gold_price_proxy,2024-03-22,2165.225,0,stooq_json,2024-03-22T21:00:00+00:00,2026-03-07 14:18:40
gold_price_proxy,2024-03-25,2172.085,0,stooq_json,2024-03-25T21:00:00+00:00,2026-03-07 14:18:40
gold_price_proxy,2024-03-26,2178.375,0,stooq_json,2024-03-26T21:00:00+00:00,2026-03-07 14:18:40
gold_price_proxy,2024-03-27,2192.355,0,stooq_json,2024-03-27T21:00:00+00:00,2026-03-07 14:18:40
gold_price_proxy,2024-03-28,2233.99,0,stooq_json,2024-03-28T21:00:00+00:00,2026-03-07 14:18:40
gold_price_proxy,2024-04-01,2251.9,0,stooq_json,2024-04-01T21:00:00+00:00,2026-03-07 14:18:40
gold_price_proxy,2024-04-02,2280.495,0,stooq_json,2024-04-02T21:00:00+00:00,2026-03-07 14:18:40
gold_price_proxy,2024-04-03,2300.44,0,stooq_json,2024-04-03T21:00:00+00:00,2026-03-07 14:18:40
gold_price_proxy,2024-04-04,2291.035,0,stooq_json,2024-04-04T21:00:00+00:00,2026-03-07 14:18:40
gold_price_proxy,2024-04-05,2323.585,0,stooq_json,2024-04-05T21:00:00+00:00,2026-03-07 14:18:40
gold_price_proxy,2024-04-08,2339.325,0,stooq_json,2024-04-08T21:00:00+00:00,2026-03-07 14:18:40
gold_price_proxy,2024-04-09,2352.95,0,stooq_json,2024-04-09T21:00:00+00:00,2026-03-07 14:18:40
gold_price_proxy,2024-04-10,2334.19,0,stooq_json,2024-04-10T21:00:00+00:00,2026-03-07 14:18:40
gold_price_proxy,2024-04-11,2372.55,0,stooq_json,2024-04-11T21:00:00+00:00,2026-03-07 14:18:40
gold_price_proxy,2024-04-12,2343.14,0,stooq_json,2024-04-12T21:00:00+00:00,2026-03-07 14:18:40
gold_price_proxy,2024-04-15,2383.225,0,stooq_json,2024-04-15T21:00:00+00:00,2026-03-07 14:18:40
gold_price_proxy,2024-04-16,2382.58,0,stooq_json,2024-04-16T21:00:00+00:00,2026-03-07 14:18:40
gold_price_proxy,2024-04-17,2360.38,0,stooq_json,2024-04-17T21:00:00+00:00,2026-03-07 14:18:40
gold_price_proxy,2024-04-18,2379.305,0,stooq_json,2024-04-18T21:00:00+00:00,2026-03-07 14:18:40
gold_price_proxy,2024-04-19,2387.69,0,stooq_json,2024-04-19T21:00:00+00:00,2026-03-07 14:18:40
gold_price_proxy,2024-04-22,2327.075,0,stooq_json,2024-04-22T21:00:00+00:00,2026-03-07 14:18:40
gold_price_proxy,2024-04-23,2322.02,0,stooq_json,2024-04-23T21:00:00+00:00,2026-03-07 14:18:40
gold_price_proxy,2024-04-24,2316.11,0,stooq_json,2024-04-24T21:00:00+00:00,2026-03-07 14:18:40
gold_price_proxy,2024-04-25,2332.22,0,stooq_json,2024-04-25T21:00:00+00:00,2026-03-07 14:18:40
gold_price_proxy,2024-04-26,2340.085,0,stooq_json,2024-04-26T21:00:00+00:00,2026-03-07 14:18:40
gold_price_proxy,2024-04-29,2335.74,0,stooq_json,2024-04-29T21:00:00+00:00,2026-03-07 14:18:40
gold_price_proxy,2024-04-30,2285.94,0,stooq_json,2024-04-30T21:00:00+00:00,2026-03-07 14:18:40
gold_price_proxy,2024-05-01,2319.305,0,stooq_json,2024-05-01T21:00:00+00:00,2026-03-07 14:18:40
gold_price_proxy,2024-05-02,2303.67,0,stooq_json,2024-05-02T21:00:00+00:00,2026-03-07 14:18:40
gold_price_proxy,2024-05-03,2301.52,0,stooq_json,2024-05-03T21:00:00+00:00,2026-03-07 14:18:40
gold_price_proxy,2024-05-06,2323.97,0,stooq_json,2024-05-06T21:00:00+00:00,2026-03-07 14:18:40
gold_price_proxy,2024-05-07,2313.99,0,stooq_json,2024-05-07T21:00:00+00:00,2026-03-07 14:18:40
gold_price_proxy,2024-05-08,2308.385,0,stooq_json,2024-05-08T21:00:00+00:00,2026-03-07 14:18:40
gold_price_proxy,2024-05-09,2346.3,0,stooq_json,2024-05-09T21:00:00+00:00,2026-03-07 14:18:40
gold_price_proxy,2024-05-10,2363.435,0,stooq_json,2024-05-10T21:00:00+00:00,2026-03-07 14:18:40
gold_price_proxy,2024-05-13,2336.465,0,stooq_json,2024-05-13T21:00:00+00:00,2026-03-07 14:18:40
gold_price_proxy,2024-05-14,2357.985,0,stooq_json,2024-05-14T21:00:00+00:00,2026-03-07 14:18:40
gold_price_proxy,2024-05-15,2386.085,0,stooq_json,2024-05-15T21:00:00+00:00,2026-03-07 14:18:40
gold_price_proxy,2024-05-16,2376.74,0,stooq_json,2024-05-16T21:00:00+00:00,2026-03-07 14:18:40
gold_price_proxy,2024-05-17,2416.5,0,stooq_json,2024-05-17T21:00:00+00:00,2026-03-07 14:18:40
gold_price_proxy,2024-05-20,2426.36,0,stooq_json,2024-05-20T21:00:00+00:00,2026-03-07 14:18:40
gold_price_proxy,2024-05-21,2420.935,0,stooq_json,2024-05-21T21:00:00+00:00,2026-03-07 14:18:40
gold_price_proxy,2024-05-22,2378.74,0,stooq_json,2024-05-22T21:00:00+00:00,2026-03-07 14:18:40
gold_price_proxy,2024-05-23,2328.885,0,stooq_json,2024-05-23T21:00:00+00:00,2026-03-07 14:18:40
gold_price_proxy,2024-05-24,2333.825,0,stooq_json,2024-05-24T21:00:00+00:00,2026-03-07 14:18:40
gold_price_proxy,2024-05-27,2350.845,0,stooq_json,2024-05-27T21:00:00+00:00,2026-03-07 14:18:40
gold_price_proxy,2024-05-28,2361.215,0,stooq_json,2024-05-28T21:00:00+00:00,2026-03-07 14:18:40
gold_price_proxy,2024-05-29,2337.81,0,stooq_json,2024-05-29T21:00:00+00:00,2026-03-07 14:18:40
gold_price_proxy,2024-05-30,2343.245,0,stooq_json,2024-05-30T21:00:00+00:00,2026-03-07 14:18:40
gold_price_proxy,2024-05-31,2327.825,0,stooq_json,2024-05-31T21:00:00+00:00,2026-03-07 14:18:40
gold_price_proxy,2024-06-03,2350.735,0,stooq_json,2024-06-03T21:00:00+00:00,2026-03-07 14:18:40
gold_price_proxy,2024-06-04,2327.025,0,stooq_json,2024-06-04T21:00:00+00:00,2026-03-07 14:18:40
gold_price_proxy,2024-06-05,2355.335,0,stooq_json,2024-06-05T21:00:00+00:00,2026-03-07 14:18:40
gold_price_proxy,2024-06-06,2376.135,0,stooq_json,2024-06-06T21:00:00+00:00,2026-03-07 14:18:40
gold_price_proxy,2024-06-07,2287.92,0,stooq_json,2024-06-07T21:00:00+00:00,2026-03-07 14:18:40
gold_price_proxy,2024-06-10,2310.695,0,stooq_json,2024-06-10T21:00:00+00:00,2026-03-07 14:18:40
gold_price_proxy,2024-06-11,2316.87,0,stooq_json,2024-06-11T21:00:00+00:00,2026-03-07 14:18:40
gold_price_proxy,2024-06-12,2324.765,0,stooq_json,2024-06-12T21:00:00+00:00,2026-03-07 14:18:40
gold_price_proxy,2024-06-13,2303.96,0,stooq_json,2024-06-13T21:00:00+00:00,2026-03-07 14:18:40
gold_price_proxy,2024-06-14,2332.64,0,stooq_json,2024-06-14T21:00:00+00:00,2026-03-07 14:18:40
gold_price_proxy,2024-06-17,2319.165,0,stooq_json,2024-06-17T21:00:00+00:00,2026-03-07 14:18:40
gold_price_proxy,2024-06-18,2329.51,0,stooq_json,2024-06-18T21:00:00+00:00,2026-03-07 14:18:40
gold_price_proxy,2024-06-19,2328.225,0,stooq_json,2024-06-19T21:00:00+00:00,2026-03-07 14:18:40
gold_price_proxy,2024-06-20,2359.995,0,stooq_json,2024-06-20T21:00:00+00:00,2026-03-07 14:18:40
gold_price_proxy,2024-06-21,2322.415,0,stooq_json,2024-06-21T21:00:00+00:00,2026-03-07 14:18:40
gold_price_proxy,2024-06-24,2334.42,0,stooq_json,2024-06-24T21:00:00+00:00,2026-03-07 14:18:40
gold_price_proxy,2024-06-25,2319.605,0,stooq_json,2024-06-25T21:00:00+00:00,2026-03-07 14:18:40
gold_price_proxy,2024-06-26,2298.24,0,stooq_json,2024-06-26T21:00:00+00:00,2026-03-07 14:18:40
gold_price_proxy,2024-06-27,2327.915,0,stooq_json,2024-06-27T21:00:00+00:00,2026-03-07 14:18:40
gold_price_proxy,2024-06-28,2325.185,0,stooq_json,2024-06-28T21:00:00+00:00,2026-03-07 14:18:40
gold_price_proxy,2024-07-01,2331.855,0,stooq_json,2024-07-01T21:00:00+00:00,2026-03-07 14:18:40
gold_price_proxy,2024-07-02,2329.575,0,stooq_json,2024-07-02T21:00:00+00:00,2026-03-07 14:18:40
gold_price_proxy,2024-07-03,2356.25,0,stooq_json,2024-07-03T21:00:00+00:00,2026-03-07 14:18:40
gold_price_proxy,2024-07-04,2357.345,0,stooq_json,2024-07-04T21:00:00+00:00,2026-03-07 14:18:40
gold_price_proxy,2024-07-05,2388.865,0,stooq_json,2024-07-05T21:00:00+00:00,2026-03-07 14:18:40
gold_price_proxy,2024-07-08,2359.045,0,stooq_json,2024-07-08T21:00:00+00:00,2026-03-07 14:18:40
gold_price_proxy,2024-07-09,2364.025,0,stooq_json,2024-07-09T21:00:00+00:00,2026-03-07 14:18:40
gold_price_proxy,2024-07-10,2371.355,0,stooq_json,2024-07-10T21:00:00+00:00,2026-03-07 14:18:40
gold_price_proxy,2024-07-11,2415.345,0,stooq_json,2024-07-11T21:00:00+00:00,2026-03-07 14:18:40
gold_price_proxy,2024-07-12,2412.76,0,stooq_json,2024-07-12T21:00:00+00:00,2026-03-07 14:18:40
gold_price_proxy,2024-07-15,2422.3,0,stooq_json,2024-07-15T21:00:00+00:00,2026-03-07 14:18:40
gold_price_proxy,2024-07-16,2468.76,0,stooq_json,2024-07-16T21:00:00+00:00,2026-03-07 14:18:40
gold_price_proxy,2024-07-17,2458.925,0,stooq_json,2024-07-17T21:00:00+00:00,2026-03-07 14:18:40
gold_price_proxy,2024-07-18,2445.36,0,stooq_json,2024-07-18T21:00:00+00:00,2026-03-07 14:18:40
gold_price_proxy,2024-07-19,2398.595,0,stooq_json,2024-07-19T21:00:00+00:00,2026-03-07 14:18:40
gold_price_proxy,2024-07-22,2396.57,0,stooq_json,2024-07-22T21:00:00+00:00,2026-03-07 14:18:40
gold_price_proxy,2024-07-23,2409.56,0,stooq_json,2024-07-23T21:00:00+00:00,2026-03-07 14:18:40
gold_price_proxy,2024-07-24,2397.52,0,stooq_json,2024-07-24T21:00:00+00:00,2026-03-07 14:18:40
gold_price_proxy,2024-07-25,2364.45,0,stooq_json,2024-07-25T21:00:00+00:00,2026-03-07 14:18:40
gold_price_proxy,2024-07-26,2386.385,0,stooq_json,2024-07-26T21:00:00+00:00,2026-03-07 14:18:40
gold_price_proxy,2024-07-29,2384.125,0,stooq_json,2024-07-29T21:00:00+00:00,2026-03-07 14:18:40
gold_price_proxy,2024-07-30,2410.725,0,stooq_json,2024-07-30T21:00:00+00:00,2026-03-07 14:18:40
gold_price_proxy,2024-07-31,2447.64,0,stooq_json,2024-07-31T21:00:00+00:00,2026-03-07 14:18:40
gold_price_proxy,2024-08-01,2446.325,0,stooq_json,2024-08-01T21:00:00+00:00,2026-03-07 14:18:40
gold_price_proxy,2024-08-02,2437.455,0,stooq_json,2024-08-02T21:00:00+00:00,2026-03-07 14:18:40
gold_price_proxy,2024-08-05,2410.415,0,stooq_json,2024-08-05T21:00:00+00:00,2026-03-07 14:18:40
gold_price_proxy,2024-08-06,2390.72,0,stooq_json,2024-08-06T21:00:00+00:00,2026-03-07 14:18:40
gold_price_proxy,2024-08-07,2382.845,0,stooq_json,2024-08-07T21:00:00+00:00,2026-03-07 14:18:40
gold_price_proxy,2024-08-08,2427.5,0,stooq_json,2024-08-08T21:00:00+00:00,2026-03-07 14:18:40
gold_price_proxy,2024-08-09,2429.08,0,stooq_json,2024-08-09T21:00:00+00:00,2026-03-07 14:18:40
gold_price_proxy,2024-08-12,2472.8,0,stooq_json,2024-08-12T21:00:00+00:00,2026-03-07 14:18:40
gold_price_proxy,2024-08-13,2465.115,0,stooq_json,2024-08-13T21:00:00+00:00,2026-03-07 14:18:40
gold_price_proxy,2024-08-14,2448.005,0,stooq_json,2024-08-14T21:00:00+00:00,2026-03-07 14:18:40
gold_price_proxy,2024-08-15,2456.785,0,stooq_json,2024-08-15T21:00:00+00:00,2026-03-07 14:18:40
gold_price_proxy,2024-08-16,2508.135,0,stooq_json,2024-08-16T21:00:00+00:00,2026-03-07 14:18:40
gold_price_proxy,2024-08-19,2504.23,0,stooq_json,2024-08-19T21:00:00+00:00,2026-03-07 14:18:40
gold_price_proxy,2024-08-20,2513.975,0,stooq_json,2024-08-20T21:00:00+00:00,2026-03-07 14:18:40
gold_price_proxy,2024-08-21,2512.42,0,stooq_json,2024-08-21T21:00:00+00:00,2026-03-07 14:18:40
gold_price_proxy,2024-08-22,2484.8,0,stooq_json,2024-08-22T21:00:00+00:00,2026-03-07 14:18:40
gold_price_proxy,2024-08-23,2510.94,0,stooq_json,2024-08-23T21:00:00+00:00,2026-03-07 14:18:40
gold_price_proxy,2024-08-26,2518.05,0,stooq_json,2024-08-26T21:00:00+00:00,2026-03-07 14:18:40
gold_price_proxy,2024-08-27,2524.59,0,stooq_json,2024-08-27T21:00:00+00:00,2026-03-07 14:18:40
gold_price_proxy,2024-08-28,2504.735,0,stooq_json,2024-08-28T21:00:00+00:00,2026-03-07 14:18:40
gold_price_proxy,2024-08-29,2521.175,0,stooq_json,2024-08-29T21:00:00+00:00,2026-03-07 14:18:40
gold_price_proxy,2024-08-30,2502.54,0,stooq_json,2024-08-30T21:00:00+00:00,2026-03-07 14:18:40
gold_price_proxy,2024-09-02,2499.54,0,stooq_json,2024-09-02T21:00:00+00:00,2026-03-07 14:18:40
gold_price_proxy,2024-09-03,2492.96,0,stooq_json,2024-09-03T21:00:00+00:00,2026-03-07 14:18:40
gold_price_proxy,2024-09-04,2495.65,0,stooq_json,2024-09-04T21:00:00+00:00,2026-03-07 14:18:40
gold_price_proxy,2024-09-05,2516.76,0,stooq_json,2024-09-05T21:00:00+00:00,2026-03-07 14:18:40
gold_price_proxy,2024-09-06,2495.95,0,stooq_json,2024-09-06T21:00:00+00:00,2026-03-07 14:18:40
gold_price_proxy,2024-09-09,2506.22,0,stooq_json,2024-09-09T21:00:00+00:00,2026-03-07 14:18:40
gold_price_proxy,2024-09-10,2516.65,0,stooq_json,2024-09-10T21:00:00+00:00,2026-03-07 14:18:40
gold_price_proxy,2024-09-11,2511.52,0,stooq_json,2024-09-11T21:00:00+00:00,2026-03-07 14:18:40
gold_price_proxy,2024-09-12,2558.795,0,stooq_json,2024-09-12T21:00:00+00:00,2026-03-07 14:18:40
gold_price_proxy,2024-09-13,2582.845,0,stooq_json,2024-09-13T21:00:00+00:00,2026-03-07 14:18:40
gold_price_proxy,2024-09-16,2582.51,0,stooq_json,2024-09-16T21:00:00+00:00,2026-03-07 14:18:40
gold_price_proxy,2024-09-17,2569.59,0,stooq_json,2024-09-17T21:00:00+00:00,2026-03-07 14:18:40
gold_price_proxy,2024-09-18,2559.005,0,stooq_json,2024-09-18T21:00:00+00:00,2026-03-07 14:18:40
gold_price_proxy,2024-09-19,2586.77,0,stooq_json,2024-09-19T21:00:00+00:00,2026-03-07 14:18:40
gold_price_proxy,2024-09-20,2621.17,0,stooq_json,2024-09-20T21:00:00+00:00,2026-03-07 14:18:40
gold_price_proxy,2024-09-23,2628.545,0,stooq_json,2024-09-23T21:00:00+00:00,2026-03-07 14:18:40
gold_price_proxy,2024-09-24,2657.145,0,stooq_json,2024-09-24T21:00:00+00:00,2026-03-07 14:18:40
gold_price_proxy,2024-09-25,2657.17,0,stooq_json,2024-09-25T21:00:00+00:00,2026-03-07 14:18:40
gold_price_proxy,2024-09-26,2672.45,0,stooq_json,2024-09-26T21:00:00+00:00,2026-03-07 14:18:40
gold_price_proxy,2024-09-27,2652.05,0,stooq_json,2024-09-27T21:00:00+00:00,2026-03-07 14:18:40
gold_price_proxy,2024-09-30,2634.735,0,stooq_json,2024-09-30T21:00:00+00:00,2026-03-07 14:18:40
gold_price_proxy,2024-10-01,2663.435,0,stooq_json,2024-10-01T21:00:00+00:00,2026-03-07 14:18:40
gold_price_proxy,2024-10-02,2658.81,0,stooq_json,2024-10-02T21:00:00+00:00,2026-03-07 14:18:40
gold_price_proxy,2024-10-03,2656.21,0,stooq_json,2024-10-03T21:00:00+00:00,2026-03-07 14:18:40
gold_price_proxy,2024-10-04,2651.64,0,stooq_json,2024-10-04T21:00:00+00:00,2026-03-07 14:18:40
gold_price_proxy,2024-10-07,2642.66,0,stooq_json,2024-10-07T21:00:00+00:00,2026-03-07 14:18:40
gold_price_proxy,2024-10-08,2621.955,0,stooq_json,2024-10-08T21:00:00+00:00,2026-03-07 14:18:40
gold_price_proxy,2024-10-09,2607.825,0,stooq_json,2024-10-09T21:00:00+00:00,2026-03-07 14:18:40
gold_price_proxy,2024-10-10,2630.155,0,stooq_json,2024-10-10T21:00:00+00:00,2026-03-07 14:18:40
gold_price_proxy,2024-10-11,2656.195,0,stooq_json,2024-10-11T21:00:00+00:00,2026-03-07 14:18:40
gold_price_proxy,2024-10-14,2648.62,0,stooq_json,2024-10-14T21:00:00+00:00,2026-03-07 14:18:40
gold_price_proxy,2024-10-15,2662.855,0,stooq_json,2024-10-15T21:00:00+00:00,2026-03-07 14:18:40
gold_price_proxy,2024-10-16,2673.84,0,stooq_json,2024-10-16T21:00:00+00:00,2026-03-07 14:18:40
gold_price_proxy,2024-10-17,2693.1,0,stooq_json,2024-10-17T21:00:00+00:00,2026-03-07 14:18:40
gold_price_proxy,2024-10-18,2719.83,0,stooq_json,2024-10-18T21:00:00+00:00,2026-03-07 14:18:40
gold_price_proxy,2024-10-21,2719.745,0,stooq_json,2024-10-21T21:00:00+00:00,2026-03-07 14:18:40
gold_price_proxy,2024-10-22,2749.015,0,stooq_json,2024-10-22T21:00:00+00:00,2026-03-07 14:18:40
gold_price_proxy,2024-10-23,2715.52,0,stooq_json,2024-10-23T21:00:00+00:00,2026-03-07 14:18:40
gold_price_proxy,2024-10-24,2735.985,0,stooq_json,2024-10-24T21:00:00+00:00,2026-03-07 14:18:40
gold_price_proxy,2024-10-25,2742.535,0,stooq_json,2024-10-25T21:00:00+00:00,2026-03-07 14:18:40
gold_price_proxy,2024-10-28,2742.225,0,stooq_json,2024-10-28T21:00:00+00:00,2026-03-07 14:18:40
gold_price_proxy,2024-10-29,2774.68,0,stooq_json,2024-10-29T21:00:00+00:00,2026-03-07 14:18:40
gold_price_proxy,2024-10-30,2787.59,0,stooq_json,2024-10-30T21:00:00+00:00,2026-03-07 14:18:40
gold_price_proxy,2024-10-31,2746.205,0,stooq_json,2024-10-31T21:00:00+00:00,2026-03-07 14:18:40
gold_price_proxy,2024-11-01,2736.515,0,stooq_json,2024-11-01T21:00:00+00:00,2026-03-07 14:18:40
gold_price_proxy,2024-11-04,2736.685,0,stooq_json,2024-11-04T21:00:00+00:00,2026-03-07 14:18:40
gold_price_proxy,2024-11-05,2743.995,0,stooq_json,2024-11-05T21:00:00+00:00,2026-03-07 14:18:40
gold_price_proxy,2024-11-06,2659.055,0,stooq_json,2024-11-06T21:00:00+00:00,2026-03-07 14:18:40
gold_price_proxy,2024-11-07,2706.51,0,stooq_json,2024-11-07T21:00:00+00:00,2026-03-07 14:18:40
gold_price_proxy,2024-11-08,2685.17,0,stooq_json,2024-11-08T21:00:00+00:00,2026-03-07 14:18:40
gold_price_proxy,2024-11-11,2619.54,0,stooq_json,2024-11-11T21:00:00+00:00,2026-03-07 14:18:40
gold_price_proxy,2024-11-12,2598.275,0,stooq_json,2024-11-12T21:00:00+00:00,2026-03-07 14:18:40
gold_price_proxy,2024-11-13,2572.935,0,stooq_json,2024-11-13T21:00:00+00:00,2026-03-07 14:18:40
gold_price_proxy,2024-11-14,2565.05,0,stooq_json,2024-11-14T21:00:00+00:00,2026-03-07 14:18:40
gold_price_proxy,2024-11-15,2562.33,0,stooq_json,2024-11-15T21:00:00+00:00,2026-03-07 14:18:40
gold_price_proxy,2024-11-18,2611.87,0,stooq_json,2024-11-18T21:00:00+00:00,2026-03-07 14:18:40
gold_price_proxy,2024-11-19,2632.265,0,stooq_json,2024-11-19T21:00:00+00:00,2026-03-07 14:18:40
gold_price_proxy,2024-11-20,2650.265,0,stooq_json,2024-11-20T21:00:00+00:00,2026-03-07 14:18:40
gold_price_proxy,2024-11-21,2669.665,0,stooq_json,2024-11-21T21:00:00+00:00,2026-03-07 14:18:40
gold_price_proxy,2024-11-22,2705.95,0,stooq_json,2024-11-22T21:00:00+00:00,2026-03-07 14:18:40
gold_price_proxy,2024-11-25,2625.23,0,stooq_json,2024-11-25T21:00:00+00:00,2026-03-07 14:18:40
gold_price_proxy,2024-11-26,2633.225,0,stooq_json,2024-11-26T21:00:00+00:00,2026-03-07 14:18:40
gold_price_proxy,2024-11-27,2635.945,0,stooq_json,2024-11-27T21:00:00+00:00,2026-03-07 14:18:40
gold_price_proxy,2024-11-28,2637.585,0,stooq_json,2024-11-28T21:00:00+00:00,2026-03-07 14:18:40
gold_price_proxy,2024-11-29,2650.455,0,stooq_json,2024-11-29T21:00:00+00:00,2026-03-07 14:18:40
gold_price_proxy,2024-12-02,2639.06,0,stooq_json,2024-12-02T21:00:00+00:00,2026-03-07 14:18:40
gold_price_proxy,2024-12-03,2643.665,0,stooq_json,2024-12-03T21:00:00+00:00,2026-03-07 14:18:40
gold_price_proxy,2024-12-04,2650.095,0,stooq_json,2024-12-04T21:00:00+00:00,2026-03-07 14:18:40
gold_price_proxy,2024-12-05,2631.985,0,stooq_json,2024-12-05T21:00:00+00:00,2026-03-07 14:18:40
gold_price_proxy,2024-12-06,2631.985,0,stooq_json,2024-12-06T21:00:00+00:00,2026-03-07 14:18:40
gold_price_proxy,2024-12-09,2660.395,0,stooq_json,2024-12-09T21:00:00+00:00,2026-03-07 14:18:40
gold_price_proxy,2024-12-10,2693.945,0,stooq_json,2024-12-10T21:00:00+00:00,2026-03-07 14:18:40
gold_price_proxy,2024-12-11,2718.13,0,stooq_json,2024-12-11T21:00:00+00:00,2026-03-07 14:18:40
gold_price_proxy,2024-12-12,2680.865,0,stooq_json,2024-12-12T21:00:00+00:00,2026-03-07 14:18:40
gold_price_proxy,2024-12-13,2647.72,0,stooq_json,2024-12-13T21:00:00+00:00,2026-03-07 14:18:40
gold_price_proxy,2024-12-16,2652.725,0,stooq_json,2024-12-16T21:00:00+00:00,2026-03-07 14:18:40
gold_price_proxy,2024-12-17,2646.63,0,stooq_json,2024-12-17T21:00:00+00:00,2026-03-07 14:18:40
gold_price_proxy,2024-12-18,2585.34,0,stooq_json,2024-12-18T21:00:00+00:00,2026-03-07 14:18:40
gold_price_proxy,2024-12-19,2594.285,0,stooq_json,2024-12-19T21:00:00+00:00,2026-03-07 14:18:40
gold_price_proxy,2024-12-20,2623.09,0,stooq_json,2024-12-20T21:00:00+00:00,2026-03-07 14:18:40
gold_price_proxy,2024-12-23,2612.945,0,stooq_json,2024-12-23T21:00:00+00:00,2026-03-07 14:18:40
gold_price_proxy,2024-12-24,2616.18,0,stooq_json,2024-12-24T21:00:00+00:00,2026-03-07 14:18:40
gold_price_proxy,2024-12-26,2633.795,0,stooq_json,2024-12-26T21:00:00+00:00,2026-03-07 14:18:40
gold_price_proxy,2024-12-27,2615.555,0,stooq_json,2024-12-27T21:00:00+00:00,2026-03-07 14:18:40
gold_price_proxy,2024-12-30,2605.965,0,stooq_json,2024-12-30T21:00:00+00:00,2026-03-07 14:18:40
gold_price_proxy,2024-12-31,2624.585,0,stooq_json,2024-12-31T21:00:00+00:00,2026-03-07 14:18:40
gold_price_proxy,2025-01-02,2658.01,0,stooq_json,2025-01-02T21:00:00+00:00,2026-03-07 14:18:40
gold_price_proxy,2025-01-03,2638.26,0,stooq_json,2025-01-03T21:00:00+00:00,2026-03-07 14:18:40
gold_price_proxy,2025-01-06,2636.085,0,stooq_json,2025-01-06T21:00:00+00:00,2026-03-07 14:18:40
gold_price_proxy,2025-01-07,2648.735,0,stooq_json,2025-01-07T21:00:00+00:00,2026-03-07 14:18:40
gold_price_proxy,2025-01-08,2662.1,0,stooq_json,2025-01-08T21:00:00+00:00,2026-03-07 14:18:40
gold_price_proxy,2025-01-09,2670.36,0,stooq_json,2025-01-09T21:00:00+00:00,2026-03-07 14:18:40
gold_price_proxy,2025-01-10,2690.62,0,stooq_json,2025-01-10T21:00:00+00:00,2026-03-07 14:18:40
gold_price_proxy,2025-01-13,2663.045,0,stooq_json,2025-01-13T21:00:00+00:00,2026-03-07 14:18:40
gold_price_proxy,2025-01-14,2677.36,0,stooq_json,2025-01-14T21:00:00+00:00,2026-03-07 14:18:40
gold_price_proxy,2025-01-15,2696.525,0,stooq_json,2025-01-15T21:00:00+00:00,2026-03-07 14:18:40
gold_price_proxy,2025-01-16,2714.685,0,stooq_json,2025-01-16T21:00:00+00:00,2026-03-07 14:18:40
gold_price_proxy,2025-01-17,2700.865,0,stooq_json,2025-01-17T21:00:00+00:00,2026-03-07 14:18:40
gold_price_proxy,2025-01-20,2706.425,0,stooq_json,2025-01-20T21:00:00+00:00,2026-03-07 14:18:40
gold_price_proxy,2025-01-21,2744.81,0,stooq_json,2025-01-21T21:00:00+00:00,2026-03-07 14:18:40
gold_price_proxy,2025-01-22,2756.305,0,stooq_json,2025-01-22T21:00:00+00:00,2026-03-07 14:18:40
gold_price_proxy,2025-01-23,2754.885,0,stooq_json,2025-01-23T21:00:00+00:00,2026-03-07 14:18:40
gold_price_proxy,2025-01-24,2771.105,0,stooq_json,2025-01-24T21:00:00+00:00,2026-03-07 14:18:40
gold_price_proxy,2025-01-27,2740.93,0,stooq_json,2025-01-27T21:00:00+00:00,2026-03-07 14:18:40
gold_price_proxy,2025-01-28,2763.89,0,stooq_json,2025-01-28T21:00:00+00:00,2026-03-07 14:18:40
gold_price_proxy,2025-01-29,2759.62,0,stooq_json,2025-01-29T21:00:00+00:00,2026-03-07 14:18:40
gold_price_proxy,2025-01-30,2794.195,0,stooq_json,2025-01-30T21:00:00+00:00,2026-03-07 14:18:40
gold_price_proxy,2025-01-31,2801.28,0,stooq_json,2025-01-31T21:00:00+00:00,2026-03-07 14:18:40
gold_price_proxy,2025-02-03,2815.0,0,stooq_json,2025-02-03T21:00:00+00:00,2026-03-07 14:18:40
gold_price_proxy,2025-02-04,2842.58,0,stooq_json,2025-02-04T21:00:00+00:00,2026-03-07 14:18:40
gold_price_proxy,2025-02-05,2866.67,0,stooq_json,2025-02-05T21:00:00+00:00,2026-03-07 14:18:40
gold_price_proxy,2025-02-06,2856.035,0,stooq_json,2025-02-06T21:00:00+00:00,2026-03-07 14:18:40
gold_price_proxy,2025-02-07,2860.655,0,stooq_json,2025-02-07T21:00:00+00:00,2026-03-07 14:18:40
gold_price_proxy,2025-02-10,2908.045,0,stooq_json,2025-02-10T21:00:00+00:00,2026-03-07 14:18:40
gold_price_proxy,2025-02-11,2897.58,0,stooq_json,2025-02-11T21:00:00+00:00,2026-03-07 14:18:40
gold_price_proxy,2025-02-12,2903.91,0,stooq_json,2025-02-12T21:00:00+00:00,2026-03-07 14:18:40
gold_price_proxy,2025-02-13,2928.14,0,stooq_json,2025-02-13T21:00:00+00:00,2026-03-07 14:18:40
gold_price_proxy,2025-02-14,2885.16,0,stooq_json,2025-02-14T21:00:00+00:00,2026-03-07 14:18:40
gold_price_proxy,2025-02-17,2899.265,0,stooq_json,2025-02-17T21:00:00+00:00,2026-03-07 14:18:40
gold_price_proxy,2025-02-18,2935.29,0,stooq_json,2025-02-18T21:00:00+00:00,2026-03-07 14:18:40
gold_price_proxy,2025-02-19,2932.94,0,stooq_json,2025-02-19T21:00:00+00:00,2026-03-07 14:18:40
gold_price_proxy,2025-02-20,2939.675,0,stooq_json,2025-02-20T21:00:00+00:00,2026-03-07 14:18:40
gold_price_proxy,2025-02-21,2934.92,0,stooq_json,2025-02-21T21:00:00+00:00,2026-03-07 14:18:40
gold_price_proxy,2025-02-24,2952.76,0,stooq_json,2025-02-24T21:00:00+00:00,2026-03-07 14:18:40
gold_price_proxy,2025-02-25,2914.995,0,stooq_json,2025-02-25T21:00:00+00:00,2026-03-07 14:18:40
gold_price_proxy,2025-02-26,2916.38,0,stooq_json,2025-02-26T21:00:00+00:00,2026-03-07 14:18:40
gold_price_proxy,2025-02-27,2877.07,0,stooq_json,2025-02-27T21:00:00+00:00,2026-03-07 14:18:40
gold_price_proxy,2025-02-28,2854.945,0,stooq_json,2025-02-28T21:00:00+00:00,2026-03-07 14:18:40
gold_price_proxy,2025-03-03,2892.82,0,stooq_json,2025-03-03T21:00:00+00:00,2026-03-07 14:18:40
gold_price_proxy,2025-03-04,2917.99,0,stooq_json,2025-03-04T21:00:00+00:00,2026-03-07 14:18:40
gold_price_proxy,2025-03-05,2919.17,0,stooq_json,2025-03-05T21:00:00+00:00,2026-03-07 14:18:40
gold_price_proxy,2025-03-06,2911.14,0,stooq_json,2025-03-06T21:00:00+00:00,2026-03-07 14:18:40
gold_price_proxy,2025-03-07,2909.36,0,stooq_json,2025-03-07T21:00:00+00:00,2026-03-07 14:18:40
gold_price_proxy,2025-03-10,2884.98,0,stooq_json,2025-03-10T21:00:00+00:00,2026-03-07 14:18:40
gold_price_proxy,2025-03-11,2917.51,0,stooq_json,2025-03-11T21:00:00+00:00,2026-03-07 14:18:40
gold_price_proxy,2025-03-12,2938.16,0,stooq_json,2025-03-12T21:00:00+00:00,2026-03-07 14:18:40
gold_price_proxy,2025-03-13,2987.325,0,stooq_json,2025-03-13T21:00:00+00:00,2026-03-07 14:18:40
gold_price_proxy,2025-03-14,2985.045,0,stooq_json,2025-03-14T21:00:00+00:00,2026-03-07 14:18:40
gold_price_proxy,2025-03-17,3000.285,0,stooq_json,2025-03-17T21:00:00+00:00,2026-03-07 14:18:40
gold_price_proxy,2025-03-18,3034.55,0,stooq_json,2025-03-18T21:00:00+00:00,2026-03-07 14:18:40
gold_price_proxy,2025-03-19,3050.21,0,stooq_json,2025-03-19T21:00:00+00:00,2026-03-07 14:18:40
gold_price_proxy,2025-03-20,3045.81,0,stooq_json,2025-03-20T21:00:00+00:00,2026-03-07 14:18:40
gold_price_proxy,2025-03-21,3023.84,0,stooq_json,2025-03-21T21:00:00+00:00,2026-03-07 14:18:40
gold_price_proxy,2025-03-24,3011.56,0,stooq_json,2025-03-24T21:00:00+00:00,2026-03-07 14:18:40
gold_price_proxy,2025-03-25,3021.42,0,stooq_json,2025-03-25T21:00:00+00:00,2026-03-07 14:18:40
gold_price_proxy,2025-03-26,3019.32,0,stooq_json,2025-03-26T21:00:00+00:00,2026-03-07 14:18:40
gold_price_proxy,2025-03-27,3055.22,0,stooq_json,2025-03-27T21:00:00+00:00,2026-03-07 14:18:40
gold_price_proxy,2025-03-28,3085.25,0,stooq_json,2025-03-28T21:00:00+00:00,2026-03-07 14:18:40
gold_price_proxy,2025-03-31,3123.275,0,stooq_json,2025-03-31T21:00:00+00:00,2026-03-07 14:18:40
gold_price_proxy,2025-04-01,3114.36,0,stooq_json,2025-04-01T21:00:00+00:00,2026-03-07 14:18:40
gold_price_proxy,2025-04-02,3135.565,0,stooq_json,2025-04-02T21:00:00+00:00,2026-03-07 14:18:40
gold_price_proxy,2025-04-03,3114.735,0,stooq_json,2025-04-03T21:00:00+00:00,2026-03-07 14:18:40
gold_price_proxy,2025-04-04,3036.385,0,stooq_json,2025-04-04T21:00:00+00:00,2026-03-07 14:18:40
gold_price_proxy,2025-04-07,2983.235,0,stooq_json,2025-04-07T21:00:00+00:00,2026-03-07 14:18:40
gold_price_proxy,2025-04-08,2982.835,0,stooq_json,2025-04-08T21:00:00+00:00,2026-03-07 14:18:40
gold_price_proxy,2025-04-09,3082.94,0,stooq_json,2025-04-09T21:00:00+00:00,2026-03-07 14:18:40
gold_price_proxy,2025-04-10,3175.605,0,stooq_json,2025-04-10T21:00:00+00:00,2026-03-07 14:18:40
gold_price_proxy,2025-04-11,3230.98,0,stooq_json,2025-04-11T21:00:00+00:00,2026-03-07 14:18:40
gold_price_proxy,2025-04-14,3210.705,0,stooq_json,2025-04-14T21:00:00+00:00,2026-03-07 14:18:40
gold_price_proxy,2025-04-15,3230.065,0,stooq_json,2025-04-15T21:00:00+00:00,2026-03-07 14:18:40
gold_price_proxy,2025-04-16,3343.055,0,stooq_json,2025-04-16T21:00:00+00:00,2026-03-07 14:18:40
gold_price_proxy,2025-04-17,3327.365,0,stooq_json,2025-04-17T21:00:00+00:00,2026-03-07 14:18:40
gold_price_proxy,2025-04-21,3424.405,0,stooq_json,2025-04-21T21:00:00+00:00,2026-03-07 14:18:40
gold_price_proxy,2025-04-22,3381.16,0,stooq_json,2025-04-22T21:00:00+00:00,2026-03-07 14:18:40
gold_price_proxy,2025-04-23,3288.33,0,stooq_json,2025-04-23T21:00:00+00:00,2026-03-07 14:18:40
gold_price_proxy,2025-04-24,3349.595,0,stooq_json,2025-04-24T21:00:00+00:00,2026-03-07 14:18:40
gold_price_proxy,2025-04-25,3304.985,0,stooq_json,2025-04-25T21:00:00+00:00,2026-03-07 14:18:40
gold_price_proxy,2025-04-28,3343.885,0,stooq_json,2025-04-28T21:00:00+00:00,2026-03-07 14:18:40
gold_price_proxy,2025-04-29,3317.245,0,stooq_json,2025-04-29T21:00:00+00:00,2026-03-07 14:18:40
gold_price_proxy,2025-04-30,3288.4,0,stooq_json,2025-04-30T21:00:00+00:00,2026-03-07 14:18:40
gold_price_proxy,2025-05-01,3238.95,0,stooq_json,2025-05-01T21:00:00+00:00,2026-03-07 14:18:40
gold_price_proxy,2025-05-02,3233.67,0,stooq_json,2025-05-02T21:00:00+00:00,2026-03-07 14:18:40
gold_price_proxy,2025-05-05,3333.915,0,stooq_json,2025-05-05T21:00:00+00:00,2026-03-07 14:18:40
gold_price_proxy,2025-05-06,3431.765,0,stooq_json,2025-05-06T21:00:00+00:00,2026-03-07 14:18:40
gold_price_proxy,2025-05-07,3364.485,0,stooq_json,2025-05-07T21:00:00+00:00,2026-03-07 14:18:40
gold_price_proxy,2025-05-08,3305.51,0,stooq_json,2025-05-08T21:00:00+00:00,2026-03-07 14:18:40
gold_price_proxy,2025-05-09,3328.945,0,stooq_json,2025-05-09T21:00:00+00:00,2026-03-07 14:18:40
gold_price_proxy,2025-05-12,3235.915,0,stooq_json,2025-05-12T21:00:00+00:00,2026-03-07 14:18:40
gold_price_proxy,2025-05-13,3250.225,0,stooq_json,2025-05-13T21:00:00+00:00,2026-03-07 14:18:40
gold_price_proxy,2025-05-14,3177.53,0,stooq_json,2025-05-14T21:00:00+00:00,2026-03-07 14:18:40
gold_price_proxy,2025-05-15,3239.83,0,stooq_json,2025-05-15T21:00:00+00:00,2026-03-07 14:18:40
gold_price_proxy,2025-05-16,3192.46,0,stooq_json,2025-05-16T21:00:00+00:00,2026-03-07 14:18:40
gold_price_proxy,2025-05-19,3229.755,0,stooq_json,2025-05-19T21:00:00+00:00,2026-03-07 14:18:40
gold_price_proxy,2025-05-20,3289.985,0,stooq_json,2025-05-20T21:00:00+00:00,2026-03-07 14:18:40
gold_price_proxy,2025-05-21,3315.43,0,stooq_json,2025-05-21T21:00:00+00:00,2026-03-07 14:18:40
gold_price_proxy,2025-05-22,3294.745,0,stooq_json,2025-05-22T21:00:00+00:00,2026-03-07 14:18:40
gold_price_proxy,2025-05-23,3360.91,0,stooq_json,2025-05-23T21:00:00+00:00,2026-03-07 14:18:40
gold_price_proxy,2025-05-26,3342.25,0,stooq_json,2025-05-26T21:00:00+00:00,2026-03-07 14:18:40
gold_price_proxy,2025-05-27,3300.705,0,stooq_json,2025-05-27T21:00:00+00:00,2026-03-07 14:18:40
gold_price_proxy,2025-05-28,3287.525,0,stooq_json,2025-05-28T21:00:00+00:00,2026-03-07 14:18:40
gold_price_proxy,2025-05-29,3317.72,0,stooq_json,2025-05-29T21:00:00+00:00,2026-03-07 14:18:40
gold_price_proxy,2025-05-30,3294.895,0,stooq_json,2025-05-30T21:00:00+00:00,2026-03-07 14:18:40
gold_price_proxy,2025-06-02,3381.62,0,stooq_json,2025-06-02T21:00:00+00:00,2026-03-07 14:18:40
gold_price_proxy,2025-06-03,3353.45,0,stooq_json,2025-06-03T21:00:00+00:00,2026-03-07 14:18:40
gold_price_proxy,2025-06-04,3372.695,0,stooq_json,2025-06-04T21:00:00+00:00,2026-03-07 14:18:40
gold_price_proxy,2025-06-05,3352.82,0,stooq_json,2025-06-05T21:00:00+00:00,2026-03-07 14:18:40
gold_price_proxy,2025-06-06,3312.435,0,stooq_json,2025-06-06T21:00:00+00:00,2026-03-07 14:18:40
gold_price_proxy,2025-06-09,3325.665,0,stooq_json,2025-06-09T21:00:00+00:00,2026-03-07 14:18:40
gold_price_proxy,2025-06-10,3323.225,0,stooq_json,2025-06-10T21:00:00+00:00,2026-03-07 14:18:40
gold_price_proxy,2025-06-11,3355.075,0,stooq_json,2025-06-11T21:00:00+00:00,2026-03-07 14:18:40
gold_price_proxy,2025-06-12,3385.88,0,stooq_json,2025-06-12T21:00:00+00:00,2026-03-07 14:18:40
gold_price_proxy,2025-06-13,3432.53,0,stooq_json,2025-06-13T21:00:00+00:00,2026-03-07 14:18:40
gold_price_proxy,2025-06-16,3385.24,0,stooq_json,2025-06-16T21:00:00+00:00,2026-03-07 14:18:40
gold_price_proxy,2025-06-17,3388.63,0,stooq_json,2025-06-17T21:00:00+00:00,2026-03-07 14:18:40
gold_price_proxy,2025-06-18,3369.41,0,stooq_json,2025-06-18T21:00:00+00:00,2026-03-07 14:18:40
gold_price_proxy,2025-06-19,3370.625,0,stooq_json,2025-06-19T21:00:00+00:00,2026-03-07 14:18:40
gold_price_proxy,2025-06-20,3365.465,0,stooq_json,2025-06-20T21:00:00+00:00,2026-03-07 14:18:40
gold_price_proxy,2025-06-23,3368.755,0,stooq_json,2025-06-23T21:00:00+00:00,2026-03-07 14:18:40
gold_price_proxy,2025-06-24,3324.035,0,stooq_json,2025-06-24T21:00:00+00:00,2026-03-07 14:18:40
gold_price_proxy,2025-06-25,3332.295,0,stooq_json,2025-06-25T21:00:00+00:00,2026-03-07 14:18:40
gold_price_proxy,2025-06-26,3327.905,0,stooq_json,2025-06-26T21:00:00+00:00,2026-03-07 14:18:40
gold_price_proxy,2025-06-27,3271.135,0,stooq_json,2025-06-27T21:00:00+00:00,2026-03-07 14:18:40
gold_price_proxy,2025-06-30,3303.05,0,stooq_json,2025-06-30T21:00:00+00:00,2026-03-07 14:18:40
gold_price_proxy,2025-07-01,3338.525,0,stooq_json,2025-07-01T21:00:00+00:00,2026-03-07 14:18:40
gold_price_proxy,2025-07-02,3357.675,0,stooq_json,2025-07-02T21:00:00+00:00,2026-03-07 14:18:40
gold_price_proxy,2025-07-03,3326.105,0,stooq_json,2025-07-03T21:00:00+00:00,2026-03-07 14:18:40
gold_price_proxy,2025-07-04,3337.345,0,stooq_json,2025-07-04T21:00:00+00:00,2026-03-07 14:18:40
gold_price_proxy,2025-07-07,3336.965,0,stooq_json,2025-07-07T21:00:00+00:00,2026-03-07 14:18:40
gold_price_proxy,2025-07-08,3301.605,0,stooq_json,2025-07-08T21:00:00+00:00,2026-03-07 14:18:40
gold_price_proxy,2025-07-09,3313.685,0,stooq_json,2025-07-09T21:00:00+00:00,2026-03-07 14:18:40
gold_price_proxy,2025-07-10,3324.045,0,stooq_json,2025-07-10T21:00:00+00:00,2026-03-07 14:18:40
gold_price_proxy,2025-07-11,3356.445,0,stooq_json,2025-07-11T21:00:00+00:00,2026-03-07 14:18:40
gold_price_proxy,2025-07-14,3343.505,0,stooq_json,2025-07-14T21:00:00+00:00,2026-03-07 14:18:40
gold_price_proxy,2025-07-15,3323.985,0,stooq_json,2025-07-15T21:00:00+00:00,2026-03-07 14:18:40
gold_price_proxy,2025-07-16,3347.575,0,stooq_json,2025-07-16T21:00:00+00:00,2026-03-07 14:18:40
gold_price_proxy,2025-07-17,3339.205,0,stooq_json,2025-07-17T21:00:00+00:00,2026-03-07 14:18:40
gold_price_proxy,2025-07-18,3348.295,0,stooq_json,2025-07-18T21:00:00+00:00,2026-03-07 14:18:40
gold_price_proxy,2025-07-21,3397.135,0,stooq_json,2025-07-21T21:00:00+00:00,2026-03-07 14:18:40
gold_price_proxy,2025-07-22,3431.745,0,stooq_json,2025-07-22T21:00:00+00:00,2026-03-07 14:18:40
gold_price_proxy,2025-07-23,3387.265,0,stooq_json,2025-07-23T21:00:00+00:00,2026-03-07 14:18:40
gold_price_proxy,2025-07-24,3368.625,0,stooq_json,2025-07-24T21:00:00+00:00,2026-03-07 14:18:40
gold_price_proxy,2025-07-25,3337.535,0,stooq_json,2025-07-25T21:00:00+00:00,2026-03-07 14:18:40
gold_price_proxy,2025-07-28,3314.625,0,stooq_json,2025-07-28T21:00:00+00:00,2026-03-07 14:18:40
gold_price_proxy,2025-07-29,3326.615,0,stooq_json,2025-07-29T21:00:00+00:00,2026-03-07 14:18:40
gold_price_proxy,2025-07-30,3275.52,0,stooq_json,2025-07-30T21:00:00+00:00,2026-03-07 14:18:40
gold_price_proxy,2025-07-31,3289.985,0,stooq_json,2025-07-31T21:00:00+00:00,2026-03-07 14:18:40
gold_price_proxy,2025-08-01,3357.095,0,stooq_json,2025-08-01T21:00:00+00:00,2026-03-07 14:18:40
gold_price_proxy,2025-08-04,3373.705,0,stooq_json,2025-08-04T21:00:00+00:00,2026-03-07 14:18:40
gold_price_proxy,2025-08-05,3380.895,0,stooq_json,2025-08-05T21:00:00+00:00,2026-03-07 14:18:40
gold_price_proxy,2025-08-06,3369.365,0,stooq_json,2025-08-06T21:00:00+00:00,2026-03-07 14:18:40
gold_price_proxy,2025-08-07,3397.78,0,stooq_json,2025-08-07T21:00:00+00:00,2026-03-07 14:18:40
gold_price_proxy,2025-08-08,3398.505,0,stooq_json,2025-08-08T21:00:00+00:00,2026-03-07 14:18:40
gold_price_proxy,2025-08-11,3342.625,0,stooq_json,2025-08-11T21:00:00+00:00,2026-03-07 14:18:40
gold_price_proxy,2025-08-12,3348.205,0,stooq_json,2025-08-12T21:00:00+00:00,2026-03-07 14:18:40
gold_price_proxy,2025-08-13,3355.995,0,stooq_json,2025-08-13T21:00:00+00:00,2026-03-07 14:18:40
gold_price_proxy,2025-08-14,3335.535,0,stooq_json,2025-08-14T21:00:00+00:00,2026-03-07 14:18:40
gold_price_proxy,2025-08-15,3339.135,0,stooq_json,2025-08-15T21:00:00+00:00,2026-03-07 14:18:40
gold_price_proxy,2025-08-18,3332.915,0,stooq_json,2025-08-18T21:00:00+00:00,2026-03-07 14:18:40
gold_price_proxy,2025-08-19,3315.9,0,stooq_json,2025-08-19T21:00:00+00:00,2026-03-07 14:18:40
gold_price_proxy,2025-08-20,3348.515,0,stooq_json,2025-08-20T21:00:00+00:00,2026-03-07 14:18:40
gold_price_proxy,2025-08-21,3339.075,0,stooq_json,2025-08-21T21:00:00+00:00,2026-03-07 14:18:40
gold_price_proxy,2025-08-22,3373.235,0,stooq_json,2025-08-22T21:00:00+00:00,2026-03-07 14:18:40
gold_price_proxy,2025-08-25,3365.775,0,stooq_json,2025-08-25T21:00:00+00:00,2026-03-07 14:18:40
gold_price_proxy,2025-08-26,3393.685,0,stooq_json,2025-08-26T21:00:00+00:00,2026-03-07 14:18:40
gold_price_proxy,2025-08-27,3397.475,0,stooq_json,2025-08-27T21:00:00+00:00,2026-03-07 14:18:40
gold_price_proxy,2025-08-28,3416.615,0,stooq_json,2025-08-28T21:00:00+00:00,2026-03-07 14:18:40
gold_price_proxy,2025-08-29,3452.355,0,stooq_json,2025-08-29T21:00:00+00:00,2026-03-07 14:18:40
gold_price_proxy,2025-09-01,3476.665,0,stooq_json,2025-09-01T21:00:00+00:00,2026-03-07 14:18:40
gold_price_proxy,2025-09-02,3533.125,0,stooq_json,2025-09-02T21:00:00+00:00,2026-03-07 14:18:40
gold_price_proxy,2025-09-03,3559.605,0,stooq_json,2025-09-03T21:00:00+00:00,2026-03-07 14:18:40
gold_price_proxy,2025-09-04,3545.955,0,stooq_json,2025-09-04T21:00:00+00:00,2026-03-07 14:18:40
gold_price_proxy,2025-09-05,3594.685,0,stooq_json,2025-09-05T21:00:00+00:00,2026-03-07 14:18:40
gold_price_proxy,2025-09-08,3636.02,0,stooq_json,2025-09-08T21:00:00+00:00,2026-03-07 14:18:40
gold_price_proxy,2025-09-09,3626.01,0,stooq_json,2025-09-09T21:00:00+00:00,2026-03-07 14:18:40
gold_price_proxy,2025-09-10,3640.705,0,stooq_json,2025-09-10T21:00:00+00:00,2026-03-07 14:18:40
gold_price_proxy,2025-09-11,3634.035,0,stooq_json,2025-09-11T21:00:00+00:00,2026-03-07 14:18:40
gold_price_proxy,2025-09-12,3644.185,0,stooq_json,2025-09-12T21:00:00+00:00,2026-03-07 14:18:40
gold_price_proxy,2025-09-15,3679.245,0,stooq_json,2025-09-15T21:00:00+00:00,2026-03-07 14:18:40
gold_price_proxy,2025-09-16,3689.805,0,stooq_json,2025-09-16T21:00:00+00:00,2026-03-07 14:18:40
gold_price_proxy,2025-09-17,3659.65,0,stooq_json,2025-09-17T21:00:00+00:00,2026-03-07 14:18:40
gold_price_proxy,2025-09-18,3644.475,0,stooq_json,2025-09-18T21:00:00+00:00,2026-03-07 14:18:40
gold_price_proxy,2025-09-19,3684.445,0,stooq_json,2025-09-19T21:00:00+00:00,2026-03-07 14:18:40
gold_price_proxy,2025-09-22,3746.5,0,stooq_json,2025-09-22T21:00:00+00:00,2026-03-07 14:18:40
gold_price_proxy,2025-09-23,3764.68,0,stooq_json,2025-09-23T21:00:00+00:00,2026-03-07 14:18:40
gold_price_proxy,2025-09-24,3736.135,0,stooq_json,2025-09-24T21:00:00+00:00,2026-03-07 14:18:40
gold_price_proxy,2025-09-25,3749.375,0,stooq_json,2025-09-25T21:00:00+00:00,2026-03-07 14:18:40
gold_price_proxy,2025-09-26,3766.715,0,stooq_json,2025-09-26T21:00:00+00:00,2026-03-07 14:18:40
gold_price_proxy,2025-09-29,3833.46,0,stooq_json,2025-09-29T21:00:00+00:00,2026-03-07 14:18:40
gold_price_proxy,2025-09-30,3858.72,0,stooq_json,2025-09-30T21:00:00+00:00,2026-03-07 14:18:40
gold_price_proxy,2025-10-01,3865.745,0,stooq_json,2025-10-01T21:00:00+00:00,2026-03-07 14:18:40
gold_price_proxy,2025-10-02,3856.605,0,stooq_json,2025-10-02T21:00:00+00:00,2026-03-07 14:18:40
gold_price_proxy,2025-10-03,3885.925,0,stooq_json,2025-10-03T21:00:00+00:00,2026-03-07 14:18:40
gold_price_proxy,2025-10-06,3960.055,0,stooq_json,2025-10-06T21:00:00+00:00,2026-03-07 14:18:40
gold_price_proxy,2025-10-07,3984.845,0,stooq_json,2025-10-07T21:00:00+00:00,2026-03-07 14:18:40
gold_price_proxy,2025-10-08,4041.01,0,stooq_json,2025-10-08T21:00:00+00:00,2026-03-07 14:18:40
gold_price_proxy,2025-10-09,3977.06,0,stooq_json,2025-10-09T21:00:00+00:00,2026-03-07 14:18:40
gold_price_proxy,2025-10-10,4010.675,0,stooq_json,2025-10-10T21:00:00+00:00,2026-03-07 14:18:40
gold_price_proxy,2025-10-13,4110.23,0,stooq_json,2025-10-13T21:00:00+00:00,2026-03-07 14:18:40
gold_price_proxy,2025-10-14,4141.98,0,stooq_json,2025-10-14T21:00:00+00:00,2026-03-07 14:18:40
gold_price_proxy,2025-10-15,4208.05,0,stooq_json,2025-10-15T21:00:00+00:00,2026-03-07 14:18:40
gold_price_proxy,2025-10-16,4328.08,0,stooq_json,2025-10-16T21:00:00+00:00,2026-03-07 14:18:40
gold_price_proxy,2025-10-17,4225.385,0,stooq_json,2025-10-17T21:00:00+00:00,2026-03-07 14:18:40
gold_price_proxy,2025-10-20,4356.07,0,stooq_json,2025-10-20T21:00:00+00:00,2026-03-07 14:18:40
gold_price_proxy,2025-10-21,4124.82,0,stooq_json,2025-10-21T21:00:00+00:00,2026-03-07 14:18:40
gold_price_proxy,2025-10-22,4098.34,0,stooq_json,2025-10-22T21:00:00+00:00,2026-03-07 14:18:40
gold_price_proxy,2025-10-23,4126.67,0,stooq_json,2025-10-23T21:00:00+00:00,2026-03-07 14:18:40
gold_price_proxy,2025-10-24,4103.945,0,stooq_json,2025-10-24T21:00:00+00:00,2026-03-07 14:18:40
gold_price_proxy,2025-10-27,3989.755,0,stooq_json,2025-10-27T21:00:00+00:00,2026-03-07 14:18:40
gold_price_proxy,2025-10-28,3934.685,0,stooq_json,2025-10-28T21:00:00+00:00,2026-03-07 14:18:40
gold_price_proxy,2025-10-29,3941.685,0,stooq_json,2025-10-29T21:00:00+00:00,2026-03-07 14:18:40
gold_price_proxy,2025-10-30,4037.845,0,stooq_json,2025-10-30T21:00:00+00:00,2026-03-07 14:18:40
gold_price_proxy,2025-10-31,4002.775,0,stooq_json,2025-10-31T21:00:00+00:00,2026-03-07 14:18:40
gold_price_proxy,2025-11-03,4001.32,0,stooq_json,2025-11-03T21:00:00+00:00,2026-03-07 14:18:40
gold_price_proxy,2025-11-04,3932.075,0,stooq_json,2025-11-04T21:00:00+00:00,2026-03-07 14:18:40
gold_price_proxy,2025-11-05,3979.68,0,stooq_json,2025-11-05T21:00:00+00:00,2026-03-07 14:18:40
gold_price_proxy,2025-11-06,3977.185,0,stooq_json,2025-11-06T21:00:00+00:00,2026-03-07 14:18:40
gold_price_proxy,2025-11-07,4004.175,0,stooq_json,2025-11-07T21:00:00+00:00,2026-03-07 14:18:40
gold_price_proxy,2025-11-10,4116.025,0,stooq_json,2025-11-10T21:00:00+00:00,2026-03-07 14:18:40
gold_price_proxy,2025-11-11,4126.885,0,stooq_json,2025-11-11T21:00:00+00:00,2026-03-07 14:18:40
gold_price_proxy,2025-11-12,4195.55,0,stooq_json,2025-11-12T21:00:00+00:00,2026-03-07 14:18:40
gold_price_proxy,2025-11-13,4171.125,0,stooq_json,2025-11-13T21:00:00+00:00,2026-03-07 14:18:40
gold_price_proxy,2025-11-14,4087.065,0,stooq_json,2025-11-14T21:00:00+00:00,2026-03-07 14:18:40
gold_price_proxy,2025-11-17,4045.24,0,stooq_json,2025-11-17T21:00:00+00:00,2026-03-07 14:18:40
gold_price_proxy,2025-11-18,4067.335,0,stooq_json,2025-11-18T21:00:00+00:00,2026-03-07 14:18:40
gold_price_proxy,2025-11-19,4077.865,0,stooq_json,2025-11-19T21:00:00+00:00,2026-03-07 14:18:40
gold_price_proxy,2025-11-20,4077.19,0,stooq_json,2025-11-20T21:00:00+00:00,2026-03-07 14:18:40
gold_price_proxy,2025-11-21,4068.485,0,stooq_json,2025-11-21T21:00:00+00:00,2026-03-07 14:18:40
gold_price_proxy,2025-11-24,4135.52,0,stooq_json,2025-11-24T21:00:00+00:00,2026-03-07 14:18:40
gold_price_proxy,2025-11-25,4130.665,0,stooq_json,2025-11-25T21:00:00+00:00,2026-03-07 14:18:40
gold_price_proxy,2025-11-26,4163.42,0,stooq_json,2025-11-26T21:00:00+00:00,2026-03-07 14:18:40
gold_price_proxy,2025-11-27,4157.3,0,stooq_json,2025-11-27T21:00:00+00:00,2026-03-07 14:18:40
gold_price_proxy,2025-11-28,4252.05,0,stooq_json,2025-11-28T21:00:00+00:00,2026-03-07 14:18:40
gold_price_proxy,2025-12-01,4231.515,0,stooq_json,2025-12-01T21:00:00+00:00,2026-03-07 14:18:40
gold_price_proxy,2025-12-02,4206.26,0,stooq_json,2025-12-02T21:00:00+00:00,2026-03-07 14:18:40
gold_price_proxy,2025-12-03,4202.84,0,stooq_json,2025-12-03T21:00:00+00:00,2026-03-07 14:18:40
gold_price_proxy,2025-12-04,4207.915,0,stooq_json,2025-12-04T21:00:00+00:00,2026-03-07 14:18:40
gold_price_proxy,2025-12-05,4202.205,0,stooq_json,2025-12-05T21:00:00+00:00,2026-03-07 14:18:40
gold_price_proxy,2025-12-08,4190.42,0,stooq_json,2025-12-08T21:00:00+00:00,2026-03-07 14:18:40
gold_price_proxy,2025-12-09,4207.715,0,stooq_json,2025-12-09T21:00:00+00:00,2026-03-07 14:18:40
gold_price_proxy,2025-12-10,4228.5,0,stooq_json,2025-12-10T21:00:00+00:00,2026-03-07 14:18:40
gold_price_proxy,2025-12-11,4280.64,0,stooq_json,2025-12-11T21:00:00+00:00,2026-03-07 14:18:40
gold_price_proxy,2025-12-12,4299.9,0,stooq_json,2025-12-12T21:00:00+00:00,2026-03-07 14:18:40
gold_price_proxy,2025-12-15,4305.465,0,stooq_json,2025-12-15T21:00:00+00:00,2026-03-07 14:18:40
gold_price_proxy,2025-12-16,4302.265,0,stooq_json,2025-12-16T21:00:00+00:00,2026-03-07 14:18:40
gold_price_proxy,2025-12-17,4338.77,0,stooq_json,2025-12-17T21:00:00+00:00,2026-03-07 14:18:40
gold_price_proxy,2025-12-18,4332.46,0,stooq_json,2025-12-18T21:00:00+00:00,2026-03-07 14:18:40
gold_price_proxy,2025-12-19,4339.645,0,stooq_json,2025-12-19T21:00:00+00:00,2026-03-07 14:18:40
gold_price_proxy,2025-12-22,4443.265,0,stooq_json,2025-12-22T21:00:00+00:00,2026-03-07 14:18:40
gold_price_proxy,2025-12-23,4484.305,0,stooq_json,2025-12-23T21:00:00+00:00,2026-03-07 14:18:40
gold_price_proxy,2025-12-24,4479.325,0,stooq_json,2025-12-24T21:00:00+00:00,2026-03-07 14:18:40
gold_price_proxy,2025-12-26,4531.58,0,stooq_json,2025-12-26T21:00:00+00:00,2026-03-07 14:18:40
gold_price_proxy,2025-12-29,4332.01,0,stooq_json,2025-12-29T21:00:00+00:00,2026-03-07 14:18:40
gold_price_proxy,2025-12-30,4338.71,0,stooq_json,2025-12-30T21:00:00+00:00,2026-03-07 14:18:40
gold_price_proxy,2025-12-31,4318.59,0,stooq_json,2025-12-31T21:00:00+00:00,2026-03-07 14:18:40
gold_price_proxy,2026-01-02,4331.505,0,stooq_json,2026-01-02T21:00:00+00:00,2026-03-07 14:18:40
gold_price_proxy,2026-01-05,4449.125,0,stooq_json,2026-01-05T21:00:00+00:00,2026-03-07 14:18:40
gold_price_proxy,2026-01-06,4495.035,0,stooq_json,2026-01-06T21:00:00+00:00,2026-03-07 14:18:40
gold_price_proxy,2026-01-07,4456.41,0,stooq_json,2026-01-07T21:00:00+00:00,2026-03-07 14:18:40
gold_price_proxy,2026-01-08,4478.355,0,stooq_json,2026-01-08T21:00:00+00:00,2026-03-07 14:18:40
gold_price_proxy,2026-01-09,4508.015,0,stooq_json,2026-01-09T21:00:00+00:00,2026-03-07 14:18:40
gold_price_proxy,2026-01-12,4598.515,0,stooq_json,2026-01-12T21:00:00+00:00,2026-03-07 14:18:40
gold_price_proxy,2026-01-13,4586.07,0,stooq_json,2026-01-13T21:00:00+00:00,2026-03-07 14:18:40
gold_price_proxy,2026-01-14,4627.52,0,stooq_json,2026-01-14T21:00:00+00:00,2026-03-07 14:18:40
gold_price_proxy,2026-01-15,4616.175,0,stooq_json,2026-01-15T21:00:00+00:00,2026-03-07 14:18:40
gold_price_proxy,2026-01-16,4582.265,0,stooq_json,2026-01-16T21:00:00+00:00,2026-03-07 14:18:40
gold_price_proxy,2026-01-19,4671.02,0,stooq_json,2026-01-19T21:00:00+00:00,2026-03-07 14:18:40
gold_price_proxy,2026-01-20,4763.63,0,stooq_json,2026-01-20T21:00:00+00:00,2026-03-07 14:18:40
gold_price_proxy,2026-01-21,4832.66,0,stooq_json,2026-01-21T21:00:00+00:00,2026-03-07 14:18:40
gold_price_proxy,2026-01-22,4936.16,0,stooq_json,2026-01-22T21:00:00+00:00,2026-03-07 14:18:40
gold_price_proxy,2026-01-23,4981.83,0,stooq_json,2026-01-23T21:00:00+00:00,2026-03-07 14:18:40
gold_price_proxy,2026-01-26,5010.965,0,stooq_json,2026-01-26T21:00:00+00:00,2026-03-07 14:18:40
gold_price_proxy,2026-01-27,5178.535,0,stooq_json,2026-01-27T21:00:00+00:00,2026-03-07 14:18:40
gold_price_proxy,2026-01-28,5415.17,0,stooq_json,2026-01-28T21:00:00+00:00,2026-03-07 14:18:40
gold_price_proxy,2026-01-29,5378.77,0,stooq_json,2026-01-29T21:00:00+00:00,2026-03-07 14:18:40
gold_price_proxy,2026-01-30,4847.87,0,stooq_json,2026-01-30T21:00:00+00:00,2026-03-07 14:18:40
gold_price_proxy,2026-02-02,4661.28,0,stooq_json,2026-02-02T21:00:00+00:00,2026-03-07 14:18:40
gold_price_proxy,2026-02-03,4947.22,0,stooq_json,2026-02-03T21:00:00+00:00,2026-03-07 14:18:40
gold_price_proxy,2026-02-04,4965.0,0,stooq_json,2026-02-04T21:00:00+00:00,2026-03-07 14:18:40
gold_price_proxy,2026-02-05,4779.63,0,stooq_json,2026-02-05T21:00:00+00:00,2026-03-07 14:18:40
gold_price_proxy,2026-02-06,4952.97,0,stooq_json,2026-02-06T21:00:00+00:00,2026-03-07 14:18:40
gold_price_proxy,2026-02-09,5058.52,0,stooq_json,2026-02-09T21:00:00+00:00,2026-03-07 14:18:40
gold_price_proxy,2026-02-10,5025.48,0,stooq_json,2026-02-10T21:00:00+00:00,2026-03-07 14:18:40
gold_price_proxy,2026-02-11,5084.65,0,stooq_json,2026-02-11T21:00:00+00:00,2026-03-07 14:18:40
gold_price_proxy,2026-02-12,4921.96,0,stooq_json,2026-02-12T21:00:00+00:00,2026-03-07 14:18:40
gold_price_proxy,2026-02-13,5032.915,0,stooq_json,2026-02-13T21:00:00+00:00,2026-03-07 14:18:40
gold_price_proxy,2026-02-16,4992.47,0,stooq_json,2026-02-16T21:00:00+00:00,2026-03-07 14:18:40
gold_price_proxy,2026-02-17,4877.525,0,stooq_json,2026-02-17T21:00:00+00:00,2026-03-07 14:18:40
gold_price_proxy,2026-02-18,4977.445,0,stooq_json,2026-02-18T21:00:00+00:00,2026-03-07 14:18:40
gold_price_proxy,2026-02-19,4996.325,0,stooq_json,2026-02-19T21:00:00+00:00,2026-03-07 14:18:40
gold_price_proxy,2026-02-20,5097.435,0,stooq_json,2026-02-20T21:00:00+00:00,2026-03-07 14:18:40
gold_price_proxy,2026-03-02,5174.0,0,goldapi_com,2026-03-02T21:00:00+00:00,2026-03-07 14:26:27
gold_price_proxy,2026-03-03,5174.0,0,goldapi_com,2026-03-03T21:00:00+00:00,2026-03-07 14:26:27
gold_price_proxy,2026-03-04,5174.0,0,goldapi_com,2026-03-04T21:00:00+00:00,2026-03-07 14:26:27
gold_price_proxy,2026-03-05,5174.0,0,goldapi_com,2026-03-05T21:00:00+00:00,2026-03-07 14:26:27
gold_price_proxy,2026-03-06,5174.0,0,goldapi_com,2026-03-06T21:00:00+00:00,2026-03-07 14:26:27
rates_vol_stress_move,2021-03-08,71.6500015258789,0,yahoo,2026-03-07T14:31:16.116878+00:00,2026-03-07 14:31:16
rates_vol_stress_move,2021-03-09,67.44000244140625,0,yahoo,2026-03-07T14:31:16.116878+00:00,2026-03-07 14:31:16
rates_vol_stress_move,2021-03-10,63.189998626708984,0,yahoo,2026-03-07T14:31:16.116878+00:00,2026-03-07 14:31:16
rates_vol_stress_move,2021-03-11,63.900001525878906,0,yahoo,2026-03-07T14:31:16.116878+00:00,2026-03-07 14:31:16
rates_vol_stress_move,2021-03-12,70.83000183105469,0,yahoo,2026-03-07T14:31:16.116878+00:00,2026-03-07 14:31:16
rates_vol_stress_move,2021-03-15,70.79000091552734,0,yahoo,2026-03-07T14:31:16.116878+00:00,2026-03-07 14:31:16
rates_vol_stress_move,2021-03-16,70.80999755859375,0,yahoo,2026-03-07T14:31:16.116878+00:00,2026-03-07 14:31:16
rates_vol_stress_move,2021-03-17,66.75,0,yahoo,2026-03-07T14:31:16.116878+00:00,2026-03-07 14:31:16
rates_vol_stress_move,2021-03-18,70.4800033569336,0,yahoo,2026-03-07T14:31:16.116878+00:00,2026-03-07 14:31:16
rates_vol_stress_move,2021-03-19,68.80000305175781,0,yahoo,2026-03-07T14:31:16.116878+00:00,2026-03-07 14:31:16
rates_vol_stress_move,2021-03-22,67.62000274658203,0,yahoo,2026-03-07T14:31:16.116878+00:00,2026-03-07 14:31:16
rates_vol_stress_move,2021-03-23,60.77000045776367,0,yahoo,2026-03-07T14:31:16.116878+00:00,2026-03-07 14:31:16
rates_vol_stress_move,2021-03-24,60.709999084472656,0,yahoo,2026-03-07T14:31:16.116878+00:00,2026-03-07 14:31:16
rates_vol_stress_move,2021-03-25,59.540000915527344,0,yahoo,2026-03-07T14:31:16.116878+00:00,2026-03-07 14:31:16
rates_vol_stress_move,2021-03-26,61.4900016784668,0,yahoo,2026-03-07T14:31:16.116878+00:00,2026-03-07 14:31:16
rates_vol_stress_move,2021-03-29,65.95999908447266,0,yahoo,2026-03-07T14:31:16.116878+00:00,2026-03-07 14:31:16
rates_vol_stress_move,2021-03-30,67.44000244140625,0,yahoo,2026-03-07T14:31:16.116878+00:00,2026-03-07 14:31:16
rates_vol_stress_move,2021-03-31,71.2699966430664,0,yahoo,2026-03-07T14:31:16.116878+00:00,2026-03-07 14:31:16
rates_vol_stress_move,2021-04-01,64.98999786376953,0,yahoo,2026-03-07T14:31:16.116878+00:00,2026-03-07 14:31:16
rates_vol_stress_move,2021-04-05,61.790000915527344,0,yahoo,2026-03-07T14:31:16.116878+00:00,2026-03-07 14:31:16
rates_vol_stress_move,2021-04-06,60.290000915527344,0,yahoo,2026-03-07T14:31:16.116878+00:00,2026-03-07 14:31:16
rates_vol_stress_move,2021-04-07,62.540000915527344,0,yahoo,2026-03-07T14:31:16.116878+00:00,2026-03-07 14:31:16
rates_vol_stress_move,2021-04-08,60.08000183105469,0,yahoo,2026-03-07T14:31:16.116878+00:00,2026-03-07 14:31:16
rates_vol_stress_move,2021-04-09,61.209999084472656,0,yahoo,2026-03-07T14:31:16.116878+00:00,2026-03-07 14:31:16
rates_vol_stress_move,2021-04-12,63.5,0,yahoo,2026-03-07T14:31:16.116878+00:00,2026-03-07 14:31:16
rates_vol_stress_move,2021-04-13,61.20000076293945,0,yahoo,2026-03-07T14:31:16.116878+00:00,2026-03-07 14:31:16
rates_vol_stress_move,2021-04-14,60.08000183105469,0,yahoo,2026-03-07T14:31:16.116878+00:00,2026-03-07 14:31:16
rates_vol_stress_move,2021-04-15,59.04999923706055,0,yahoo,2026-03-07T14:31:16.116878+00:00,2026-03-07 14:31:16
rates_vol_stress_move,2021-04-16,62.56999969482422,0,yahoo,2026-03-07T14:31:16.116878+00:00,2026-03-07 14:31:16
rates_vol_stress_move,2021-04-19,63.959999084472656,0,yahoo,2026-03-07T14:31:16.116878+00:00,2026-03-07 14:31:16
rates_vol_stress_move,2021-04-20,64.3499984741211,0,yahoo,2026-03-07T14:31:16.116878+00:00,2026-03-07 14:31:16
rates_vol_stress_move,2021-04-21,62.27000045776367,0,yahoo,2026-03-07T14:31:16.116878+00:00,2026-03-07 14:31:16
rates_vol_stress_move,2021-04-22,59.619998931884766,0,yahoo,2026-03-07T14:31:16.116878+00:00,2026-03-07 14:31:16
rates_vol_stress_move,2021-04-23,59.97999954223633,0,yahoo,2026-03-07T14:31:16.116878+00:00,2026-03-07 14:31:16
rates_vol_stress_move,2021-04-26,60.97999954223633,0,yahoo,2026-03-07T14:31:16.116878+00:00,2026-03-07 14:31:16
rates_vol_stress_move,2021-04-27,60.150001525878906,0,yahoo,2026-03-07T14:31:16.116878+00:00,2026-03-07 14:31:16
rates_vol_stress_move,2021-04-28,60.310001373291016,0,yahoo,2026-03-07T14:31:16.116878+00:00,2026-03-07 14:31:16
rates_vol_stress_move,2021-04-29,59.02000045776367,0,yahoo,2026-03-07T14:31:16.116878+00:00,2026-03-07 14:31:16
rates_vol_stress_move,2021-04-30,58.130001068115234,0,yahoo,2026-03-07T14:31:16.116878+00:00,2026-03-07 14:31:16
rates_vol_stress_move,2021-05-03,57.33000183105469,0,yahoo,2026-03-07T14:31:16.116878+00:00,2026-03-07 14:31:16
rates_vol_stress_move,2021-05-04,58.5099983215332,0,yahoo,2026-03-07T14:31:16.116878+00:00,2026-03-07 14:31:16
rates_vol_stress_move,2021-05-05,56.93000030517578,0,yahoo,2026-03-07T14:31:16.116878+00:00,2026-03-07 14:31:16
rates_vol_stress_move,2021-05-06,57.75,0,yahoo,2026-03-07T14:31:16.116878+00:00,2026-03-07 14:31:16
rates_vol_stress_move,2021-05-07,54.130001068115234,0,yahoo,2026-03-07T14:31:16.116878+00:00,2026-03-07 14:31:16
rates_vol_stress_move,2021-05-10,55.47999954223633,0,yahoo,2026-03-07T14:31:16.116878+00:00,2026-03-07 14:31:16
rates_vol_stress_move,2021-05-11,58.0099983215332,0,yahoo,2026-03-07T14:31:16.116878+00:00,2026-03-07 14:31:16
rates_vol_stress_move,2021-05-12,58.470001220703125,0,yahoo,2026-03-07T14:31:16.116878+00:00,2026-03-07 14:31:16
rates_vol_stress_move,2021-05-13,56.59000015258789,0,yahoo,2026-03-07T14:31:16.116878+00:00,2026-03-07 14:31:16
rates_vol_stress_move,2021-05-14,54.9900016784668,0,yahoo,2026-03-07T14:31:16.116878+00:00,2026-03-07 14:31:16
rates_vol_stress_move,2021-05-17,58.59000015258789,0,yahoo,2026-03-07T14:31:16.116878+00:00,2026-03-07 14:31:16
rates_vol_stress_move,2021-05-18,57.18000030517578,0,yahoo,2026-03-07T14:31:16.116878+00:00,2026-03-07 14:31:16
rates_vol_stress_move,2021-05-19,57.310001373291016,0,yahoo,2026-03-07T14:31:16.116878+00:00,2026-03-07 14:31:16
rates_vol_stress_move,2021-05-20,55.040000915527344,0,yahoo,2026-03-07T14:31:16.116878+00:00,2026-03-07 14:31:16
rates_vol_stress_move,2021-05-21,54.59000015258789,0,yahoo,2026-03-07T14:31:16.116878+00:00,2026-03-07 14:31:16
rates_vol_stress_move,2021-05-24,54.939998626708984,0,yahoo,2026-03-07T14:31:16.116878+00:00,2026-03-07 14:31:16
rates_vol_stress_move,2021-05-25,53.720001220703125,0,yahoo,2026-03-07T14:31:16.116878+00:00,2026-03-07 14:31:16
rates_vol_stress_move,2021-05-26,52.81999969482422,0,yahoo,2026-03-07T14:31:16.116878+00:00,2026-03-07 14:31:16
rates_vol_stress_move,2021-05-27,53.470001220703125,0,yahoo,2026-03-07T14:31:16.116878+00:00,2026-03-07 14:31:16
rates_vol_stress_move,2021-05-28,52.040000915527344,0,yahoo,2026-03-07T14:31:16.116878+00:00,2026-03-07 14:31:16
rates_vol_stress_move,2021-06-01,54.9900016784668,0,yahoo,2026-03-07T14:31:16.116878+00:00,2026-03-07 14:31:16
rates_vol_stress_move,2021-06-02,55.209999084472656,0,yahoo,2026-03-07T14:31:16.116878+00:00,2026-03-07 14:31:16
rates_vol_stress_move,2021-06-03,53.959999084472656,0,yahoo,2026-03-07T14:31:16.116878+00:00,2026-03-07 14:31:16
rates_vol_stress_move,2021-06-04,49.779998779296875,0,yahoo,2026-03-07T14:31:16.116878+00:00,2026-03-07 14:31:16
rates_vol_stress_move,2021-06-07,49.54999923706055,0,yahoo,2026-03-07T14:31:16.116878+00:00,2026-03-07 14:31:16
rates_vol_stress_move,2021-06-08,49.93000030517578,0,yahoo,2026-03-07T14:31:16.116878+00:00,2026-03-07 14:31:16
rates_vol_stress_move,2021-06-09,52.84000015258789,0,yahoo,2026-03-07T14:31:16.116878+00:00,2026-03-07 14:31:16
rates_vol_stress_move,2021-06-10,48.2599983215332,0,yahoo,2026-03-07T14:31:16.116878+00:00,2026-03-07 14:31:16
rates_vol_stress_move,2021-06-11,50.849998474121094,0,yahoo,2026-03-07T14:31:16.116878+00:00,2026-03-07 14:31:16
rates_vol_stress_move,2021-06-14,54.029998779296875,0,yahoo,2026-03-07T14:31:16.116878+00:00,2026-03-07 14:31:16
rates_vol_stress_move,2021-06-15,52.91999816894531,0,yahoo,2026-03-07T14:31:16.116878+00:00,2026-03-07 14:31:16
rates_vol_stress_move,2021-06-16,54.279998779296875,0,yahoo,2026-03-07T14:31:16.116878+00:00,2026-03-07 14:31:16
rates_vol_stress_move,2021-06-17,54.90999984741211,0,yahoo,2026-03-07T14:31:16.116878+00:00,2026-03-07 14:31:16
rates_vol_stress_move,2021-06-18,60.45000076293945,0,yahoo,2026-03-07T14:31:16.116878+00:00,2026-03-07 14:31:16
rates_vol_stress_move,2021-06-21,61.86000061035156,0,yahoo,2026-03-07T14:31:16.116878+00:00,2026-03-07 14:31:16
rates_vol_stress_move,2021-06-22,58.63999938964844,0,yahoo,2026-03-07T14:31:16.116878+00:00,2026-03-07 14:31:16
rates_vol_stress_move,2021-06-23,55.599998474121094,0,yahoo,2026-03-07T14:31:16.116878+00:00,2026-03-07 14:31:16
rates_vol_stress_move,2021-06-24,54.83000183105469,0,yahoo,2026-03-07T14:31:16.116878+00:00,2026-03-07 14:31:16
rates_vol_stress_move,2021-06-25,55.58000183105469,0,yahoo,2026-03-07T14:31:16.116878+00:00,2026-03-07 14:31:16
rates_vol_stress_move,2021-06-28,56.33000183105469,0,yahoo,2026-03-07T14:31:16.116878+00:00,2026-03-07 14:31:16
rates_vol_stress_move,2021-06-29,56.79999923706055,0,yahoo,2026-03-07T14:31:16.116878+00:00,2026-03-07 14:31:16
rates_vol_stress_move,2021-06-30,57.27000045776367,0,yahoo,2026-03-07T14:31:16.116878+00:00,2026-03-07 14:31:16
rates_vol_stress_move,2021-07-01,57.52000045776367,0,yahoo,2026-03-07T14:31:16.116878+00:00,2026-03-07 14:31:16
rates_vol_stress_move,2021-07-02,52.40999984741211,0,yahoo,2026-03-07T14:31:16.116878+00:00,2026-03-07 14:31:16
rates_vol_stress_move,2021-07-06,56.54999923706055,0,yahoo,2026-03-07T14:31:16.116878+00:00,2026-03-07 14:31:16
rates_vol_stress_move,2021-07-07,60.650001525878906,0,yahoo,2026-03-07T14:31:16.116878+00:00,2026-03-07 14:31:16
rates_vol_stress_move,2021-07-08,61.68000030517578,0,yahoo,2026-03-07T14:31:16.116878+00:00,2026-03-07 14:31:16
rates_vol_stress_move,2021-07-09,59.91999816894531,0,yahoo,2026-03-07T14:31:16.116878+00:00,2026-03-07 14:31:16
rates_vol_stress_move,2021-07-12,60.779998779296875,0,yahoo,2026-03-07T14:31:16.116878+00:00,2026-03-07 14:31:16
rates_vol_stress_move,2021-07-13,60.79999923706055,0,yahoo,2026-03-07T14:31:16.116878+00:00,2026-03-07 14:31:16
rates_vol_stress_move,2021-07-14,57.310001373291016,0,yahoo,2026-03-07T14:31:16.116878+00:00,2026-03-07 14:31:16
rates_vol_stress_move,2021-07-15,56.97999954223633,0,yahoo,2026-03-07T14:31:16.116878+00:00,2026-03-07 14:31:16
rates_vol_stress_move,2021-07-16,58.2400016784668,0,yahoo,2026-03-07T14:31:16.116878+00:00,2026-03-07 14:31:16
rates_vol_stress_move,2021-07-19,67.58000183105469,0,yahoo,2026-03-07T14:31:16.116878+00:00,2026-03-07 14:31:16
rates_vol_stress_move,2021-07-20,69.30999755859375,0,yahoo,2026-03-07T14:31:16.116878+00:00,2026-03-07 14:31:16
rates_vol_stress_move,2021-07-21,65.27999877929688,0,yahoo,2026-03-07T14:31:16.116878+00:00,2026-03-07 14:31:16
rates_vol_stress_move,2021-07-22,64.95999908447266,0,yahoo,2026-03-07T14:31:16.116878+00:00,2026-03-07 14:31:16
rates_vol_stress_move,2021-07-23,65.27999877929688,0,yahoo,2026-03-07T14:31:16.116878+00:00,2026-03-07 14:31:16
rates_vol_stress_move,2021-07-26,69.02999877929688,0,yahoo,2026-03-07T14:31:16.116878+00:00,2026-03-07 14:31:16
rates_vol_stress_move,2021-07-27,70.06999969482422,0,yahoo,2026-03-07T14:31:16.116878+00:00,2026-03-07 14:31:16
rates_vol_stress_move,2021-07-28,62.400001525878906,0,yahoo,2026-03-07T14:31:16.116878+00:00,2026-03-07 14:31:16
rates_vol_stress_move,2021-07-29,62.08000183105469,0,yahoo,2026-03-07T14:31:16.116878+00:00,2026-03-07 14:31:16
rates_vol_stress_move,2021-07-30,61.189998626708984,0,yahoo,2026-03-07T14:31:16.116878+00:00,2026-03-07 14:31:16
rates_vol_stress_move,2021-08-02,64.29000091552734,0,yahoo,2026-03-07T14:31:16.116878+00:00,2026-03-07 14:31:16
rates_vol_stress_move,2021-08-03,65.41999816894531,0,yahoo,2026-03-07T14:31:16.116878+00:00,2026-03-07 14:31:16
rates_vol_stress_move,2021-08-04,62.66999816894531,0,yahoo,2026-03-07T14:31:16.116878+00:00,2026-03-07 14:31:16
rates_vol_stress_move,2021-08-05,63.56999969482422,0,yahoo,2026-03-07T14:31:16.116878+00:00,2026-03-07 14:31:16
rates_vol_stress_move,2021-08-06,62.63999938964844,0,yahoo,2026-03-07T14:31:16.116878+00:00,2026-03-07 14:31:16
rates_vol_stress_move,2021-08-09,65.72000122070312,0,yahoo,2026-03-07T14:31:16.116878+00:00,2026-03-07 14:31:16
rates_vol_stress_move,2021-08-10,66.55000305175781,0,yahoo,2026-03-07T14:31:16.116878+00:00,2026-03-07 14:31:16
rates_vol_stress_move,2021-08-11,60.65999984741211,0,yahoo,2026-03-07T14:31:16.116878+00:00,2026-03-07 14:31:16
rates_vol_stress_move,2021-08-12,57.38999938964844,0,yahoo,2026-03-07T14:31:16.116878+00:00,2026-03-07 14:31:16
rates_vol_stress_move,2021-08-13,55.45000076293945,0,yahoo,2026-03-07T14:31:16.116878+00:00,2026-03-07 14:31:16
rates_vol_stress_move,2021-08-16,59.400001525878906,0,yahoo,2026-03-07T14:31:16.116878+00:00,2026-03-07 14:31:16
rates_vol_stress_move,2021-08-17,60.279998779296875,0,yahoo,2026-03-07T14:31:16.116878+00:00,2026-03-07 14:31:16
rates_vol_stress_move,2021-08-18,58.04999923706055,0,yahoo,2026-03-07T14:31:16.116878+00:00,2026-03-07 14:31:16
rates_vol_stress_move,2021-08-19,59.380001068115234,0,yahoo,2026-03-07T14:31:16.116878+00:00,2026-03-07 14:31:16
rates_vol_stress_move,2021-08-20,59.95000076293945,0,yahoo,2026-03-07T14:31:16.116878+00:00,2026-03-07 14:31:16
rates_vol_stress_move,2021-08-23,62.22999954223633,0,yahoo,2026-03-07T14:31:16.116878+00:00,2026-03-07 14:31:16
rates_vol_stress_move,2021-08-24,63.029998779296875,0,yahoo,2026-03-07T14:31:16.116878+00:00,2026-03-07 14:31:16
rates_vol_stress_move,2021-08-25,64.51000213623047,0,yahoo,2026-03-07T14:31:16.116878+00:00,2026-03-07 14:31:16
rates_vol_stress_move,2021-08-26,63.40999984741211,0,yahoo,2026-03-07T14:31:16.116878+00:00,2026-03-07 14:31:16
rates_vol_stress_move,2021-08-27,57.97999954223633,0,yahoo,2026-03-07T14:31:16.116878+00:00,2026-03-07 14:31:16
rates_vol_stress_move,2021-08-30,60.13999938964844,0,yahoo,2026-03-07T14:31:16.116878+00:00,2026-03-07 14:31:16
rates_vol_stress_move,2021-08-31,59.540000915527344,0,yahoo,2026-03-07T14:31:16.116878+00:00,2026-03-07 14:31:16
rates_vol_stress_move,2021-09-01,58.09000015258789,0,yahoo,2026-03-07T14:31:16.116878+00:00,2026-03-07 14:31:16
rates_vol_stress_move,2021-09-02,55.79999923706055,0,yahoo,2026-03-07T14:31:16.116878+00:00,2026-03-07 14:31:16
rates_vol_stress_move,2021-09-03,53.2599983215332,0,yahoo,2026-03-07T14:31:16.116878+00:00,2026-03-07 14:31:16
rates_vol_stress_move,2021-09-07,57.04999923706055,0,yahoo,2026-03-07T14:31:16.116878+00:00,2026-03-07 14:31:16
rates_vol_stress_move,2021-09-08,57.02000045776367,0,yahoo,2026-03-07T14:31:16.116878+00:00,2026-03-07 14:31:16
rates_vol_stress_move,2021-09-09,52.61000061035156,0,yahoo,2026-03-07T14:31:16.116878+00:00,2026-03-07 14:31:16
rates_vol_stress_move,2021-09-10,51.72999954223633,0,yahoo,2026-03-07T14:31:16.116878+00:00,2026-03-07 14:31:16
rates_vol_stress_move,2021-09-13,53.099998474121094,0,yahoo,2026-03-07T14:31:16.116878+00:00,2026-03-07 14:31:16
rates_vol_stress_move,2021-09-14,51.72999954223633,0,yahoo,2026-03-07T14:31:16.116878+00:00,2026-03-07 14:31:16
rates_vol_stress_move,2021-09-15,53.93000030517578,0,yahoo,2026-03-07T14:31:16.116878+00:00,2026-03-07 14:31:16
rates_vol_stress_move,2021-09-16,53.70000076293945,0,yahoo,2026-03-07T14:31:16.116878+00:00,2026-03-07 14:31:16
rates_vol_stress_move,2021-09-17,56.060001373291016,0,yahoo,2026-03-07T14:31:16.116878+00:00,2026-03-07 14:31:16
rates_vol_stress_move,2021-09-20,59.58000183105469,0,yahoo,2026-03-07T14:31:16.116878+00:00,2026-03-07 14:31:16
rates_vol_stress_move,2021-09-21,59.20000076293945,0,yahoo,2026-03-07T14:31:16.116878+00:00,2026-03-07 14:31:16
rates_vol_stress_move,2021-09-22,55.91999816894531,0,yahoo,2026-03-07T14:31:16.116878+00:00,2026-03-07 14:31:16
rates_vol_stress_move,2021-09-23,56.790000915527344,0,yahoo,2026-03-07T14:31:16.116878+00:00,2026-03-07 14:31:16
rates_vol_stress_move,2021-09-24,58.459999084472656,0,yahoo,2026-03-07T14:31:16.116878+00:00,2026-03-07 14:31:16
rates_vol_stress_move,2021-09-27,60.5,0,yahoo,2026-03-07T14:31:16.116878+00:00,2026-03-07 14:31:16
rates_vol_stress_move,2021-09-28,62.709999084472656,0,yahoo,2026-03-07T14:31:16.116878+00:00,2026-03-07 14:31:16
rates_vol_stress_move,2021-09-29,61.209999084472656,0,yahoo,2026-03-07T14:31:16.116878+00:00,2026-03-07 14:31:16
rates_vol_stress_move,2021-09-30,61.06999969482422,0,yahoo,2026-03-07T14:31:16.116878+00:00,2026-03-07 14:31:16
rates_vol_stress_move,2021-10-01,57.380001068115234,0,yahoo,2026-03-07T14:31:16.116878+00:00,2026-03-07 14:31:16
rates_vol_stress_move,2021-10-04,60.61000061035156,0,yahoo,2026-03-07T14:31:16.116878+00:00,2026-03-07 14:31:16
rates_vol_stress_move,2021-10-05,62.83000183105469,0,yahoo,2026-03-07T14:31:16.116878+00:00,2026-03-07 14:31:16
rates_vol_stress_move,2021-10-06,60.650001525878906,0,yahoo,2026-03-07T14:31:16.116878+00:00,2026-03-07 14:31:16
rates_vol_stress_move,2021-10-07,60.90999984741211,0,yahoo,2026-03-07T14:31:16.116878+00:00,2026-03-07 14:31:16
rates_vol_stress_move,2021-10-08,59.650001525878906,0,yahoo,2026-03-07T14:31:16.116878+00:00,2026-03-07 14:31:16
rates_vol_stress_move,2021-10-12,62.95000076293945,0,yahoo,2026-03-07T14:31:16.116878+00:00,2026-03-07 14:31:16
rates_vol_stress_move,2021-10-13,60.84000015258789,0,yahoo,2026-03-07T14:31:16.116878+00:00,2026-03-07 14:31:16
rates_vol_stress_move,2021-10-14,59.349998474121094,0,yahoo,2026-03-07T14:31:16.116878+00:00,2026-03-07 14:31:16
rates_vol_stress_move,2021-10-15,62.70000076293945,0,yahoo,2026-03-07T14:31:16.116878+00:00,2026-03-07 14:31:16
rates_vol_stress_move,2021-10-18,70.7699966430664,0,yahoo,2026-03-07T14:31:16.116878+00:00,2026-03-07 14:31:16
rates_vol_stress_move,2021-10-19,68.25,0,yahoo,2026-03-07T14:31:16.116878+00:00,2026-03-07 14:31:16
rates_vol_stress_move,2021-10-20,65.47000122070312,0,yahoo,2026-03-07T14:31:16.116878+00:00,2026-03-07 14:31:16
rates_vol_stress_move,2021-10-21,69.41999816894531,0,yahoo,2026-03-07T14:31:16.116878+00:00,2026-03-07 14:31:16
rates_vol_stress_move,2021-10-22,72.04000091552734,0,yahoo,2026-03-07T14:31:16.116878+00:00,2026-03-07 14:31:16
rates_vol_stress_move,2021-10-25,68.95999908447266,0,yahoo,2026-03-07T14:31:16.116878+00:00,2026-03-07 14:31:16
rates_vol_stress_move,2021-10-26,66.69999694824219,0,yahoo,2026-03-07T14:31:16.116878+00:00,2026-03-07 14:31:16
rates_vol_stress_move,2021-10-27,70.05999755859375,0,yahoo,2026-03-07T14:31:16.116878+00:00,2026-03-07 14:31:16
rates_vol_stress_move,2021-10-28,71.95999908447266,0,yahoo,2026-03-07T14:31:16.116878+00:00,2026-03-07 14:31:16
rates_vol_stress_move,2021-10-29,75.44999694824219,0,yahoo,2026-03-07T14:31:16.116878+00:00,2026-03-07 14:31:16
rates_vol_stress_move,2021-11-01,78.33999633789062,0,yahoo,2026-03-07T14:31:16.116878+00:00,2026-03-07 14:31:16
rates_vol_stress_move,2021-11-02,71.04000091552734,0,yahoo,2026-03-07T14:31:16.116878+00:00,2026-03-07 14:31:16
rates_vol_stress_move,2021-11-03,71.22000122070312,0,yahoo,2026-03-07T14:31:16.116878+00:00,2026-03-07 14:31:16
rates_vol_stress_move,2021-11-04,64.61000061035156,0,yahoo,2026-03-07T14:31:16.116878+00:00,2026-03-07 14:31:16
rates_vol_stress_move,2021-11-05,66.9000015258789,0,yahoo,2026-03-07T14:31:16.116878+00:00,2026-03-07 14:31:16
rates_vol_stress_move,2021-11-08,70.97000122070312,0,yahoo,2026-03-07T14:31:16.116878+00:00,2026-03-07 14:31:16
rates_vol_stress_move,2021-11-09,73.0199966430664,0,yahoo,2026-03-07T14:31:16.116878+00:00,2026-03-07 14:31:16
rates_vol_stress_move,2021-11-10,78.30999755859375,0,yahoo,2026-03-07T14:31:16.116878+00:00,2026-03-07 14:31:16
rates_vol_stress_move,2021-11-12,78.61000061035156,0,yahoo,2026-03-07T14:31:16.116878+00:00,2026-03-07 14:31:16
rates_vol_stress_move,2021-11-15,81.58999633789062,0,yahoo,2026-03-07T14:31:16.116878+00:00,2026-03-07 14:31:16
rates_vol_stress_move,2021-11-16,81.58000183105469,0,yahoo,2026-03-07T14:31:16.116878+00:00,2026-03-07 14:31:16
rates_vol_stress_move,2021-11-17,81.58000183105469,0,yahoo,2026-03-07T14:31:16.116878+00:00,2026-03-07 14:31:16
rates_vol_stress_move,2021-11-18,74.51000213623047,0,yahoo,2026-03-07T14:31:16.116878+00:00,2026-03-07 14:31:16
rates_vol_stress_move,2021-11-19,73.38999938964844,0,yahoo,2026-03-07T14:31:16.116878+00:00,2026-03-07 14:31:16
rates_vol_stress_move,2021-11-22,79.20999908447266,0,yahoo,2026-03-07T14:31:16.116878+00:00,2026-03-07 14:31:16
rates_vol_stress_move,2021-11-23,80.56999969482422,0,yahoo,2026-03-07T14:31:16.116878+00:00,2026-03-07 14:31:16
rates_vol_stress_move,2021-11-24,83.1500015258789,0,yahoo,2026-03-07T14:31:16.116878+00:00,2026-03-07 14:31:16
rates_vol_stress_move,2021-11-26,89.44999694824219,0,yahoo,2026-03-07T14:31:16.116878+00:00,2026-03-07 14:31:16
rates_vol_stress_move,2021-11-29,89.41000366210938,0,yahoo,2026-03-07T14:31:16.116878+00:00,2026-03-07 14:31:16
rates_vol_stress_move,2021-11-30,84.04000091552734,0,yahoo,2026-03-07T14:31:16.116878+00:00,2026-03-07 14:31:16
rates_vol_stress_move,2021-12-01,82.97000122070312,0,yahoo,2026-03-07T14:31:16.116878+00:00,2026-03-07 14:31:16
rates_vol_stress_move,2021-12-02,82.55000305175781,0,yahoo,2026-03-07T14:31:16.116878+00:00,2026-03-07 14:31:16
rates_vol_stress_move,2021-12-03,79.13999938964844,0,yahoo,2026-03-07T14:31:16.116878+00:00,2026-03-07 14:31:16
rates_vol_stress_move,2021-12-06,87.88999938964844,0,yahoo,2026-03-07T14:31:16.116878+00:00,2026-03-07 14:31:16
rates_vol_stress_move,2021-12-07,88.13999938964844,0,yahoo,2026-03-07T14:31:16.116878+00:00,2026-03-07 14:31:16
rates_vol_stress_move,2021-12-08,80.29000091552734,0,yahoo,2026-03-07T14:31:16.116878+00:00,2026-03-07 14:31:16
rates_vol_stress_move,2021-12-09,79.54000091552734,0,yahoo,2026-03-07T14:31:16.116878+00:00,2026-03-07 14:31:16
rates_vol_stress_move,2021-12-10,74.36000061035156,0,yahoo,2026-03-07T14:31:16.116878+00:00,2026-03-07 14:31:16
rates_vol_stress_move,2021-12-13,76.41000366210938,0,yahoo,2026-03-07T14:31:16.116878+00:00,2026-03-07 14:31:16
rates_vol_stress_move,2021-12-14,78.9800033569336,0,yahoo,2026-03-07T14:31:16.116878+00:00,2026-03-07 14:31:16
rates_vol_stress_move,2021-12-15,74.05999755859375,0,yahoo,2026-03-07T14:31:16.116878+00:00,2026-03-07 14:31:16
rates_vol_stress_move,2021-12-16,69.0999984741211,0,yahoo,2026-03-07T14:31:16.116878+00:00,2026-03-07 14:31:16
rates_vol_stress_move,2021-12-17,72.45999908447266,0,yahoo,2026-03-07T14:31:16.116878+00:00,2026-03-07 14:31:16
rates_vol_stress_move,2021-12-20,77.0199966430664,0,yahoo,2026-03-07T14:31:16.116878+00:00,2026-03-07 14:31:16
rates_vol_stress_move,2021-12-21,79.5199966430664,0,yahoo,2026-03-07T14:31:16.116878+00:00,2026-03-07 14:31:16
rates_vol_stress_move,2021-12-22,76.8499984741211,0,yahoo,2026-03-07T14:31:16.116878+00:00,2026-03-07 14:31:16
rates_vol_stress_move,2021-12-23,77.29000091552734,0,yahoo,2026-03-07T14:31:16.116878+00:00,2026-03-07 14:31:16
rates_vol_stress_move,2021-12-27,80.12000274658203,0,yahoo,2026-03-07T14:31:16.116878+00:00,2026-03-07 14:31:16
rates_vol_stress_move,2021-12-28,77.5199966430664,0,yahoo,2026-03-07T14:31:16.116878+00:00,2026-03-07 14:31:16
rates_vol_stress_move,2021-12-29,78.0,0,yahoo,2026-03-07T14:31:16.116878+00:00,2026-03-07 14:31:16
rates_vol_stress_move,2021-12-30,77.62000274658203,0,yahoo,2026-03-07T14:31:16.116878+00:00,2026-03-07 14:31:16
rates_vol_stress_move,2021-12-31,77.0999984741211,0,yahoo,2026-03-07T14:31:16.116878+00:00,2026-03-07 14:31:16
rates_vol_stress_move,2022-01-03,84.08000183105469,0,yahoo,2026-03-07T14:31:16.116878+00:00,2026-03-07 14:31:16
rates_vol_stress_move,2022-01-04,83.11000061035156,0,yahoo,2026-03-07T14:31:16.116878+00:00,2026-03-07 14:31:16
rates_vol_stress_move,2022-01-05,78.68000030517578,0,yahoo,2026-03-07T14:31:16.116878+00:00,2026-03-07 14:31:16
rates_vol_stress_move,2022-01-06,77.7300033569336,0,yahoo,2026-03-07T14:31:16.116878+00:00,2026-03-07 14:31:16
rates_vol_stress_move,2022-01-07,74.69000244140625,0,yahoo,2026-03-07T14:31:16.116878+00:00,2026-03-07 14:31:16
rates_vol_stress_move,2022-01-10,78.12000274658203,0,yahoo,2026-03-07T14:31:16.116878+00:00,2026-03-07 14:31:16
rates_vol_stress_move,2022-01-11,77.8499984741211,0,yahoo,2026-03-07T14:31:16.116878+00:00,2026-03-07 14:31:16
rates_vol_stress_move,2022-01-12,74.55000305175781,0,yahoo,2026-03-07T14:31:16.116878+00:00,2026-03-07 14:31:16
rates_vol_stress_move,2022-01-13,72.56999969482422,0,yahoo,2026-03-07T14:31:16.116878+00:00,2026-03-07 14:31:16
rates_vol_stress_move,2022-01-14,76.58999633789062,0,yahoo,2026-03-07T14:31:16.116878+00:00,2026-03-07 14:31:16
rates_vol_stress_move,2022-01-18,84.62999725341797,0,yahoo,2026-03-07T14:31:16.116878+00:00,2026-03-07 14:31:16
rates_vol_stress_move,2022-01-19,80.13999938964844,0,yahoo,2026-03-07T14:31:16.116878+00:00,2026-03-07 14:31:16
rates_vol_stress_move,2022-01-20,80.95999908447266,0,yahoo,2026-03-07T14:31:16.116878+00:00,2026-03-07 14:31:16
rates_vol_stress_move,2022-01-21,81.02999877929688,0,yahoo,2026-03-07T14:31:16.116878+00:00,2026-03-07 14:31:16
rates_vol_stress_move,2022-01-24,83.7699966430664,0,yahoo,2026-03-07T14:31:16.116878+00:00,2026-03-07 14:31:16
rates_vol_stress_move,2022-01-25,84.56999969482422,0,yahoo,2026-03-07T14:31:16.116878+00:00,2026-03-07 14:31:16
rates_vol_stress_move,2022-01-26,85.75,0,yahoo,2026-03-07T14:31:16.116878+00:00,2026-03-07 14:31:16
rates_vol_stress_move,2022-01-27,85.62000274658203,0,yahoo,2026-03-07T14:31:16.116878+00:00,2026-03-07 14:31:16
rates_vol_stress_move,2022-01-28,85.29000091552734,0,yahoo,2026-03-07T14:31:16.116878+00:00,2026-03-07 14:31:16
rates_vol_stress_move,2022-01-31,85.13999938964844,0,yahoo,2026-03-07T14:31:16.116878+00:00,2026-03-07 14:31:16
rates_vol_stress_move,2022-02-01,85.22000122070312,0,yahoo,2026-03-07T14:31:16.116878+00:00,2026-03-07 14:31:16
rates_vol_stress_move,2022-02-02,84.8499984741211,0,yahoo,2026-03-07T14:31:16.116878+00:00,2026-03-07 14:31:16
rates_vol_stress_move,2022-02-03,85.73999786376953,0,yahoo,2026-03-07T14:31:16.116878+00:00,2026-03-07 14:31:16
rates_vol_stress_move,2022-02-04,87.68000030517578,0,yahoo,2026-03-07T14:31:16.116878+00:00,2026-03-07 14:31:16
rates_vol_stress_move,2022-02-07,87.44000244140625,0,yahoo,2026-03-07T14:31:16.116878+00:00,2026-03-07 14:31:16
rates_vol_stress_move,2022-02-08,82.72000122070312,0,yahoo,2026-03-07T14:31:16.116878+00:00,2026-03-07 14:31:16
rates_vol_stress_move,2022-02-09,81.76000213623047,0,yahoo,2026-03-07T14:31:16.116878+00:00,2026-03-07 14:31:16
rates_vol_stress_move,2022-02-10,88.5199966430664,0,yahoo,2026-03-07T14:31:16.116878+00:00,2026-03-07 14:31:16
rates_vol_stress_move,2022-02-11,94.02999877929688,0,yahoo,2026-03-07T14:31:16.116878+00:00,2026-03-07 14:31:16
rates_vol_stress_move,2022-02-14,102.27999877929688,0,yahoo,2026-03-07T14:31:16.116878+00:00,2026-03-07 14:31:16
rates_vol_stress_move,2022-02-15,94.0,0,yahoo,2026-03-07T14:31:16.116878+00:00,2026-03-07 14:31:16
rates_vol_stress_move,2022-02-16,92.73999786376953,0,yahoo,2026-03-07T14:31:16.116878+00:00,2026-03-07 14:31:16
rates_vol_stress_move,2022-02-17,96.16999816894531,0,yahoo,2026-03-07T14:31:16.116878+00:00,2026-03-07 14:31:16
rates_vol_stress_move,2022-02-18,94.36000061035156,0,yahoo,2026-03-07T14:31:16.116878+00:00,2026-03-07 14:31:16
rates_vol_stress_move,2022-02-22,95.54000091552734,0,yahoo,2026-03-07T14:31:16.116878+00:00,2026-03-07 14:31:16
rates_vol_stress_move,2022-02-23,95.1500015258789,0,yahoo,2026-03-07T14:31:16.116878+00:00,2026-03-07 14:31:16
rates_vol_stress_move,2022-02-24,100.75,0,yahoo,2026-03-07T14:31:16.116878+00:00,2026-03-07 14:31:16
rates_vol_stress_move,2022-02-25,93.33999633789062,0,yahoo,2026-03-07T14:31:16.116878+00:00,2026-03-07 14:31:16
rates_vol_stress_move,2022-02-28,100.4000015258789,0,yahoo,2026-03-07T14:31:16.116878+00:00,2026-03-07 14:31:16
rates_vol_stress_move,2022-03-01,118.26000213623047,0,yahoo,2026-03-07T14:31:16.116878+00:00,2026-03-07 14:31:16
rates_vol_stress_move,2022-03-02,110.27999877929688,0,yahoo,2026-03-07T14:31:16.116878+00:00,2026-03-07 14:31:16
rates_vol_stress_move,2022-03-03,115.18000030517578,0,yahoo,2026-03-07T14:31:16.116878+00:00,2026-03-07 14:31:16
rates_vol_stress_move,2022-03-04,131.82000732421875,0,yahoo,2026-03-07T14:31:16.116878+00:00,2026-03-07 14:31:16
rates_vol_stress_move,2022-03-07,140.02999877929688,0,yahoo,2026-03-07T14:31:16.116878+00:00,2026-03-07 14:31:16
rates_vol_stress_move,2022-03-08,133.3699951171875,0,yahoo,2026-03-07T14:31:16.116878+00:00,2026-03-07 14:31:16
rates_vol_stress_move,2022-03-09,110.9000015258789,0,yahoo,2026-03-07T14:31:16.116878+00:00,2026-03-07 14:31:16
rates_vol_stress_move,2022-03-10,105.30999755859375,0,yahoo,2026-03-07T14:31:16.116878+00:00,2026-03-07 14:31:16
rates_vol_stress_move,2022-03-11,99.02999877929688,0,yahoo,2026-03-07T14:31:16.116878+00:00,2026-03-07 14:31:16
rates_vol_stress_move,2022-03-14,105.08000183105469,0,yahoo,2026-03-07T14:31:16.116878+00:00,2026-03-07 14:31:16
rates_vol_stress_move,2022-03-15,101.02999877929688,0,yahoo,2026-03-07T14:31:16.116878+00:00,2026-03-07 14:31:16
rates_vol_stress_move,2022-03-16,100.56999969482422,0,yahoo,2026-03-07T14:31:16.116878+00:00,2026-03-07 14:31:16
rates_vol_stress_move,2022-03-17,91.76000213623047,0,yahoo,2026-03-07T14:31:16.116878+00:00,2026-03-07 14:31:16
rates_vol_stress_move,2022-03-18,91.7699966430664,0,yahoo,2026-03-07T14:31:16.116878+00:00,2026-03-07 14:31:16
rates_vol_stress_move,2022-03-21,101.94000244140625,0,yahoo,2026-03-07T14:31:16.116878+00:00,2026-03-07 14:31:16
rates_vol_stress_move,2022-03-22,105.37999725341797,0,yahoo,2026-03-07T14:31:16.116878+00:00,2026-03-07 14:31:16
rates_vol_stress_move,2022-03-23,105.72000122070312,0,yahoo,2026-03-07T14:31:16.116878+00:00,2026-03-07 14:31:16
rates_vol_stress_move,2022-03-24,113.13999938964844,0,yahoo,2026-03-07T14:31:16.116878+00:00,2026-03-07 14:31:16
rates_vol_stress_move,2022-03-25,125.2699966430664,0,yahoo,2026-03-07T14:31:16.116878+00:00,2026-03-07 14:31:16
rates_vol_stress_move,2022-03-28,129.27999877929688,0,yahoo,2026-03-07T14:31:16.116878+00:00,2026-03-07 14:31:16
rates_vol_stress_move,2022-03-29,117.91999816894531,0,yahoo,2026-03-07T14:31:16.116878+00:00,2026-03-07 14:31:16
rates_vol_stress_move,2022-03-30,112.9800033569336,0,yahoo,2026-03-07T14:31:16.116878+00:00,2026-03-07 14:31:16
rates_vol_stress_move,2022-03-31,106.87999725341797,0,yahoo,2026-03-07T14:31:16.116878+00:00,2026-03-07 14:31:16
rates_vol_stress_move,2022-04-01,108.33999633789062,0,yahoo,2026-03-07T14:31:16.116878+00:00,2026-03-07 14:31:16
rates_vol_stress_move,2022-04-04,108.37000274658203,0,yahoo,2026-03-07T14:31:16.116878+00:00,2026-03-07 14:31:16
rates_vol_stress_move,2022-04-05,116.37000274658203,0,yahoo,2026-03-07T14:31:16.116878+00:00,2026-03-07 14:31:16
rates_vol_stress_move,2022-04-06,123.91999816894531,0,yahoo,2026-03-07T14:31:16.116878+00:00,2026-03-07 14:31:16
rates_vol_stress_move,2022-04-07,122.66999816894531,0,yahoo,2026-03-07T14:31:16.116878+00:00,2026-03-07 14:31:16
rates_vol_stress_move,2022-04-08,124.86000061035156,0,yahoo,2026-03-07T14:31:16.116878+00:00,2026-03-07 14:31:16
rates_vol_stress_move,2022-04-11,129.8699951171875,0,yahoo,2026-03-07T14:31:16.116878+00:00,2026-03-07 14:31:16
rates_vol_stress_move,2022-04-12,117.79000091552734,0,yahoo,2026-03-07T14:31:16.116878+00:00,2026-03-07 14:31:16
rates_vol_stress_move,2022-04-13,116.33000183105469,0,yahoo,2026-03-07T14:31:16.116878+00:00,2026-03-07 14:31:16
rates_vol_stress_move,2022-04-14,119.66000366210938,0,yahoo,2026-03-07T14:31:16.116878+00:00,2026-03-07 14:31:16
rates_vol_stress_move,2022-04-18,122.31999969482422,0,yahoo,2026-03-07T14:31:16.116878+00:00,2026-03-07 14:31:16
rates_vol_stress_move,2022-04-19,122.73999786376953,0,yahoo,2026-03-07T14:31:16.116878+00:00,2026-03-07 14:31:16
rates_vol_stress_move,2022-04-20,125.12000274658203,0,yahoo,2026-03-07T14:31:16.116878+00:00,2026-03-07 14:31:16
rates_vol_stress_move,2022-04-21,130.69000244140625,0,yahoo,2026-03-07T14:31:16.116878+00:00,2026-03-07 14:31:16
rates_vol_stress_move,2022-04-22,128.1199951171875,0,yahoo,2026-03-07T14:31:16.116878+00:00,2026-03-07 14:31:16
rates_vol_stress_move,2022-04-25,131.6300048828125,0,yahoo,2026-03-07T14:31:16.116878+00:00,2026-03-07 14:31:16
rates_vol_stress_move,2022-04-26,129.27000427246094,0,yahoo,2026-03-07T14:31:16.116878+00:00,2026-03-07 14:31:16
rates_vol_stress_move,2022-04-27,130.11000061035156,0,yahoo,2026-03-07T14:31:16.116878+00:00,2026-03-07 14:31:16
rates_vol_stress_move,2022-04-28,128.74000549316406,0,yahoo,2026-03-07T14:31:16.116878+00:00,2026-03-07 14:31:16
rates_vol_stress_move,2022-04-29,128.39999389648438,0,yahoo,2026-03-07T14:31:16.116878+00:00,2026-03-07 14:31:16
rates_vol_stress_move,2022-05-02,135.1699981689453,0,yahoo,2026-03-07T14:31:16.116878+00:00,2026-03-07 14:31:16
rates_vol_stress_move,2022-05-03,126.45999908447266,0,yahoo,2026-03-07T14:31:16.116878+00:00,2026-03-07 14:31:16
rates_vol_stress_move,2022-05-04,121.98999786376953,0,yahoo,2026-03-07T14:31:16.116878+00:00,2026-03-07 14:31:16
rates_vol_stress_move,2022-05-05,122.72000122070312,0,yahoo,2026-03-07T14:31:16.116878+00:00,2026-03-07 14:31:16
rates_vol_stress_move,2022-05-06,121.41999816894531,0,yahoo,2026-03-07T14:31:16.116878+00:00,2026-03-07 14:31:16
rates_vol_stress_move,2022-05-09,125.22000122070312,0,yahoo,2026-03-07T14:31:16.116878+00:00,2026-03-07 14:31:16
rates_vol_stress_move,2022-05-10,126.76000213623047,0,yahoo,2026-03-07T14:31:16.116878+00:00,2026-03-07 14:31:16
rates_vol_stress_move,2022-05-11,118.05000305175781,0,yahoo,2026-03-07T14:31:16.116878+00:00,2026-03-07 14:31:16
rates_vol_stress_move,2022-05-12,118.7300033569336,0,yahoo,2026-03-07T14:31:16.116878+00:00,2026-03-07 14:31:16
rates_vol_stress_move,2022-05-13,114.61000061035156,0,yahoo,2026-03-07T14:31:16.116878+00:00,2026-03-07 14:31:16
rates_vol_stress_move,2022-05-16,117.94999694824219,0,yahoo,2026-03-07T14:31:16.116878+00:00,2026-03-07 14:31:16
rates_vol_stress_move,2022-05-17,119.45999908447266,0,yahoo,2026-03-07T14:31:16.116878+00:00,2026-03-07 14:31:16
rates_vol_stress_move,2022-05-18,114.86000061035156,0,yahoo,2026-03-07T14:31:16.116878+00:00,2026-03-07 14:31:16
rates_vol_stress_move,2022-05-19,115.05000305175781,0,yahoo,2026-03-07T14:31:16.116878+00:00,2026-03-07 14:31:16
rates_vol_stress_move,2022-05-20,111.0999984741211,0,yahoo,2026-03-07T14:31:16.116878+00:00,2026-03-07 14:31:16
rates_vol_stress_move,2022-05-23,110.19000244140625,0,yahoo,2026-03-07T14:31:16.116878+00:00,2026-03-07 14:31:16
rates_vol_stress_move,2022-05-24,111.1500015258789,0,yahoo,2026-03-07T14:31:16.116878+00:00,2026-03-07 14:31:16
rates_vol_stress_move,2022-05-25,105.69000244140625,0,yahoo,2026-03-07T14:31:16.116878+00:00,2026-03-07 14:31:16
rates_vol_stress_move,2022-05-26,102.48999786376953,0,yahoo,2026-03-07T14:31:16.116878+00:00,2026-03-07 14:31:16
rates_vol_stress_move,2022-05-27,98.4800033569336,0,yahoo,2026-03-07T14:31:16.116878+00:00,2026-03-07 14:31:16
rates_vol_stress_move,2022-05-31,107.12000274658203,0,yahoo,2026-03-07T14:31:16.116878+00:00,2026-03-07 14:31:16
rates_vol_stress_move,2022-06-01,109.37999725341797,0,yahoo,2026-03-07T14:31:16.116878+00:00,2026-03-07 14:31:16
rates_vol_stress_move,2022-06-02,99.2699966430664,0,yahoo,2026-03-07T14:31:16.116878+00:00,2026-03-07 14:31:16
rates_vol_stress_move,2022-06-03,97.7300033569336,0,yahoo,2026-03-07T14:31:16.116878+00:00,2026-03-07 14:31:16
rates_vol_stress_move,2022-06-06,102.26000213623047,0,yahoo,2026-03-07T14:31:16.116878+00:00,2026-03-07 14:31:16
rates_vol_stress_move,2022-06-07,102.61000061035156,0,yahoo,2026-03-07T14:31:16.116878+00:00,2026-03-07 14:31:16
rates_vol_stress_move,2022-06-08,105.29000091552734,0,yahoo,2026-03-07T14:31:16.116878+00:00,2026-03-07 14:31:16
rates_vol_stress_move,2022-06-09,105.29000091552734,0,yahoo,2026-03-07T14:31:16.116878+00:00,2026-03-07 14:31:16
rates_vol_stress_move,2022-06-10,114.2300033569336,0,yahoo,2026-03-07T14:31:16.116878+00:00,2026-03-07 14:31:16
rates_vol_stress_move,2022-06-13,139.2100067138672,0,yahoo,2026-03-07T14:31:16.116878+00:00,2026-03-07 14:31:16
rates_vol_stress_move,2022-06-14,144.08999633789062,0,yahoo,2026-03-07T14:31:16.116878+00:00,2026-03-07 14:31:16
rates_vol_stress_move,2022-06-15,135.92999267578125,0,yahoo,2026-03-07T14:31:16.116878+00:00,2026-03-07 14:31:16
rates_vol_stress_move,2022-06-16,138.10000610351562,0,yahoo,2026-03-07T14:31:16.116878+00:00,2026-03-07 14:31:16
rates_vol_stress_move,2022-06-17,133.75,0,yahoo,2026-03-07T14:31:16.116878+00:00,2026-03-07 14:31:16
rates_vol_stress_move,2022-06-21,138.91000366210938,0,yahoo,2026-03-07T14:31:16.116878+00:00,2026-03-07 14:31:16
rates_vol_stress_move,2022-06-22,129.94000244140625,0,yahoo,2026-03-07T14:31:16.116878+00:00,2026-03-07 14:31:16
rates_vol_stress_move,2022-06-23,125.9800033569336,0,yahoo,2026-03-07T14:31:16.116878+00:00,2026-03-07 14:31:16
rates_vol_stress_move,2022-06-24,127.0,0,yahoo,2026-03-07T14:31:16.116878+00:00,2026-03-07 14:31:16
rates_vol_stress_move,2022-06-27,133.22000122070312,0,yahoo,2026-03-07T14:31:16.116878+00:00,2026-03-07 14:31:16
rates_vol_stress_move,2022-06-28,135.22000122070312,0,yahoo,2026-03-07T14:31:16.116878+00:00,2026-03-07 14:31:16
rates_vol_stress_move,2022-06-29,130.42999267578125,0,yahoo,2026-03-07T14:31:16.116878+00:00,2026-03-07 14:31:16
rates_vol_stress_move,2022-06-30,135.5,0,yahoo,2026-03-07T14:31:16.116878+00:00,2026-03-07 14:31:16
rates_vol_stress_move,2022-07-01,144.1699981689453,0,yahoo,2026-03-07T14:31:16.116878+00:00,2026-03-07 14:31:16
rates_vol_stress_move,2022-07-05,156.16000366210938,0,yahoo,2026-03-07T14:31:16.116878+00:00,2026-03-07 14:31:16
rates_vol_stress_move,2022-07-06,151.13999938964844,0,yahoo,2026-03-07T14:31:16.116878+00:00,2026-03-07 14:31:16
rates_vol_stress_move,2022-07-07,149.7100067138672,0,yahoo,2026-03-07T14:31:16.116878+00:00,2026-03-07 14:31:16
rates_vol_stress_move,2022-07-08,145.25,0,yahoo,2026-03-07T14:31:16.116878+00:00,2026-03-07 14:31:16
rates_vol_stress_move,2022-07-11,147.72000122070312,0,yahoo,2026-03-07T14:31:16.116878+00:00,2026-03-07 14:31:16
rates_vol_stress_move,2022-07-12,148.11000061035156,0,yahoo,2026-03-07T14:31:16.116878+00:00,2026-03-07 14:31:16
rates_vol_stress_move,2022-07-13,136.10000610351562,0,yahoo,2026-03-07T14:31:16.116878+00:00,2026-03-07 14:31:16
rates_vol_stress_move,2022-07-14,137.75999450683594,0,yahoo,2026-03-07T14:31:16.116878+00:00,2026-03-07 14:31:16
rates_vol_stress_move,2022-07-15,129.85000610351562,0,yahoo,2026-03-07T14:31:16.116878+00:00,2026-03-07 14:31:16
rates_vol_stress_move,2022-07-18,127.69000244140625,0,yahoo,2026-03-07T14:31:16.116878+00:00,2026-03-07 14:31:16
rates_vol_stress_move,2022-07-19,124.69999694824219,0,yahoo,2026-03-07T14:31:16.116878+00:00,2026-03-07 14:31:16
rates_vol_stress_move,2022-07-20,122.9000015258789,0,yahoo,2026-03-07T14:31:16.116878+00:00,2026-03-07 14:31:16
rates_vol_stress_move,2022-07-21,121.1500015258789,0,yahoo,2026-03-07T14:31:16.116878+00:00,2026-03-07 14:31:16
rates_vol_stress_move,2022-07-22,123.69999694824219,0,yahoo,2026-03-07T14:31:16.116878+00:00,2026-03-07 14:31:16
rates_vol_stress_move,2022-07-25,128.27000427246094,0,yahoo,2026-03-07T14:31:16.116878+00:00,2026-03-07 14:31:16
rates_vol_stress_move,2022-07-26,128.5500030517578,0,yahoo,2026-03-07T14:31:16.116878+00:00,2026-03-07 14:31:16
rates_vol_stress_move,2022-07-27,117.27999877929688,0,yahoo,2026-03-07T14:31:16.116878+00:00,2026-03-07 14:31:16
rates_vol_stress_move,2022-07-28,119.93000030517578,0,yahoo,2026-03-07T14:31:16.116878+00:00,2026-03-07 14:31:16
rates_vol_stress_move,2022-07-29,116.36000061035156,0,yahoo,2026-03-07T14:31:16.116878+00:00,2026-03-07 14:31:16
rates_vol_stress_move,2022-08-01,120.5,0,yahoo,2026-03-07T14:31:16.116878+00:00,2026-03-07 14:31:16
rates_vol_stress_move,2022-08-02,129.22999572753906,0,yahoo,2026-03-07T14:31:16.116878+00:00,2026-03-07 14:31:16
rates_vol_stress_move,2022-08-03,122.04000091552734,0,yahoo,2026-03-07T14:31:16.116878+00:00,2026-03-07 14:31:16
rates_vol_stress_move,2022-08-04,120.56999969482422,0,yahoo,2026-03-07T14:31:16.116878+00:00,2026-03-07 14:31:16
rates_vol_stress_move,2022-08-05,122.58000183105469,0,yahoo,2026-03-07T14:31:16.116878+00:00,2026-03-07 14:31:16
rates_vol_stress_move,2022-08-08,124.12000274658203,0,yahoo,2026-03-07T14:31:16.116878+00:00,2026-03-07 14:31:16
rates_vol_stress_move,2022-08-09,125.12000274658203,0,yahoo,2026-03-07T14:31:16.116878+00:00,2026-03-07 14:31:16
rates_vol_stress_move,2022-08-10,115.26000213623047,0,yahoo,2026-03-07T14:31:16.116878+00:00,2026-03-07 14:31:16
rates_vol_stress_move,2022-08-11,111.11000061035156,0,yahoo,2026-03-07T14:31:16.116878+00:00,2026-03-07 14:31:16
rates_vol_stress_move,2022-08-12,106.27999877929688,0,yahoo,2026-03-07T14:31:16.116878+00:00,2026-03-07 14:31:16
rates_vol_stress_move,2022-08-15,113.81999969482422,0,yahoo,2026-03-07T14:31:16.116878+00:00,2026-03-07 14:31:16
rates_vol_stress_move,2022-08-16,116.83000183105469,0,yahoo,2026-03-07T14:31:16.116878+00:00,2026-03-07 14:31:16
rates_vol_stress_move,2022-08-17,117.69999694824219,0,yahoo,2026-03-07T14:31:16.116878+00:00,2026-03-07 14:31:16
rates_vol_stress_move,2022-08-18,120.26000213623047,0,yahoo,2026-03-07T14:31:16.116878+00:00,2026-03-07 14:31:16
rates_vol_stress_move,2022-08-19,123.80999755859375,0,yahoo,2026-03-07T14:31:16.116878+00:00,2026-03-07 14:31:16
rates_vol_stress_move,2022-08-22,135.88999938964844,0,yahoo,2026-03-07T14:31:16.116878+00:00,2026-03-07 14:31:16
rates_vol_stress_move,2022-08-23,133.85000610351562,0,yahoo,2026-03-07T14:31:16.116878+00:00,2026-03-07 14:31:16
rates_vol_stress_move,2022-08-24,133.1300048828125,0,yahoo,2026-03-07T14:31:16.116878+00:00,2026-03-07 14:31:16
rates_vol_stress_move,2022-08-25,126.33000183105469,0,yahoo,2026-03-07T14:31:16.116878+00:00,2026-03-07 14:31:16
rates_vol_stress_move,2022-08-26,122.94999694824219,0,yahoo,2026-03-07T14:31:16.116878+00:00,2026-03-07 14:31:16
rates_vol_stress_move,2022-08-29,130.13999938964844,0,yahoo,2026-03-07T14:31:16.116878+00:00,2026-03-07 14:31:16
rates_vol_stress_move,2022-08-30,127.69000244140625,0,yahoo,2026-03-07T14:31:16.116878+00:00,2026-03-07 14:31:16
rates_vol_stress_move,2022-08-31,124.83999633789062,0,yahoo,2026-03-07T14:31:16.116878+00:00,2026-03-07 14:31:16
rates_vol_stress_move,2022-09-01,126.58000183105469,0,yahoo,2026-03-07T14:31:16.116878+00:00,2026-03-07 14:31:16
rates_vol_stress_move,2022-09-02,120.72000122070312,0,yahoo,2026-03-07T14:31:16.116878+00:00,2026-03-07 14:31:16
rates_vol_stress_move,2022-09-06,133.5399932861328,0,yahoo,2026-03-07T14:31:16.116878+00:00,2026-03-07 14:31:16
rates_vol_stress_move,2022-09-07,133.1199951171875,0,yahoo,2026-03-07T14:31:16.116878+00:00,2026-03-07 14:31:16
rates_vol_stress_move,2022-09-08,124.13999938964844,0,yahoo,2026-03-07T14:31:16.116878+00:00,2026-03-07 14:31:16
rates_vol_stress_move,2022-09-09,121.54000091552734,0,yahoo,2026-03-07T14:31:16.116878+00:00,2026-03-07 14:31:16
rates_vol_stress_move,2022-09-12,123.06999969482422,0,yahoo,2026-03-07T14:31:16.116878+00:00,2026-03-07 14:31:16
rates_vol_stress_move,2022-09-13,128.8699951171875,0,yahoo,2026-03-07T14:31:16.116878+00:00,2026-03-07 14:31:16
rates_vol_stress_move,2022-09-14,125.3499984741211,0,yahoo,2026-03-07T14:31:16.116878+00:00,2026-03-07 14:31:16
rates_vol_stress_move,2022-09-15,124.06999969482422,0,yahoo,2026-03-07T14:31:16.116878+00:00,2026-03-07 14:31:16
rates_vol_stress_move,2022-09-16,124.94999694824219,0,yahoo,2026-03-07T14:31:16.116878+00:00,2026-03-07 14:31:16
rates_vol_stress_move,2022-09-19,133.7899932861328,0,yahoo,2026-03-07T14:31:16.116878+00:00,2026-03-07 14:31:16
rates_vol_stress_move,2022-09-20,134.66000366210938,0,yahoo,2026-03-07T14:31:16.116878+00:00,2026-03-07 14:31:16
rates_vol_stress_move,2022-09-21,130.5399932861328,0,yahoo,2026-03-07T14:31:16.116878+00:00,2026-03-07 14:31:16
rates_vol_stress_move,2022-09-22,131.92999267578125,0,yahoo,2026-03-07T14:31:16.116878+00:00,2026-03-07 14:31:16
rates_vol_stress_move,2022-09-23,137.27999877929688,0,yahoo,2026-03-07T14:31:16.116878+00:00,2026-03-07 14:31:16
rates_vol_stress_move,2022-09-26,153.61000061035156,0,yahoo,2026-03-07T14:31:16.116878+00:00,2026-03-07 14:31:16
rates_vol_stress_move,2022-09-27,158.1199951171875,0,yahoo,2026-03-07T14:31:16.116878+00:00,2026-03-07 14:31:16
rates_vol_stress_move,2022-09-28,158.99000549316406,0,yahoo,2026-03-07T14:31:16.116878+00:00,2026-03-07 14:31:16
rates_vol_stress_move,2022-09-29,148.13999938964844,0,yahoo,2026-03-07T14:31:16.116878+00:00,2026-03-07 14:31:16
rates_vol_stress_move,2022-09-30,141.88999938964844,0,yahoo,2026-03-07T14:31:16.116878+00:00,2026-03-07 14:31:16
rates_vol_stress_move,2022-10-03,152.94000244140625,0,yahoo,2026-03-07T14:31:16.116878+00:00,2026-03-07 14:31:16
rates_vol_stress_move,2022-10-04,151.2100067138672,0,yahoo,2026-03-07T14:31:16.116878+00:00,2026-03-07 14:31:16
rates_vol_stress_move,2022-10-05,152.00999450683594,0,yahoo,2026-03-07T14:31:16.116878+00:00,2026-03-07 14:31:16
rates_vol_stress_move,2022-10-06,153.2899932861328,0,yahoo,2026-03-07T14:31:16.116878+00:00,2026-03-07 14:31:16
rates_vol_stress_move,2022-10-07,148.4600067138672,0,yahoo,2026-03-07T14:31:16.116878+00:00,2026-03-07 14:31:16
rates_vol_stress_move,2022-10-11,155.57000732421875,0,yahoo,2026-03-07T14:31:16.116878+00:00,2026-03-07 14:31:16
rates_vol_stress_move,2022-10-12,160.72000122070312,0,yahoo,2026-03-07T14:31:16.116878+00:00,2026-03-07 14:31:16
rates_vol_stress_move,2022-10-13,155.0800018310547,0,yahoo,2026-03-07T14:31:16.116878+00:00,2026-03-07 14:31:16
rates_vol_stress_move,2022-10-14,152.88999938964844,0,yahoo,2026-03-07T14:31:16.116878+00:00,2026-03-07 14:31:16
rates_vol_stress_move,2022-10-17,150.4199981689453,0,yahoo,2026-03-07T14:31:16.116878+00:00,2026-03-07 14:31:16
rates_vol_stress_move,2022-10-18,145.7899932861328,0,yahoo,2026-03-07T14:31:16.116878+00:00,2026-03-07 14:31:16
rates_vol_stress_move,2022-10-19,147.72999572753906,0,yahoo,2026-03-07T14:31:16.116878+00:00,2026-03-07 14:31:16
rates_vol_stress_move,2022-10-20,155.61000061035156,0,yahoo,2026-03-07T14:31:16.116878+00:00,2026-03-07 14:31:16
rates_vol_stress_move,2022-10-21,156.9499969482422,0,yahoo,2026-03-07T14:31:16.116878+00:00,2026-03-07 14:31:16
rates_vol_stress_move,2022-10-24,154.02000427246094,0,yahoo,2026-03-07T14:31:16.116878+00:00,2026-03-07 14:31:16
rates_vol_stress_move,2022-10-25,147.77999877929688,0,yahoo,2026-03-07T14:31:16.116878+00:00,2026-03-07 14:31:16
rates_vol_stress_move,2022-10-26,140.1999969482422,0,yahoo,2026-03-07T14:31:16.116878+00:00,2026-03-07 14:31:16
rates_vol_stress_move,2022-10-27,142.77999877929688,0,yahoo,2026-03-07T14:31:16.116878+00:00,2026-03-07 14:31:16
rates_vol_stress_move,2022-10-28,144.60000610351562,0,yahoo,2026-03-07T14:31:16.116878+00:00,2026-03-07 14:31:16
rates_vol_stress_move,2022-10-31,147.9199981689453,0,yahoo,2026-03-07T14:31:16.116878+00:00,2026-03-07 14:31:16
rates_vol_stress_move,2022-11-01,148.4199981689453,0,yahoo,2026-03-07T14:31:16.116878+00:00,2026-03-07 14:31:16
rates_vol_stress_move,2022-11-02,141.1699981689453,0,yahoo,2026-03-07T14:31:16.116878+00:00,2026-03-07 14:31:16
rates_vol_stress_move,2022-11-03,136.27999877929688,0,yahoo,2026-03-07T14:31:16.116878+00:00,2026-03-07 14:31:16
rates_vol_stress_move,2022-11-04,128.44000244140625,0,yahoo,2026-03-07T14:31:16.116878+00:00,2026-03-07 14:31:16
rates_vol_stress_move,2022-11-07,128.3300018310547,0,yahoo,2026-03-07T14:31:16.116878+00:00,2026-03-07 14:31:16
rates_vol_stress_move,2022-11-08,126.33000183105469,0,yahoo,2026-03-07T14:31:16.116878+00:00,2026-03-07 14:31:16
rates_vol_stress_move,2022-11-09,124.4000015258789,0,yahoo,2026-03-07T14:31:16.116878+00:00,2026-03-07 14:31:16
rates_vol_stress_move,2022-11-10,111.69000244140625,0,yahoo,2026-03-07T14:31:16.116878+00:00,2026-03-07 14:31:16
rates_vol_stress_move,2022-11-14,119.98999786376953,0,yahoo,2026-03-07T14:31:16.116878+00:00,2026-03-07 14:31:16
rates_vol_stress_move,2022-11-15,128.6199951171875,0,yahoo,2026-03-07T14:31:16.116878+00:00,2026-03-07 14:31:16
rates_vol_stress_move,2022-11-16,130.8300018310547,0,yahoo,2026-03-07T14:31:16.116878+00:00,2026-03-07 14:31:16
rates_vol_stress_move,2022-11-17,132.17999267578125,0,yahoo,2026-03-07T14:31:16.116878+00:00,2026-03-07 14:31:16
rates_vol_stress_move,2022-11-18,129.3300018310547,0,yahoo,2026-03-07T14:31:16.116878+00:00,2026-03-07 14:31:16
rates_vol_stress_move,2022-11-21,132.1300048828125,0,yahoo,2026-03-07T14:31:16.116878+00:00,2026-03-07 14:31:16
rates_vol_stress_move,2022-11-22,133.52999877929688,0,yahoo,2026-03-07T14:31:16.116878+00:00,2026-03-07 14:31:16
rates_vol_stress_move,2022-11-23,136.1999969482422,0,yahoo,2026-03-07T14:31:16.116878+00:00,2026-03-07 14:31:16
rates_vol_stress_move,2022-11-25,129.60000610351562,0,yahoo,2026-03-07T14:31:16.116878+00:00,2026-03-07 14:31:16
rates_vol_stress_move,2022-11-28,131.72999572753906,0,yahoo,2026-03-07T14:31:16.116878+00:00,2026-03-07 14:31:16
rates_vol_stress_move,2022-11-29,131.22999572753906,0,yahoo,2026-03-07T14:31:16.116878+00:00,2026-03-07 14:31:16
rates_vol_stress_move,2022-11-30,127.2699966430664,0,yahoo,2026-03-07T14:31:16.116878+00:00,2026-03-07 14:31:16
rates_vol_stress_move,2022-12-01,119.7699966430664,0,yahoo,2026-03-07T14:31:16.116878+00:00,2026-03-07 14:31:16
rates_vol_stress_move,2022-12-02,118.62000274658203,0,yahoo,2026-03-07T14:31:16.116878+00:00,2026-03-07 14:31:16
rates_vol_stress_move,2022-12-05,126.5,0,yahoo,2026-03-07T14:31:16.116878+00:00,2026-03-07 14:31:16
rates_vol_stress_move,2022-12-06,129.08999633789062,0,yahoo,2026-03-07T14:31:16.116878+00:00,2026-03-07 14:31:16
rates_vol_stress_move,2022-12-07,131.10000610351562,0,yahoo,2026-03-07T14:31:16.116878+00:00,2026-03-07 14:31:16
rates_vol_stress_move,2022-12-08,129.5399932861328,0,yahoo,2026-03-07T14:31:16.116878+00:00,2026-03-07 14:31:16
rates_vol_stress_move,2022-12-09,132.7899932861328,0,yahoo,2026-03-07T14:31:16.116878+00:00,2026-03-07 14:31:16
rates_vol_stress_move,2022-12-12,141.92999267578125,0,yahoo,2026-03-07T14:31:16.116878+00:00,2026-03-07 14:31:16
rates_vol_stress_move,2022-12-13,135.0800018310547,0,yahoo,2026-03-07T14:31:16.116878+00:00,2026-03-07 14:31:16
rates_vol_stress_move,2022-12-14,120.26000213623047,0,yahoo,2026-03-07T14:31:16.116878+00:00,2026-03-07 14:31:16
rates_vol_stress_move,2022-12-15,111.26000213623047,0,yahoo,2026-03-07T14:31:16.116878+00:00,2026-03-07 14:31:16
rates_vol_stress_move,2022-12-16,113.6500015258789,0,yahoo,2026-03-07T14:31:16.116878+00:00,2026-03-07 14:31:16
rates_vol_stress_move,2022-12-19,118.31999969482422,0,yahoo,2026-03-07T14:31:16.116878+00:00,2026-03-07 14:31:16
rates_vol_stress_move,2022-12-20,119.91999816894531,0,yahoo,2026-03-07T14:31:16.116878+00:00,2026-03-07 14:31:16
rates_vol_stress_move,2022-12-21,115.0,0,yahoo,2026-03-07T14:31:16.116878+00:00,2026-03-07 14:31:16
rates_vol_stress_move,2022-12-22,112.05000305175781,0,yahoo,2026-03-07T14:31:16.116878+00:00,2026-03-07 14:31:16
rates_vol_stress_move,2022-12-23,113.16999816894531,0,yahoo,2026-03-07T14:31:16.116878+00:00,2026-03-07 14:31:16
rates_vol_stress_move,2022-12-27,124.88999938964844,0,yahoo,2026-03-07T14:31:16.116878+00:00,2026-03-07 14:31:16
rates_vol_stress_move,2022-12-28,120.06999969482422,0,yahoo,2026-03-07T14:31:16.116878+00:00,2026-03-07 14:31:16
rates_vol_stress_move,2022-12-29,120.25,0,yahoo,2026-03-07T14:31:16.116878+00:00,2026-03-07 14:31:16
rates_vol_stress_move,2022-12-30,121.61000061035156,0,yahoo,2026-03-07T14:31:16.116878+00:00,2026-03-07 14:31:16
rates_vol_stress_move,2023-01-03,129.97000122070312,0,yahoo,2026-03-07T14:31:16.116878+00:00,2026-03-07 14:31:16
rates_vol_stress_move,2023-01-04,125.77999877929688,0,yahoo,2026-03-07T14:31:16.116878+00:00,2026-03-07 14:31:16
rates_vol_stress_move,2023-01-05,119.52999877929688,0,yahoo,2026-03-07T14:31:16.116878+00:00,2026-03-07 14:31:16
rates_vol_stress_move,2023-01-06,113.87000274658203,0,yahoo,2026-03-07T14:31:16.116878+00:00,2026-03-07 14:31:16
rates_vol_stress_move,2023-01-09,116.66999816894531,0,yahoo,2026-03-07T14:31:16.116878+00:00,2026-03-07 14:31:16
rates_vol_stress_move,2023-01-10,119.5199966430664,0,yahoo,2026-03-07T14:31:16.116878+00:00,2026-03-07 14:31:16
rates_vol_stress_move,2023-01-11,115.16999816894531,0,yahoo,2026-03-07T14:31:16.116878+00:00,2026-03-07 14:31:16
rates_vol_stress_move,2023-01-12,112.33999633789062,0,yahoo,2026-03-07T14:31:16.116878+00:00,2026-03-07 14:31:16
rates_vol_stress_move,2023-01-13,113.55000305175781,0,yahoo,2026-03-07T14:31:16.116878+00:00,2026-03-07 14:31:16
rates_vol_stress_move,2023-01-17,122.2699966430664,0,yahoo,2026-03-07T14:31:16.116878+00:00,2026-03-07 14:31:16
rates_vol_stress_move,2023-01-18,112.61000061035156,0,yahoo,2026-03-07T14:31:16.116878+00:00,2026-03-07 14:31:16
rates_vol_stress_move,2023-01-19,114.52999877929688,0,yahoo,2026-03-07T14:31:16.116878+00:00,2026-03-07 14:31:16
rates_vol_stress_move,2023-01-20,114.76000213623047,0,yahoo,2026-03-07T14:31:16.116878+00:00,2026-03-07 14:31:16
rates_vol_stress_move,2023-01-23,114.69000244140625,0,yahoo,2026-03-07T14:31:16.116878+00:00,2026-03-07 14:31:16
rates_vol_stress_move,2023-01-24,112.76000213623047,0,yahoo,2026-03-07T14:31:16.116878+00:00,2026-03-07 14:31:16
rates_vol_stress_move,2023-01-25,107.73999786376953,0,yahoo,2026-03-07T14:31:16.116878+00:00,2026-03-07 14:31:16
rates_vol_stress_move,2023-01-26,104.27999877929688,0,yahoo,2026-03-07T14:31:16.116878+00:00,2026-03-07 14:31:16
rates_vol_stress_move,2023-01-27,100.69999694824219,0,yahoo,2026-03-07T14:31:16.116878+00:00,2026-03-07 14:31:16
rates_vol_stress_move,2023-01-30,103.7699966430664,0,yahoo,2026-03-07T14:31:16.116878+00:00,2026-03-07 14:31:16
rates_vol_stress_move,2023-01-31,99.54000091552734,0,yahoo,2026-03-07T14:31:16.116878+00:00,2026-03-07 14:31:16
rates_vol_stress_move,2023-02-01,97.33000183105469,0,yahoo,2026-03-07T14:31:16.116878+00:00,2026-03-07 14:31:16
rates_vol_stress_move,2023-02-02,97.76000213623047,0,yahoo,2026-03-07T14:31:16.116878+00:00,2026-03-07 14:31:16
rates_vol_stress_move,2023-02-03,98.98999786376953,0,yahoo,2026-03-07T14:31:16.116878+00:00,2026-03-07 14:31:16
rates_vol_stress_move,2023-02-06,105.62999725341797,0,yahoo,2026-03-07T14:31:16.116878+00:00,2026-03-07 14:31:16
rates_vol_stress_move,2023-02-07,103.1500015258789,0,yahoo,2026-03-07T14:31:16.116878+00:00,2026-03-07 14:31:16
rates_vol_stress_move,2023-02-08,100.75,0,yahoo,2026-03-07T14:31:16.116878+00:00,2026-03-07 14:31:16
rates_vol_stress_move,2023-02-09,102.44999694824219,0,yahoo,2026-03-07T14:31:16.116878+00:00,2026-03-07 14:31:16
rates_vol_stress_move,2023-02-10,109.62999725341797,0,yahoo,2026-03-07T14:31:16.116878+00:00,2026-03-07 14:31:16
rates_vol_stress_move,2023-02-13,110.66999816894531,0,yahoo,2026-03-07T14:31:16.116878+00:00,2026-03-07 14:31:16
rates_vol_stress_move,2023-02-14,110.58999633789062,0,yahoo,2026-03-07T14:31:16.116878+00:00,2026-03-07 14:31:16
rates_vol_stress_move,2023-02-15,108.63999938964844,0,yahoo,2026-03-07T14:31:16.116878+00:00,2026-03-07 14:31:16
rates_vol_stress_move,2023-02-16,111.01000213623047,0,yahoo,2026-03-07T14:31:16.116878+00:00,2026-03-07 14:31:16
rates_vol_stress_move,2023-02-17,110.11000061035156,0,yahoo,2026-03-07T14:31:16.116878+00:00,2026-03-07 14:31:16
rates_vol_stress_move,2023-02-21,119.62000274658203,0,yahoo,2026-03-07T14:31:16.116878+00:00,2026-03-07 14:31:16
rates_vol_stress_move,2023-02-22,118.20999908447266,0,yahoo,2026-03-07T14:31:16.116878+00:00,2026-03-07 14:31:16
rates_vol_stress_move,2023-02-23,117.44999694824219,0,yahoo,2026-03-07T14:31:16.116878+00:00,2026-03-07 14:31:16
rates_vol_stress_move,2023-02-24,122.83999633789062,0,yahoo,2026-03-07T14:31:16.116878+00:00,2026-03-07 14:31:16
rates_vol_stress_move,2023-02-27,120.02999877929688,0,yahoo,2026-03-07T14:31:16.116878+00:00,2026-03-07 14:31:16
rates_vol_stress_move,2023-02-28,123.5999984741211,0,yahoo,2026-03-07T14:31:16.116878+00:00,2026-03-07 14:31:16
rates_vol_stress_move,2023-03-01,121.08000183105469,0,yahoo,2026-03-07T14:31:16.116878+00:00,2026-03-07 14:31:16
rates_vol_stress_move,2023-03-02,124.12000274658203,0,yahoo,2026-03-07T14:31:16.116878+00:00,2026-03-07 14:31:16
rates_vol_stress_move,2023-03-03,122.5199966430664,0,yahoo,2026-03-07T14:31:16.116878+00:00,2026-03-07 14:31:16
rates_vol_stress_move,2023-03-06,128.19000244140625,0,yahoo,2026-03-07T14:31:16.116878+00:00,2026-03-07 14:31:16
rates_vol_stress_move,2023-03-07,133.3300018310547,0,yahoo,2026-03-07T14:31:16.116878+00:00,2026-03-07 14:31:16
rates_vol_stress_move,2023-03-08,129.75999450683594,0,yahoo,2026-03-07T14:31:16.116878+00:00,2026-03-07 14:31:16
rates_vol_stress_move,2023-03-09,129.27999877929688,0,yahoo,2026-03-07T14:31:16.116878+00:00,2026-03-07 14:31:16
rates_vol_stress_move,2023-03-10,140.05999755859375,0,yahoo,2026-03-07T14:31:16.116878+00:00,2026-03-07 14:31:16
rates_vol_stress_move,2023-03-13,173.58999633789062,0,yahoo,2026-03-07T14:31:16.116878+00:00,2026-03-07 14:31:16
rates_vol_stress_move,2023-03-14,169.64999389648438,0,yahoo,2026-03-07T14:31:16.116878+00:00,2026-03-07 14:31:16
rates_vol_stress_move,2023-03-15,169.64999389648438,0,yahoo,2026-03-07T14:31:16.116878+00:00,2026-03-07 14:31:16
rates_vol_stress_move,2023-03-16,167.9600067138672,0,yahoo,2026-03-07T14:31:16.116878+00:00,2026-03-07 14:31:16
rates_vol_stress_move,2023-03-17,180.11000061035156,0,yahoo,2026-03-07T14:31:16.116878+00:00,2026-03-07 14:31:16
rates_vol_stress_move,2023-03-20,182.63999938964844,0,yahoo,2026-03-07T14:31:16.116878+00:00,2026-03-07 14:31:16
rates_vol_stress_move,2023-03-21,162.30999755859375,0,yahoo,2026-03-07T14:31:16.116878+00:00,2026-03-07 14:31:16
rates_vol_stress_move,2023-03-22,142.83999633789062,0,yahoo,2026-03-07T14:31:16.116878+00:00,2026-03-07 14:31:16
rates_vol_stress_move,2023-03-23,151.39999389648438,0,yahoo,2026-03-07T14:31:16.116878+00:00,2026-03-07 14:31:16
rates_vol_stress_move,2023-03-24,173.66000366210938,0,yahoo,2026-03-07T14:31:16.116878+00:00,2026-03-07 14:31:16
rates_vol_stress_move,2023-03-27,161.6699981689453,0,yahoo,2026-03-07T14:31:16.116878+00:00,2026-03-07 14:31:16
rates_vol_stress_move,2023-03-28,155.9600067138672,0,yahoo,2026-03-07T14:31:16.116878+00:00,2026-03-07 14:31:16
rates_vol_stress_move,2023-03-29,150.5800018310547,0,yahoo,2026-03-07T14:31:16.116878+00:00,2026-03-07 14:31:16
rates_vol_stress_move,2023-03-30,141.24000549316406,0,yahoo,2026-03-07T14:31:16.116878+00:00,2026-03-07 14:31:16
rates_vol_stress_move,2023-03-31,135.92999267578125,0,yahoo,2026-03-07T14:31:16.116878+00:00,2026-03-07 14:31:16
rates_vol_stress_move,2023-04-03,138.1699981689453,0,yahoo,2026-03-07T14:31:16.116878+00:00,2026-03-07 14:31:16
rates_vol_stress_move,2023-04-04,147.75,0,yahoo,2026-03-07T14:31:16.116878+00:00,2026-03-07 14:31:16
rates_vol_stress_move,2023-04-05,153.89999389648438,0,yahoo,2026-03-07T14:31:16.116878+00:00,2026-03-07 14:31:16
rates_vol_stress_move,2023-04-06,147.72999572753906,0,yahoo,2026-03-07T14:31:16.116878+00:00,2026-03-07 14:31:16
rates_vol_stress_move,2023-04-10,143.0,0,yahoo,2026-03-07T14:31:16.116878+00:00,2026-03-07 14:31:16
rates_vol_stress_move,2023-04-11,139.77999877929688,0,yahoo,2026-03-07T14:31:16.116878+00:00,2026-03-07 14:31:16
rates_vol_stress_move,2023-04-12,129.67999267578125,0,yahoo,2026-03-07T14:31:16.116878+00:00,2026-03-07 14:31:16
rates_vol_stress_move,2023-04-13,119.94999694824219,0,yahoo,2026-03-07T14:31:16.116878+00:00,2026-03-07 14:31:16
rates_vol_stress_move,2023-04-14,118.83999633789062,0,yahoo,2026-03-07T14:31:16.116878+00:00,2026-03-07 14:31:16
rates_vol_stress_move,2023-04-17,122.69000244140625,0,yahoo,2026-03-07T14:31:16.116878+00:00,2026-03-07 14:31:16
rates_vol_stress_move,2023-04-18,122.77999877929688,0,yahoo,2026-03-07T14:31:16.116878+00:00,2026-03-07 14:31:16
rates_vol_stress_move,2023-04-19,124.0199966430664,0,yahoo,2026-03-07T14:31:16.116878+00:00,2026-03-07 14:31:16
rates_vol_stress_move,2023-04-20,120.61000061035156,0,yahoo,2026-03-07T14:31:16.116878+00:00,2026-03-07 14:31:16
rates_vol_stress_move,2023-04-21,120.83999633789062,0,yahoo,2026-03-07T14:31:16.116878+00:00,2026-03-07 14:31:16
rates_vol_stress_move,2023-04-24,126.27999877929688,0,yahoo,2026-03-07T14:31:16.116878+00:00,2026-03-07 14:31:16
rates_vol_stress_move,2023-04-25,137.1300048828125,0,yahoo,2026-03-07T14:31:16.116878+00:00,2026-03-07 14:31:16
rates_vol_stress_move,2023-04-26,130.38999938964844,0,yahoo,2026-03-07T14:31:16.116878+00:00,2026-03-07 14:31:16
rates_vol_stress_move,2023-04-27,122.43000030517578,0,yahoo,2026-03-07T14:31:16.116878+00:00,2026-03-07 14:31:16
rates_vol_stress_move,2023-04-28,122.45999908447266,0,yahoo,2026-03-07T14:31:16.116878+00:00,2026-03-07 14:31:16
rates_vol_stress_move,2023-05-01,128.17999267578125,0,yahoo,2026-03-07T14:31:16.116878+00:00,2026-03-07 14:31:16
rates_vol_stress_move,2023-05-02,137.5500030517578,0,yahoo,2026-03-07T14:31:16.116878+00:00,2026-03-07 14:31:16
rates_vol_stress_move,2023-05-03,134.5,0,yahoo,2026-03-07T14:31:16.116878+00:00,2026-03-07 14:31:16
rates_vol_stress_move,2023-05-04,140.7100067138672,0,yahoo,2026-03-07T14:31:16.116878+00:00,2026-03-07 14:31:16
rates_vol_stress_move,2023-05-05,130.2100067138672,0,yahoo,2026-03-07T14:31:16.116878+00:00,2026-03-07 14:31:16
rates_vol_stress_move,2023-05-08,135.07000732421875,0,yahoo,2026-03-07T14:31:16.116878+00:00,2026-03-07 14:31:16
rates_vol_stress_move,2023-05-09,133.92999267578125,0,yahoo,2026-03-07T14:31:16.116878+00:00,2026-03-07 14:31:16
rates_vol_stress_move,2023-05-10,125.5999984741211,0,yahoo,2026-03-07T14:31:16.116878+00:00,2026-03-07 14:31:16
rates_vol_stress_move,2023-05-11,128.2100067138672,0,yahoo,2026-03-07T14:31:16.116878+00:00,2026-03-07 14:31:16
rates_vol_stress_move,2023-05-12,120.5199966430664,0,yahoo,2026-03-07T14:31:16.116878+00:00,2026-03-07 14:31:16
rates_vol_stress_move,2023-05-15,127.88999938964844,0,yahoo,2026-03-07T14:31:16.116878+00:00,2026-03-07 14:31:16
rates_vol_stress_move,2023-05-16,130.3000030517578,0,yahoo,2026-03-07T14:31:16.116878+00:00,2026-03-07 14:31:16
rates_vol_stress_move,2023-05-17,120.77999877929688,0,yahoo,2026-03-07T14:31:16.116878+00:00,2026-03-07 14:31:16
rates_vol_stress_move,2023-05-18,122.5,0,yahoo,2026-03-07T14:31:16.116878+00:00,2026-03-07 14:31:16
rates_vol_stress_move,2023-05-19,127.51000213623047,0,yahoo,2026-03-07T14:31:16.116878+00:00,2026-03-07 14:31:16
rates_vol_stress_move,2023-05-22,132.2899932861328,0,yahoo,2026-03-07T14:31:16.116878+00:00,2026-03-07 14:31:16
rates_vol_stress_move,2023-05-23,131.6999969482422,0,yahoo,2026-03-07T14:31:16.116878+00:00,2026-03-07 14:31:16
rates_vol_stress_move,2023-05-24,132.2899932861328,0,yahoo,2026-03-07T14:31:16.116878+00:00,2026-03-07 14:31:16
rates_vol_stress_move,2023-05-25,139.5399932861328,0,yahoo,2026-03-07T14:31:16.116878+00:00,2026-03-07 14:31:16
rates_vol_stress_move,2023-05-26,145.3699951171875,0,yahoo,2026-03-07T14:31:16.116878+00:00,2026-03-07 14:31:16
rates_vol_stress_move,2023-05-30,141.36000061035156,0,yahoo,2026-03-07T14:31:16.116878+00:00,2026-03-07 14:31:16
rates_vol_stress_move,2023-05-31,136.02000427246094,0,yahoo,2026-03-07T14:31:16.116878+00:00,2026-03-07 14:31:16
rates_vol_stress_move,2023-06-01,124.62999725341797,0,yahoo,2026-03-07T14:31:16.116878+00:00,2026-03-07 14:31:16
rates_vol_stress_move,2023-06-02,120.94999694824219,0,yahoo,2026-03-07T14:31:16.116878+00:00,2026-03-07 14:31:16
rates_vol_stress_move,2023-06-05,119.08000183105469,0,yahoo,2026-03-07T14:31:16.116878+00:00,2026-03-07 14:31:16
rates_vol_stress_move,2023-06-06,114.41999816894531,0,yahoo,2026-03-07T14:31:16.116878+00:00,2026-03-07 14:31:16
rates_vol_stress_move,2023-06-07,120.5,0,yahoo,2026-03-07T14:31:16.116878+00:00,2026-03-07 14:31:16
rates_vol_stress_move,2023-06-08,115.11000061035156,0,yahoo,2026-03-07T14:31:16.116878+00:00,2026-03-07 14:31:16
rates_vol_stress_move,2023-06-09,115.7699966430664,0,yahoo,2026-03-07T14:31:16.116878+00:00,2026-03-07 14:31:16
rates_vol_stress_move,2023-06-12,119.80000305175781,0,yahoo,2026-03-07T14:31:16.116878+00:00,2026-03-07 14:31:16
rates_vol_stress_move,2023-06-13,118.80000305175781,0,yahoo,2026-03-07T14:31:16.116878+00:00,2026-03-07 14:31:16
rates_vol_stress_move,2023-06-14,114.37000274658203,0,yahoo,2026-03-07T14:31:16.116878+00:00,2026-03-07 14:31:16
rates_vol_stress_move,2023-06-15,107.33999633789062,0,yahoo,2026-03-07T14:31:16.116878+00:00,2026-03-07 14:31:16
rates_vol_stress_move,2023-06-16,104.43000030517578,0,yahoo,2026-03-07T14:31:16.116878+00:00,2026-03-07 14:31:16
rates_vol_stress_move,2023-06-20,104.43000030517578,0,yahoo,2026-03-07T14:31:16.116878+00:00,2026-03-07 14:31:16
rates_vol_stress_move,2023-06-21,110.83999633789062,0,yahoo,2026-03-07T14:31:16.116878+00:00,2026-03-07 14:31:16
rates_vol_stress_move,2023-06-22,107.69999694824219,0,yahoo,2026-03-07T14:31:16.116878+00:00,2026-03-07 14:31:16
rates_vol_stress_move,2023-06-23,105.73999786376953,0,yahoo,2026-03-07T14:31:16.116878+00:00,2026-03-07 14:31:16
rates_vol_stress_move,2023-06-26,109.0199966430664,0,yahoo,2026-03-07T14:31:16.116878+00:00,2026-03-07 14:31:16
rates_vol_stress_move,2023-06-27,110.8499984741211,0,yahoo,2026-03-07T14:31:16.116878+00:00,2026-03-07 14:31:16
rates_vol_stress_move,2023-06-28,108.30000305175781,0,yahoo,2026-03-07T14:31:16.116878+00:00,2026-03-07 14:31:16
rates_vol_stress_move,2023-06-29,113.44999694824219,0,yahoo,2026-03-07T14:31:16.116878+00:00,2026-03-07 14:31:16
rates_vol_stress_move,2023-06-30,110.63999938964844,0,yahoo,2026-03-07T14:31:16.116878+00:00,2026-03-07 14:31:16
rates_vol_stress_move,2023-07-03,110.7699966430664,0,yahoo,2026-03-07T14:31:16.116878+00:00,2026-03-07 14:31:16
rates_vol_stress_move,2023-07-05,110.52999877929688,0,yahoo,2026-03-07T14:31:16.116878+00:00,2026-03-07 14:31:16
rates_vol_stress_move,2023-07-06,134.6300048828125,0,yahoo,2026-03-07T14:31:16.116878+00:00,2026-03-07 14:31:16
rates_vol_stress_move,2023-07-07,130.41000366210938,0,yahoo,2026-03-07T14:31:16.116878+00:00,2026-03-07 14:31:16
rates_vol_stress_move,2023-07-10,131.72999572753906,0,yahoo,2026-03-07T14:31:16.116878+00:00,2026-03-07 14:31:16
rates_vol_stress_move,2023-07-11,127.06999969482422,0,yahoo,2026-03-07T14:31:16.116878+00:00,2026-03-07 14:31:16
rates_vol_stress_move,2023-07-12,114.06999969482422,0,yahoo,2026-03-07T14:31:16.116878+00:00,2026-03-07 14:31:16
rates_vol_stress_move,2023-07-13,111.75,0,yahoo,2026-03-07T14:31:16.116878+00:00,2026-03-07 14:31:16
rates_vol_stress_move,2023-07-14,112.4800033569336,0,yahoo,2026-03-07T14:31:16.116878+00:00,2026-03-07 14:31:16
rates_vol_stress_move,2023-07-17,113.5,0,yahoo,2026-03-07T14:31:16.116878+00:00,2026-03-07 14:31:16
rates_vol_stress_move,2023-07-18,112.44999694824219,0,yahoo,2026-03-07T14:31:16.116878+00:00,2026-03-07 14:31:16
rates_vol_stress_move,2023-07-19,107.19000244140625,0,yahoo,2026-03-07T14:31:16.116878+00:00,2026-03-07 14:31:16
rates_vol_stress_move,2023-07-20,112.8499984741211,0,yahoo,2026-03-07T14:31:16.116878+00:00,2026-03-07 14:31:16
rates_vol_stress_move,2023-07-21,106.66000366210938,0,yahoo,2026-03-07T14:31:16.116878+00:00,2026-03-07 14:31:16
rates_vol_stress_move,2023-07-24,109.94999694824219,0,yahoo,2026-03-07T14:31:16.116878+00:00,2026-03-07 14:31:16
rates_vol_stress_move,2023-07-25,113.0199966430664,0,yahoo,2026-03-07T14:31:16.116878+00:00,2026-03-07 14:31:16
rates_vol_stress_move,2023-07-26,104.87999725341797,0,yahoo,2026-03-07T14:31:16.116878+00:00,2026-03-07 14:31:16
rates_vol_stress_move,2023-07-27,111.1500015258789,0,yahoo,2026-03-07T14:31:16.116878+00:00,2026-03-07 14:31:16
rates_vol_stress_move,2023-07-28,109.76000213623047,0,yahoo,2026-03-07T14:31:16.116878+00:00,2026-03-07 14:31:16
rates_vol_stress_move,2023-07-31,112.02999877929688,0,yahoo,2026-03-07T14:31:16.116878+00:00,2026-03-07 14:31:16
rates_vol_stress_move,2023-08-01,116.37999725341797,0,yahoo,2026-03-07T14:31:16.116878+00:00,2026-03-07 14:31:16
rates_vol_stress_move,2023-08-02,115.1500015258789,0,yahoo,2026-03-07T14:31:16.116878+00:00,2026-03-07 14:31:16
rates_vol_stress_move,2023-08-03,124.5999984741211,0,yahoo,2026-03-07T14:31:16.116878+00:00,2026-03-07 14:31:16
rates_vol_stress_move,2023-08-04,115.91000366210938,0,yahoo,2026-03-07T14:31:16.116878+00:00,2026-03-07 14:31:16
rates_vol_stress_move,2023-08-07,120.94000244140625,0,yahoo,2026-03-07T14:31:16.116878+00:00,2026-03-07 14:31:16
rates_vol_stress_move,2023-08-08,118.73999786376953,0,yahoo,2026-03-07T14:31:16.116878+00:00,2026-03-07 14:31:16
rates_vol_stress_move,2023-08-09,112.55000305175781,0,yahoo,2026-03-07T14:31:16.116878+00:00,2026-03-07 14:31:16
rates_vol_stress_move,2023-08-10,108.63999938964844,0,yahoo,2026-03-07T14:31:16.116878+00:00,2026-03-07 14:31:16
rates_vol_stress_move,2023-08-11,112.12999725341797,0,yahoo,2026-03-07T14:31:16.116878+00:00,2026-03-07 14:31:16
rates_vol_stress_move,2023-08-14,119.94000244140625,0,yahoo,2026-03-07T14:31:16.116878+00:00,2026-03-07 14:31:16
rates_vol_stress_move,2023-08-15,121.80000305175781,0,yahoo,2026-03-07T14:31:16.116878+00:00,2026-03-07 14:31:16
rates_vol_stress_move,2023-08-16,117.23999786376953,0,yahoo,2026-03-07T14:31:16.116878+00:00,2026-03-07 14:31:16
rates_vol_stress_move,2023-08-17,121.13999938964844,0,yahoo,2026-03-07T14:31:16.116878+00:00,2026-03-07 14:31:16
rates_vol_stress_move,2023-08-18,120.51000213623047,0,yahoo,2026-03-07T14:31:16.116878+00:00,2026-03-07 14:31:16
rates_vol_stress_move,2023-08-21,130.69000244140625,0,yahoo,2026-03-07T14:31:16.116878+00:00,2026-03-07 14:31:16
rates_vol_stress_move,2023-08-22,126.6500015258789,0,yahoo,2026-03-07T14:31:16.116878+00:00,2026-03-07 14:31:16
rates_vol_stress_move,2023-08-23,118.4000015258789,0,yahoo,2026-03-07T14:31:16.116878+00:00,2026-03-07 14:31:16
rates_vol_stress_move,2023-08-24,117.55999755859375,0,yahoo,2026-03-07T14:31:16.116878+00:00,2026-03-07 14:31:16
rates_vol_stress_move,2023-08-25,110.37000274658203,0,yahoo,2026-03-07T14:31:16.116878+00:00,2026-03-07 14:31:16
rates_vol_stress_move,2023-08-28,110.44999694824219,0,yahoo,2026-03-07T14:31:16.116878+00:00,2026-03-07 14:31:16
rates_vol_stress_move,2023-08-29,110.68000030517578,0,yahoo,2026-03-07T14:31:16.116878+00:00,2026-03-07 14:31:16
rates_vol_stress_move,2023-08-30,109.83999633789062,0,yahoo,2026-03-07T14:31:16.116878+00:00,2026-03-07 14:31:16
rates_vol_stress_move,2023-08-31,107.93000030517578,0,yahoo,2026-03-07T14:31:16.116878+00:00,2026-03-07 14:31:16
rates_vol_stress_move,2023-09-01,102.91999816894531,0,yahoo,2026-03-07T14:31:16.116878+00:00,2026-03-07 14:31:16
rates_vol_stress_move,2023-09-05,109.63999938964844,0,yahoo,2026-03-07T14:31:16.116878+00:00,2026-03-07 14:31:16
rates_vol_stress_move,2023-09-06,111.30999755859375,0,yahoo,2026-03-07T14:31:16.116878+00:00,2026-03-07 14:31:16
rates_vol_stress_move,2023-09-07,105.19999694824219,0,yahoo,2026-03-07T14:31:16.116878+00:00,2026-03-07 14:31:16
rates_vol_stress_move,2023-09-08,104.33999633789062,0,yahoo,2026-03-07T14:31:16.116878+00:00,2026-03-07 14:31:16
rates_vol_stress_move,2023-09-11,107.2300033569336,0,yahoo,2026-03-07T14:31:16.116878+00:00,2026-03-07 14:31:16
rates_vol_stress_move,2023-09-12,105.11000061035156,0,yahoo,2026-03-07T14:31:16.116878+00:00,2026-03-07 14:31:16
rates_vol_stress_move,2023-09-13,101.86000061035156,0,yahoo,2026-03-07T14:31:16.116878+00:00,2026-03-07 14:31:16
rates_vol_stress_move,2023-09-14,97.11000061035156,0,yahoo,2026-03-07T14:31:16.116878+00:00,2026-03-07 14:31:16
rates_vol_stress_move,2023-09-15,96.61000061035156,0,yahoo,2026-03-07T14:31:16.116878+00:00,2026-03-07 14:31:16
rates_vol_stress_move,2023-09-18,99.31999969482422,0,yahoo,2026-03-07T14:31:16.116878+00:00,2026-03-07 14:31:16
rates_vol_stress_move,2023-09-19,101.30999755859375,0,yahoo,2026-03-07T14:31:16.116878+00:00,2026-03-07 14:31:16
rates_vol_stress_move,2023-09-20,97.04000091552734,0,yahoo,2026-03-07T14:31:16.116878+00:00,2026-03-07 14:31:16
rates_vol_stress_move,2023-09-21,106.0,0,yahoo,2026-03-07T14:31:16.116878+00:00,2026-03-07 14:31:16
rates_vol_stress_move,2023-09-22,101.11000061035156,0,yahoo,2026-03-07T14:31:16.116878+00:00,2026-03-07 14:31:16
rates_vol_stress_move,2023-09-25,117.33000183105469,0,yahoo,2026-03-07T14:31:16.116878+00:00,2026-03-07 14:31:16
rates_vol_stress_move,2023-09-26,117.72000122070312,0,yahoo,2026-03-07T14:31:16.116878+00:00,2026-03-07 14:31:16
rates_vol_stress_move,2023-09-27,122.08999633789062,0,yahoo,2026-03-07T14:31:16.116878+00:00,2026-03-07 14:31:16
rates_vol_stress_move,2023-09-28,115.23999786376953,0,yahoo,2026-03-07T14:31:16.116878+00:00,2026-03-07 14:31:16
rates_vol_stress_move,2023-09-29,113.55000305175781,0,yahoo,2026-03-07T14:31:16.116878+00:00,2026-03-07 14:31:16
rates_vol_stress_move,2023-10-02,127.58999633789062,0,yahoo,2026-03-07T14:31:16.116878+00:00,2026-03-07 14:31:16
rates_vol_stress_move,2023-10-03,141.6699981689453,0,yahoo,2026-03-07T14:31:16.116878+00:00,2026-03-07 14:31:16
rates_vol_stress_move,2023-10-04,128.22999572753906,0,yahoo,2026-03-07T14:31:16.116878+00:00,2026-03-07 14:31:16
rates_vol_stress_move,2023-10-05,130.17999267578125,0,yahoo,2026-03-07T14:31:16.116878+00:00,2026-03-07 14:31:16
rates_vol_stress_move,2023-10-06,126.63999938964844,0,yahoo,2026-03-07T14:31:16.116878+00:00,2026-03-07 14:31:16
rates_vol_stress_move,2023-10-10,136.1699981689453,0,yahoo,2026-03-07T14:31:16.116878+00:00,2026-03-07 14:31:16
rates_vol_stress_move,2023-10-11,127.18000030517578,0,yahoo,2026-03-07T14:31:16.116878+00:00,2026-03-07 14:31:16
rates_vol_stress_move,2023-10-12,126.37000274658203,0,yahoo,2026-03-07T14:31:16.116878+00:00,2026-03-07 14:31:16
rates_vol_stress_move,2023-10-13,128.3300018310547,0,yahoo,2026-03-07T14:31:16.116878+00:00,2026-03-07 14:31:16
rates_vol_stress_move,2023-10-16,130.16000366210938,0,yahoo,2026-03-07T14:31:16.116878+00:00,2026-03-07 14:31:16
rates_vol_stress_move,2023-10-17,130.1699981689453,0,yahoo,2026-03-07T14:31:16.116878+00:00,2026-03-07 14:31:16
rates_vol_stress_move,2023-10-18,129.1699981689453,0,yahoo,2026-03-07T14:31:16.116878+00:00,2026-03-07 14:31:16
rates_vol_stress_move,2023-10-19,134.6199951171875,0,yahoo,2026-03-07T14:31:16.116878+00:00,2026-03-07 14:31:16
rates_vol_stress_move,2023-10-20,135.4499969482422,0,yahoo,2026-03-07T14:31:16.116878+00:00,2026-03-07 14:31:16
rates_vol_stress_move,2023-10-23,131.8300018310547,0,yahoo,2026-03-07T14:31:16.116878+00:00,2026-03-07 14:31:16
rates_vol_stress_move,2023-10-24,128.1300048828125,0,yahoo,2026-03-07T14:31:16.116878+00:00,2026-03-07 14:31:16
rates_vol_stress_move,2023-10-25,131.2100067138672,0,yahoo,2026-03-07T14:31:16.116878+00:00,2026-03-07 14:31:16
rates_vol_stress_move,2023-10-26,130.94000244140625,0,yahoo,2026-03-07T14:31:16.116878+00:00,2026-03-07 14:31:16
rates_vol_stress_move,2023-10-27,129.16000366210938,0,yahoo,2026-03-07T14:31:16.116878+00:00,2026-03-07 14:31:16
rates_vol_stress_move,2023-10-30,131.89999389648438,0,yahoo,2026-03-07T14:31:16.116878+00:00,2026-03-07 14:31:16
rates_vol_stress_move,2023-10-31,126.86000061035156,0,yahoo,2026-03-07T14:31:16.116878+00:00,2026-03-07 14:31:16
rates_vol_stress_move,2023-11-01,120.55000305175781,0,yahoo,2026-03-07T14:31:16.116878+00:00,2026-03-07 14:31:16
rates_vol_stress_move,2023-11-02,118.63999938964844,0,yahoo,2026-03-07T14:31:16.116878+00:00,2026-03-07 14:31:16
rates_vol_stress_move,2023-11-03,118.73999786376953,0,yahoo,2026-03-07T14:31:16.116878+00:00,2026-03-07 14:31:16
rates_vol_stress_move,2023-11-06,121.73999786376953,0,yahoo,2026-03-07T14:31:16.116878+00:00,2026-03-07 14:31:16
rates_vol_stress_move,2023-11-07,120.08999633789062,0,yahoo,2026-03-07T14:31:16.116878+00:00,2026-03-07 14:31:16
rates_vol_stress_move,2023-11-08,117.0999984741211,0,yahoo,2026-03-07T14:31:16.116878+00:00,2026-03-07 14:31:16
rates_vol_stress_move,2023-11-09,117.05000305175781,0,yahoo,2026-03-07T14:31:16.116878+00:00,2026-03-07 14:31:16
rates_vol_stress_move,2023-11-10,116.79000091552734,0,yahoo,2026-03-07T14:31:16.116878+00:00,2026-03-07 14:31:16
rates_vol_stress_move,2023-11-13,124.47000122070312,0,yahoo,2026-03-07T14:31:16.116878+00:00,2026-03-07 14:31:16
rates_vol_stress_move,2023-11-14,124.11000061035156,0,yahoo,2026-03-07T14:31:16.116878+00:00,2026-03-07 14:31:16
rates_vol_stress_move,2023-11-15,122.19000244140625,0,yahoo,2026-03-07T14:31:16.116878+00:00,2026-03-07 14:31:16
rates_vol_stress_move,2023-11-16,116.08000183105469,0,yahoo,2026-03-07T14:31:16.116878+00:00,2026-03-07 14:31:16
rates_vol_stress_move,2023-11-17,113.11000061035156,0,yahoo,2026-03-07T14:31:16.116878+00:00,2026-03-07 14:31:16
rates_vol_stress_move,2023-11-20,115.08999633789062,0,yahoo,2026-03-07T14:31:16.116878+00:00,2026-03-07 14:31:16
rates_vol_stress_move,2023-11-21,112.79000091552734,0,yahoo,2026-03-07T14:31:16.116878+00:00,2026-03-07 14:31:16
rates_vol_stress_move,2023-11-22,111.56999969482422,0,yahoo,2026-03-07T14:31:16.116878+00:00,2026-03-07 14:31:16
rates_vol_stress_move,2023-11-24,107.43000030517578,0,yahoo,2026-03-07T14:31:16.116878+00:00,2026-03-07 14:31:16
rates_vol_stress_move,2023-11-27,109.30999755859375,0,yahoo,2026-03-07T14:31:16.116878+00:00,2026-03-07 14:31:16
rates_vol_stress_move,2023-11-28,110.05999755859375,0,yahoo,2026-03-07T14:31:16.116878+00:00,2026-03-07 14:31:16
rates_vol_stress_move,2023-11-29,114.58999633789062,0,yahoo,2026-03-07T14:31:16.116878+00:00,2026-03-07 14:31:16
rates_vol_stress_move,2023-11-30,115.31999969482422,0,yahoo,2026-03-07T14:31:16.116878+00:00,2026-03-07 14:31:16
rates_vol_stress_move,2023-12-01,111.51000213623047,0,yahoo,2026-03-07T14:31:16.116878+00:00,2026-03-07 14:31:16
rates_vol_stress_move,2023-12-04,118.25,0,yahoo,2026-03-07T14:31:16.116878+00:00,2026-03-07 14:31:16
rates_vol_stress_move,2023-12-05,127.19999694824219,0,yahoo,2026-03-07T14:31:16.116878+00:00,2026-03-07 14:31:16
rates_vol_stress_move,2023-12-06,124.9800033569336,0,yahoo,2026-03-07T14:31:16.116878+00:00,2026-03-07 14:31:16
rates_vol_stress_move,2023-12-07,129.74000549316406,0,yahoo,2026-03-07T14:31:16.116878+00:00,2026-03-07 14:31:16
rates_vol_stress_move,2023-12-08,121.6500015258789,0,yahoo,2026-03-07T14:31:16.116878+00:00,2026-03-07 14:31:16
rates_vol_stress_move,2023-12-11,126.66000366210938,0,yahoo,2026-03-07T14:31:16.116878+00:00,2026-03-07 14:31:16
rates_vol_stress_move,2023-12-12,118.62000274658203,0,yahoo,2026-03-07T14:31:16.116878+00:00,2026-03-07 14:31:16
rates_vol_stress_move,2023-12-13,113.7699966430664,0,yahoo,2026-03-07T14:31:16.116878+00:00,2026-03-07 14:31:16
rates_vol_stress_move,2023-12-14,118.04000091552734,0,yahoo,2026-03-07T14:31:16.116878+00:00,2026-03-07 14:31:16
rates_vol_stress_move,2023-12-15,115.75,0,yahoo,2026-03-07T14:31:16.116878+00:00,2026-03-07 14:31:16
rates_vol_stress_move,2023-12-18,118.45999908447266,0,yahoo,2026-03-07T14:31:16.116878+00:00,2026-03-07 14:31:16
rates_vol_stress_move,2023-12-19,115.02999877929688,0,yahoo,2026-03-07T14:31:16.116878+00:00,2026-03-07 14:31:16
rates_vol_stress_move,2023-12-20,111.87000274658203,0,yahoo,2026-03-07T14:31:16.116878+00:00,2026-03-07 14:31:16
rates_vol_stress_move,2023-12-21,111.93000030517578,0,yahoo,2026-03-07T14:31:16.116878+00:00,2026-03-07 14:31:16
rates_vol_stress_move,2023-12-22,111.37999725341797,0,yahoo,2026-03-07T14:31:16.116878+00:00,2026-03-07 14:31:16
rates_vol_stress_move,2023-12-26,116.0,0,yahoo,2026-03-07T14:31:16.116878+00:00,2026-03-07 14:31:16
rates_vol_stress_move,2023-12-27,114.52999877929688,0,yahoo,2026-03-07T14:31:16.116878+00:00,2026-03-07 14:31:16
rates_vol_stress_move,2023-12-28,113.77999877929688,0,yahoo,2026-03-07T14:31:16.116878+00:00,2026-03-07 14:31:16
rates_vol_stress_move,2023-12-29,114.62000274658203,0,yahoo,2026-03-07T14:31:16.116878+00:00,2026-03-07 14:31:16
rates_vol_stress_move,2024-01-02,127.0199966430664,0,yahoo,2026-03-07T14:31:16.116878+00:00,2026-03-07 14:31:16
rates_vol_stress_move,2024-01-03,124.56999969482422,0,yahoo,2026-03-07T14:31:16.116878+00:00,2026-03-07 14:31:16
rates_vol_stress_move,2024-01-04,121.12000274658203,0,yahoo,2026-03-07T14:31:16.116878+00:00,2026-03-07 14:31:16
rates_vol_stress_move,2024-01-05,116.19000244140625,0,yahoo,2026-03-07T14:31:16.116878+00:00,2026-03-07 14:31:16
rates_vol_stress_move,2024-01-08,117.72000122070312,0,yahoo,2026-03-07T14:31:16.116878+00:00,2026-03-07 14:31:16
rates_vol_stress_move,2024-01-09,114.91999816894531,0,yahoo,2026-03-07T14:31:16.116878+00:00,2026-03-07 14:31:16
rates_vol_stress_move,2024-01-10,109.62999725341797,0,yahoo,2026-03-07T14:31:16.116878+00:00,2026-03-07 14:31:16
rates_vol_stress_move,2024-01-11,103.44999694824219,0,yahoo,2026-03-07T14:31:16.116878+00:00,2026-03-07 14:31:16
rates_vol_stress_move,2024-01-12,106.51000213623047,0,yahoo,2026-03-07T14:31:16.116878+00:00,2026-03-07 14:31:16
rates_vol_stress_move,2024-01-16,113.44000244140625,0,yahoo,2026-03-07T14:31:16.116878+00:00,2026-03-07 14:31:16
rates_vol_stress_move,2024-01-17,105.86000061035156,0,yahoo,2026-03-07T14:31:16.116878+00:00,2026-03-07 14:31:16
rates_vol_stress_move,2024-01-18,107.22000122070312,0,yahoo,2026-03-07T14:31:16.116878+00:00,2026-03-07 14:31:16
rates_vol_stress_move,2024-01-19,104.97000122070312,0,yahoo,2026-03-07T14:31:16.116878+00:00,2026-03-07 14:31:16
rates_vol_stress_move,2024-01-22,106.87000274658203,0,yahoo,2026-03-07T14:31:16.116878+00:00,2026-03-07 14:31:16
rates_vol_stress_move,2024-01-23,107.69999694824219,0,yahoo,2026-03-07T14:31:16.116878+00:00,2026-03-07 14:31:16
rates_vol_stress_move,2024-01-24,105.77999877929688,0,yahoo,2026-03-07T14:31:16.116878+00:00,2026-03-07 14:31:16
rates_vol_stress_move,2024-01-25,105.88999938964844,0,yahoo,2026-03-07T14:31:16.116878+00:00,2026-03-07 14:31:16
rates_vol_stress_move,2024-01-26,100.2300033569336,0,yahoo,2026-03-07T14:31:16.116878+00:00,2026-03-07 14:31:16
rates_vol_stress_move,2024-01-29,106.33999633789062,0,yahoo,2026-03-07T14:31:16.116878+00:00,2026-03-07 14:31:16
rates_vol_stress_move,2024-01-30,104.26000213623047,0,yahoo,2026-03-07T14:31:16.116878+00:00,2026-03-07 14:31:16
rates_vol_stress_move,2024-01-31,107.27999877929688,0,yahoo,2026-03-07T14:31:16.116878+00:00,2026-03-07 14:31:16
rates_vol_stress_move,2024-02-01,113.91999816894531,0,yahoo,2026-03-07T14:31:16.116878+00:00,2026-03-07 14:31:16
rates_vol_stress_move,2024-02-02,106.72000122070312,0,yahoo,2026-03-07T14:31:16.116878+00:00,2026-03-07 14:31:16
rates_vol_stress_move,2024-02-05,108.68000030517578,0,yahoo,2026-03-07T14:31:16.116878+00:00,2026-03-07 14:31:16
rates_vol_stress_move,2024-02-06,110.5999984741211,0,yahoo,2026-03-07T14:31:16.116878+00:00,2026-03-07 14:31:16
rates_vol_stress_move,2024-02-07,107.86000061035156,0,yahoo,2026-03-07T14:31:16.116878+00:00,2026-03-07 14:31:16
rates_vol_stress_move,2024-02-08,108.5999984741211,0,yahoo,2026-03-07T14:31:16.116878+00:00,2026-03-07 14:31:16
rates_vol_stress_move,2024-02-09,106.20999908447266,0,yahoo,2026-03-07T14:31:16.116878+00:00,2026-03-07 14:31:16
rates_vol_stress_move,2024-02-12,109.77999877929688,0,yahoo,2026-03-07T14:31:16.116878+00:00,2026-03-07 14:31:16
rates_vol_stress_move,2024-02-13,113.22000122070312,0,yahoo,2026-03-07T14:31:16.116878+00:00,2026-03-07 14:31:16
rates_vol_stress_move,2024-02-14,111.97000122070312,0,yahoo,2026-03-07T14:31:16.116878+00:00,2026-03-07 14:31:16
rates_vol_stress_move,2024-02-15,112.08999633789062,0,yahoo,2026-03-07T14:31:16.116878+00:00,2026-03-07 14:31:16
rates_vol_stress_move,2024-02-16,109.19999694824219,0,yahoo,2026-03-07T14:31:16.116878+00:00,2026-03-07 14:31:16
rates_vol_stress_move,2024-02-20,111.0199966430664,0,yahoo,2026-03-07T14:31:16.116878+00:00,2026-03-07 14:31:16
rates_vol_stress_move,2024-02-21,114.2699966430664,0,yahoo,2026-03-07T14:31:16.116878+00:00,2026-03-07 14:31:16
rates_vol_stress_move,2024-02-22,115.58999633789062,0,yahoo,2026-03-07T14:31:16.116878+00:00,2026-03-07 14:31:16
rates_vol_stress_move,2024-02-23,108.30999755859375,0,yahoo,2026-03-07T14:31:16.116878+00:00,2026-03-07 14:31:16
rates_vol_stress_move,2024-02-26,110.7699966430664,0,yahoo,2026-03-07T14:31:16.116878+00:00,2026-03-07 14:31:16
rates_vol_stress_move,2024-02-27,110.80000305175781,0,yahoo,2026-03-07T14:31:16.116878+00:00,2026-03-07 14:31:16
rates_vol_stress_move,2024-02-28,108.70999908447266,0,yahoo,2026-03-07T14:31:16.116878+00:00,2026-03-07 14:31:16
rates_vol_stress_move,2024-02-29,109.0999984741211,0,yahoo,2026-03-07T14:31:16.116878+00:00,2026-03-07 14:31:16
rates_vol_stress_move,2024-03-01,106.4800033569336,0,yahoo,2026-03-07T14:31:16.116878+00:00,2026-03-07 14:31:16
rates_vol_stress_move,2024-03-04,109.56999969482422,0,yahoo,2026-03-07T14:31:16.116878+00:00,2026-03-07 14:31:16
rates_vol_stress_move,2024-03-05,110.33000183105469,0,yahoo,2026-03-07T14:31:16.116878+00:00,2026-03-07 14:31:16
rates_vol_stress_move,2024-03-06,105.33000183105469,0,yahoo,2026-03-07T14:31:16.116878+00:00,2026-03-07 14:31:16
rates_vol_stress_move,2024-03-07,105.44999694824219,0,yahoo,2026-03-07T14:31:16.116878+00:00,2026-03-07 14:31:16
rates_vol_stress_move,2024-03-08,100.87999725341797,0,yahoo,2026-03-07T14:31:16.116878+00:00,2026-03-07 14:31:16
rates_vol_stress_move,2024-03-11,106.62999725341797,0,yahoo,2026-03-07T14:31:16.116878+00:00,2026-03-07 14:31:16
rates_vol_stress_move,2024-03-12,101.36000061035156,0,yahoo,2026-03-07T14:31:16.116878+00:00,2026-03-07 14:31:16
rates_vol_stress_move,2024-03-13,97.02999877929688,0,yahoo,2026-03-07T14:31:16.116878+00:00,2026-03-07 14:31:16
rates_vol_stress_move,2024-03-14,98.66999816894531,0,yahoo,2026-03-07T14:31:16.116878+00:00,2026-03-07 14:31:16
rates_vol_stress_move,2024-03-15,97.81999969482422,0,yahoo,2026-03-07T14:31:16.116878+00:00,2026-03-07 14:31:16
rates_vol_stress_move,2024-03-18,102.87000274658203,0,yahoo,2026-03-07T14:31:16.116878+00:00,2026-03-07 14:31:16
rates_vol_stress_move,2024-03-19,99.98999786376953,0,yahoo,2026-03-07T14:31:16.116878+00:00,2026-03-07 14:31:16
rates_vol_stress_move,2024-03-20,92.72000122070312,0,yahoo,2026-03-07T14:31:16.116878+00:00,2026-03-07 14:31:16
rates_vol_stress_move,2024-03-21,90.81999969482422,0,yahoo,2026-03-07T14:31:16.116878+00:00,2026-03-07 14:31:16
rates_vol_stress_move,2024-03-22,91.04000091552734,0,yahoo,2026-03-07T14:31:16.116878+00:00,2026-03-07 14:31:16
rates_vol_stress_move,2024-03-25,92.23999786376953,0,yahoo,2026-03-07T14:31:16.116878+00:00,2026-03-07 14:31:16
rates_vol_stress_move,2024-03-26,90.62999725341797,0,yahoo,2026-03-07T14:31:16.116878+00:00,2026-03-07 14:31:16
rates_vol_stress_move,2024-03-27,86.27999877929688,0,yahoo,2026-03-07T14:31:16.116878+00:00,2026-03-07 14:31:16
rates_vol_stress_move,2024-03-28,86.37999725341797,0,yahoo,2026-03-07T14:31:16.116878+00:00,2026-03-07 14:31:16
rates_vol_stress_move,2024-04-01,94.19999694824219,0,yahoo,2026-03-07T14:31:16.116878+00:00,2026-03-07 14:31:16
rates_vol_stress_move,2024-04-02,96.56999969482422,0,yahoo,2026-03-07T14:31:16.116878+00:00,2026-03-07 14:31:16
rates_vol_stress_move,2024-04-03,97.87999725341797,0,yahoo,2026-03-07T14:31:16.116878+00:00,2026-03-07 14:31:16
rates_vol_stress_move,2024-04-04,96.12999725341797,0,yahoo,2026-03-07T14:31:16.116878+00:00,2026-03-07 14:31:16
rates_vol_stress_move,2024-04-05,94.30999755859375,0,yahoo,2026-03-07T14:31:16.116878+00:00,2026-03-07 14:31:16
rates_vol_stress_move,2024-04-08,99.37000274658203,0,yahoo,2026-03-07T14:31:16.116878+00:00,2026-03-07 14:31:16
rates_vol_stress_move,2024-04-09,98.7300033569336,0,yahoo,2026-03-07T14:31:16.116878+00:00,2026-03-07 14:31:16
rates_vol_stress_move,2024-04-10,109.58999633789062,0,yahoo,2026-03-07T14:31:16.116878+00:00,2026-03-07 14:31:16
rates_vol_stress_move,2024-04-11,108.86000061035156,0,yahoo,2026-03-07T14:31:16.116878+00:00,2026-03-07 14:31:16
rates_vol_stress_move,2024-04-12,112.81999969482422,0,yahoo,2026-03-07T14:31:16.116878+00:00,2026-03-07 14:31:16
rates_vol_stress_move,2024-04-15,121.1500015258789,0,yahoo,2026-03-07T14:31:16.116878+00:00,2026-03-07 14:31:16
rates_vol_stress_move,2024-04-16,119.58999633789062,0,yahoo,2026-03-07T14:31:16.116878+00:00,2026-03-07 14:31:16
rates_vol_stress_move,2024-04-17,113.29000091552734,0,yahoo,2026-03-07T14:31:16.116878+00:00,2026-03-07 14:31:16
rates_vol_stress_move,2024-04-18,108.66000366210938,0,yahoo,2026-03-07T14:31:16.116878+00:00,2026-03-07 14:31:16
rates_vol_stress_move,2024-04-19,111.26000213623047,0,yahoo,2026-03-07T14:31:16.116878+00:00,2026-03-07 14:31:16
rates_vol_stress_move,2024-04-22,108.55999755859375,0,yahoo,2026-03-07T14:31:16.116878+00:00,2026-03-07 14:31:16
rates_vol_stress_move,2024-04-23,106.8499984741211,0,yahoo,2026-03-07T14:31:16.116878+00:00,2026-03-07 14:31:16
rates_vol_stress_move,2024-04-24,110.20999908447266,0,yahoo,2026-03-07T14:31:16.116878+00:00,2026-03-07 14:31:16
rates_vol_stress_move,2024-04-25,108.55000305175781,0,yahoo,2026-03-07T14:31:16.116878+00:00,2026-03-07 14:31:16
rates_vol_stress_move,2024-04-26,104.4000015258789,0,yahoo,2026-03-07T14:31:16.116878+00:00,2026-03-07 14:31:16
rates_vol_stress_move,2024-04-29,105.41999816894531,0,yahoo,2026-03-07T14:31:16.116878+00:00,2026-03-07 14:31:16
rates_vol_stress_move,2024-04-30,107.45999908447266,0,yahoo,2026-03-07T14:31:16.116878+00:00,2026-03-07 14:31:16
rates_vol_stress_move,2024-05-01,100.63999938964844,0,yahoo,2026-03-07T14:31:16.116878+00:00,2026-03-07 14:31:16
rates_vol_stress_move,2024-05-02,100.69999694824219,0,yahoo,2026-03-07T14:31:16.116878+00:00,2026-03-07 14:31:16
rates_vol_stress_move,2024-05-03,95.95999908447266,0,yahoo,2026-03-07T14:31:16.116878+00:00,2026-03-07 14:31:16
rates_vol_stress_move,2024-05-06,94.5,0,yahoo,2026-03-07T14:31:16.116878+00:00,2026-03-07 14:31:16
rates_vol_stress_move,2024-05-07,98.04000091552734,0,yahoo,2026-03-07T14:31:16.116878+00:00,2026-03-07 14:31:16
rates_vol_stress_move,2024-05-08,95.58000183105469,0,yahoo,2026-03-07T14:31:16.116878+00:00,2026-03-07 14:31:16
rates_vol_stress_move,2024-05-09,93.8499984741211,0,yahoo,2026-03-07T14:31:16.116878+00:00,2026-03-07 14:31:16
rates_vol_stress_move,2024-05-10,94.2300033569336,0,yahoo,2026-03-07T14:31:16.116878+00:00,2026-03-07 14:31:16
rates_vol_stress_move,2024-05-13,105.3499984741211,0,yahoo,2026-03-07T14:31:16.116878+00:00,2026-03-07 14:31:16
rates_vol_stress_move,2024-05-14,106.55000305175781,0,yahoo,2026-03-07T14:31:16.116878+00:00,2026-03-07 14:31:16
rates_vol_stress_move,2024-05-15,93.77999877929688,0,yahoo,2026-03-07T14:31:16.116878+00:00,2026-03-07 14:31:16
rates_vol_stress_move,2024-05-16,91.83000183105469,0,yahoo,2026-03-07T14:31:16.116878+00:00,2026-03-07 14:31:16
rates_vol_stress_move,2024-05-17,89.3499984741211,0,yahoo,2026-03-07T14:31:16.116878+00:00,2026-03-07 14:31:16
rates_vol_stress_move,2024-05-20,88.12999725341797,0,yahoo,2026-03-07T14:31:16.116878+00:00,2026-03-07 14:31:16
rates_vol_stress_move,2024-05-21,85.33999633789062,0,yahoo,2026-03-07T14:31:16.116878+00:00,2026-03-07 14:31:16
rates_vol_stress_move,2024-05-22,82.48999786376953,0,yahoo,2026-03-07T14:31:16.116878+00:00,2026-03-07 14:31:16
rates_vol_stress_move,2024-05-23,86.1500015258789,0,yahoo,2026-03-07T14:31:16.116878+00:00,2026-03-07 14:31:16
rates_vol_stress_move,2024-05-24,83.56999969482422,0,yahoo,2026-03-07T14:31:16.116878+00:00,2026-03-07 14:31:16
rates_vol_stress_move,2024-05-28,89.66999816894531,0,yahoo,2026-03-07T14:31:16.116878+00:00,2026-03-07 14:31:16
rates_vol_stress_move,2024-05-29,93.44999694824219,0,yahoo,2026-03-07T14:31:16.116878+00:00,2026-03-07 14:31:16
rates_vol_stress_move,2024-05-30,91.08999633789062,0,yahoo,2026-03-07T14:31:16.116878+00:00,2026-03-07 14:31:16
rates_vol_stress_move,2024-05-31,91.13999938964844,0,yahoo,2026-03-07T14:31:16.116878+00:00,2026-03-07 14:31:16
rates_vol_stress_move,2024-06-03,93.91999816894531,0,yahoo,2026-03-07T14:31:16.116878+00:00,2026-03-07 14:31:16
rates_vol_stress_move,2024-06-04,100.11000061035156,0,yahoo,2026-03-07T14:31:16.116878+00:00,2026-03-07 14:31:16
rates_vol_stress_move,2024-06-05,102.43000030517578,0,yahoo,2026-03-07T14:31:16.116878+00:00,2026-03-07 14:31:16
rates_vol_stress_move,2024-06-06,100.98999786376953,0,yahoo,2026-03-07T14:31:16.116878+00:00,2026-03-07 14:31:16
rates_vol_stress_move,2024-06-07,91.81999969482422,0,yahoo,2026-03-07T14:31:16.116878+00:00,2026-03-07 14:31:16
rates_vol_stress_move,2024-06-10,94.16000366210938,0,yahoo,2026-03-07T14:31:16.116878+00:00,2026-03-07 14:31:16
rates_vol_stress_move,2024-06-11,97.2699966430664,0,yahoo,2026-03-07T14:31:16.116878+00:00,2026-03-07 14:31:16
rates_vol_stress_move,2024-06-12,91.7300033569336,0,yahoo,2026-03-07T14:31:16.116878+00:00,2026-03-07 14:31:16
rates_vol_stress_move,2024-06-13,91.93000030517578,0,yahoo,2026-03-07T14:31:16.116878+00:00,2026-03-07 14:31:16
rates_vol_stress_move,2024-06-14,100.16000366210938,0,yahoo,2026-03-07T14:31:16.116878+00:00,2026-03-07 14:31:16
rates_vol_stress_move,2024-06-17,99.06999969482422,0,yahoo,2026-03-07T14:31:16.116878+00:00,2026-03-07 14:31:16
rates_vol_stress_move,2024-06-18,97.98999786376953,0,yahoo,2026-03-07T14:31:16.116878+00:00,2026-03-07 14:31:16
rates_vol_stress_move,2024-06-20,94.13999938964844,0,yahoo,2026-03-07T14:31:16.116878+00:00,2026-03-07 14:31:16
rates_vol_stress_move,2024-06-21,94.08999633789062,0,yahoo,2026-03-07T14:31:16.116878+00:00,2026-03-07 14:31:16
rates_vol_stress_move,2024-06-24,95.19999694824219,0,yahoo,2026-03-07T14:31:16.116878+00:00,2026-03-07 14:31:16
rates_vol_stress_move,2024-06-25,96.97000122070312,0,yahoo,2026-03-07T14:31:16.116878+00:00,2026-03-07 14:31:16
rates_vol_stress_move,2024-06-26,97.91000366210938,0,yahoo,2026-03-07T14:31:16.116878+00:00,2026-03-07 14:31:16
rates_vol_stress_move,2024-06-27,95.69000244140625,0,yahoo,2026-03-07T14:31:16.116878+00:00,2026-03-07 14:31:16
rates_vol_stress_move,2024-06-28,98.58999633789062,0,yahoo,2026-03-07T14:31:16.116878+00:00,2026-03-07 14:31:16
rates_vol_stress_move,2024-07-01,106.2300033569336,0,yahoo,2026-03-07T14:31:16.116878+00:00,2026-03-07 14:31:16
rates_vol_stress_move,2024-07-02,107.51000213623047,0,yahoo,2026-03-07T14:31:16.116878+00:00,2026-03-07 14:31:16
rates_vol_stress_move,2024-07-03,102.83000183105469,0,yahoo,2026-03-07T14:31:16.116878+00:00,2026-03-07 14:31:16
rates_vol_stress_move,2024-07-05,98.77999877929688,0,yahoo,2026-03-07T14:31:16.116878+00:00,2026-03-07 14:31:16
rates_vol_stress_move,2024-07-08,97.95999908447266,0,yahoo,2026-03-07T14:31:16.116878+00:00,2026-03-07 14:31:16
rates_vol_stress_move,2024-07-09,95.62000274658203,0,yahoo,2026-03-07T14:31:16.116878+00:00,2026-03-07 14:31:16
rates_vol_stress_move,2024-07-10,92.97000122070312,0,yahoo,2026-03-07T14:31:16.116878+00:00,2026-03-07 14:31:16
rates_vol_stress_move,2024-07-11,89.66999816894531,0,yahoo,2026-03-07T14:31:16.116878+00:00,2026-03-07 14:31:16
rates_vol_stress_move,2024-07-12,86.79000091552734,0,yahoo,2026-03-07T14:31:16.116878+00:00,2026-03-07 14:31:16
rates_vol_stress_move,2024-07-15,94.5,0,yahoo,2026-03-07T14:31:16.116878+00:00,2026-03-07 14:31:16
rates_vol_stress_move,2024-07-16,93.87000274658203,0,yahoo,2026-03-07T14:31:16.116878+00:00,2026-03-07 14:31:16
rates_vol_stress_move,2024-07-17,91.0,0,yahoo,2026-03-07T14:31:16.116878+00:00,2026-03-07 14:31:16
rates_vol_stress_move,2024-07-18,91.97000122070312,0,yahoo,2026-03-07T14:31:16.116878+00:00,2026-03-07 14:31:16
rates_vol_stress_move,2024-07-19,94.29000091552734,0,yahoo,2026-03-07T14:31:16.116878+00:00,2026-03-07 14:31:16
rates_vol_stress_move,2024-07-22,94.44999694824219,0,yahoo,2026-03-07T14:31:16.116878+00:00,2026-03-07 14:31:16
rates_vol_stress_move,2024-07-23,95.04000091552734,0,yahoo,2026-03-07T14:31:16.116878+00:00,2026-03-07 14:31:16
rates_vol_stress_move,2024-07-24,94.80999755859375,0,yahoo,2026-03-07T14:31:16.116878+00:00,2026-03-07 14:31:16
rates_vol_stress_move,2024-07-25,99.08000183105469,0,yahoo,2026-03-07T14:31:16.116878+00:00,2026-03-07 14:31:16
rates_vol_stress_move,2024-07-26,97.76000213623047,0,yahoo,2026-03-07T14:31:16.116878+00:00,2026-03-07 14:31:16
rates_vol_stress_move,2024-07-29,98.6500015258789,0,yahoo,2026-03-07T14:31:16.116878+00:00,2026-03-07 14:31:16
rates_vol_stress_move,2024-07-30,100.41999816894531,0,yahoo,2026-03-07T14:31:16.116878+00:00,2026-03-07 14:31:16
rates_vol_stress_move,2024-07-31,99.41000366210938,0,yahoo,2026-03-07T14:31:16.116878+00:00,2026-03-07 14:31:16
rates_vol_stress_move,2024-08-01,101.81999969482422,0,yahoo,2026-03-07T14:31:16.116878+00:00,2026-03-07 14:31:16
rates_vol_stress_move,2024-08-02,112.26000213623047,0,yahoo,2026-03-07T14:31:16.116878+00:00,2026-03-07 14:31:16
rates_vol_stress_move,2024-08-05,121.22000122070312,0,yahoo,2026-03-07T14:31:16.116878+00:00,2026-03-07 14:31:16
rates_vol_stress_move,2024-08-06,119.23999786376953,0,yahoo,2026-03-07T14:31:16.116878+00:00,2026-03-07 14:31:16
rates_vol_stress_move,2024-08-07,112.69000244140625,0,yahoo,2026-03-07T14:31:16.116878+00:00,2026-03-07 14:31:16
rates_vol_stress_move,2024-08-08,110.41999816894531,0,yahoo,2026-03-07T14:31:16.116878+00:00,2026-03-07 14:31:16
rates_vol_stress_move,2024-08-09,108.26000213623047,0,yahoo,2026-03-07T14:31:16.116878+00:00,2026-03-07 14:31:16
rates_vol_stress_move,2024-08-12,118.26000213623047,0,yahoo,2026-03-07T14:31:16.116878+00:00,2026-03-07 14:31:16
rates_vol_stress_move,2024-08-13,118.44000244140625,0,yahoo,2026-03-07T14:31:16.116878+00:00,2026-03-07 14:31:16
rates_vol_stress_move,2024-08-14,106.33999633789062,0,yahoo,2026-03-07T14:31:16.116878+00:00,2026-03-07 14:31:16
rates_vol_stress_move,2024-08-15,103.73999786376953,0,yahoo,2026-03-07T14:31:16.116878+00:00,2026-03-07 14:31:16
rates_vol_stress_move,2024-08-16,102.80999755859375,0,yahoo,2026-03-07T14:31:16.116878+00:00,2026-03-07 14:31:16
rates_vol_stress_move,2024-08-19,110.12999725341797,0,yahoo,2026-03-07T14:31:16.116878+00:00,2026-03-07 14:31:16
rates_vol_stress_move,2024-08-20,111.56999969482422,0,yahoo,2026-03-07T14:31:16.116878+00:00,2026-03-07 14:31:16
rates_vol_stress_move,2024-08-21,111.37999725341797,0,yahoo,2026-03-07T14:31:16.116878+00:00,2026-03-07 14:31:16
rates_vol_stress_move,2024-08-22,108.5,0,yahoo,2026-03-07T14:31:16.116878+00:00,2026-03-07 14:31:16
rates_vol_stress_move,2024-08-23,105.62999725341797,0,yahoo,2026-03-07T14:31:16.116878+00:00,2026-03-07 14:31:16
rates_vol_stress_move,2024-08-26,106.66000366210938,0,yahoo,2026-03-07T14:31:16.116878+00:00,2026-03-07 14:31:16
rates_vol_stress_move,2024-08-27,109.22000122070312,0,yahoo,2026-03-07T14:31:16.116878+00:00,2026-03-07 14:31:16
rates_vol_stress_move,2024-08-28,108.76000213623047,0,yahoo,2026-03-07T14:31:16.116878+00:00,2026-03-07 14:31:16
rates_vol_stress_move,2024-08-29,106.69999694824219,0,yahoo,2026-03-07T14:31:16.116878+00:00,2026-03-07 14:31:16
rates_vol_stress_move,2024-08-30,107.7699966430664,0,yahoo,2026-03-07T14:31:16.116878+00:00,2026-03-07 14:31:16
rates_vol_stress_move,2024-09-03,114.19999694824219,0,yahoo,2026-03-07T14:31:16.116878+00:00,2026-03-07 14:31:16
rates_vol_stress_move,2024-09-04,119.1500015258789,0,yahoo,2026-03-07T14:31:16.116878+00:00,2026-03-07 14:31:16
rates_vol_stress_move,2024-09-05,114.80999755859375,0,yahoo,2026-03-07T14:31:16.116878+00:00,2026-03-07 14:31:16
rates_vol_stress_move,2024-09-06,107.23999786376953,0,yahoo,2026-03-07T14:31:16.116878+00:00,2026-03-07 14:31:16
rates_vol_stress_move,2024-09-09,104.61000061035156,0,yahoo,2026-03-07T14:31:16.116878+00:00,2026-03-07 14:31:16
rates_vol_stress_move,2024-09-10,108.36000061035156,0,yahoo,2026-03-07T14:31:16.116878+00:00,2026-03-07 14:31:16
rates_vol_stress_move,2024-09-11,103.79000091552734,0,yahoo,2026-03-07T14:31:16.116878+00:00,2026-03-07 14:31:16
rates_vol_stress_move,2024-09-12,98.02999877929688,0,yahoo,2026-03-07T14:31:16.116878+00:00,2026-03-07 14:31:16
rates_vol_stress_move,2024-09-13,100.5999984741211,0,yahoo,2026-03-07T14:31:16.116878+00:00,2026-03-07 14:31:16
rates_vol_stress_move,2024-09-16,101.22000122070312,0,yahoo,2026-03-07T14:31:16.116878+00:00,2026-03-07 14:31:16
rates_vol_stress_move,2024-09-17,101.58000183105469,0,yahoo,2026-03-07T14:31:16.116878+00:00,2026-03-07 14:31:16
rates_vol_stress_move,2024-09-18,98.61000061035156,0,yahoo,2026-03-07T14:31:16.116878+00:00,2026-03-07 14:31:16
rates_vol_stress_move,2024-09-19,92.63999938964844,0,yahoo,2026-03-07T14:31:16.116878+00:00,2026-03-07 14:31:16
rates_vol_stress_move,2024-09-20,91.0,0,yahoo,2026-03-07T14:31:16.116878+00:00,2026-03-07 14:31:16
rates_vol_stress_move,2024-09-23,93.87000274658203,0,yahoo,2026-03-07T14:31:16.116878+00:00,2026-03-07 14:31:16
rates_vol_stress_move,2024-09-24,93.30000305175781,0,yahoo,2026-03-07T14:31:16.116878+00:00,2026-03-07 14:31:16
rates_vol_stress_move,2024-09-25,91.63999938964844,0,yahoo,2026-03-07T14:31:16.116878+00:00,2026-03-07 14:31:16
rates_vol_stress_move,2024-09-26,90.13999938964844,0,yahoo,2026-03-07T14:31:16.116878+00:00,2026-03-07 14:31:16
rates_vol_stress_move,2024-09-27,92.52999877929688,0,yahoo,2026-03-07T14:31:16.116878+00:00,2026-03-07 14:31:16
rates_vol_stress_move,2024-09-30,94.61000061035156,0,yahoo,2026-03-07T14:31:16.116878+00:00,2026-03-07 14:31:16
rates_vol_stress_move,2024-10-01,104.13999938964844,0,yahoo,2026-03-07T14:31:16.116878+00:00,2026-03-07 14:31:16
rates_vol_stress_move,2024-10-02,102.16999816894531,0,yahoo,2026-03-07T14:31:16.116878+00:00,2026-03-07 14:31:16
rates_vol_stress_move,2024-10-03,101.16000366210938,0,yahoo,2026-03-07T14:31:16.116878+00:00,2026-03-07 14:31:16
rates_vol_stress_move,2024-10-04,100.1500015258789,0,yahoo,2026-03-07T14:31:16.116878+00:00,2026-03-07 14:31:16
rates_vol_stress_move,2024-10-07,124.2300033569336,0,yahoo,2026-03-07T14:31:16.116878+00:00,2026-03-07 14:31:16
rates_vol_stress_move,2024-10-08,123.7699966430664,0,yahoo,2026-03-07T14:31:16.116878+00:00,2026-03-07 14:31:16
rates_vol_stress_move,2024-10-09,122.38999938964844,0,yahoo,2026-03-07T14:31:16.116878+00:00,2026-03-07 14:31:16
rates_vol_stress_move,2024-10-10,116.55999755859375,0,yahoo,2026-03-07T14:31:16.116878+00:00,2026-03-07 14:31:16
rates_vol_stress_move,2024-10-11,118.47000122070312,0,yahoo,2026-03-07T14:31:16.116878+00:00,2026-03-07 14:31:16
rates_vol_stress_move,2024-10-15,127.2300033569336,0,yahoo,2026-03-07T14:31:16.116878+00:00,2026-03-07 14:31:16
rates_vol_stress_move,2024-10-16,121.86000061035156,0,yahoo,2026-03-07T14:31:16.116878+00:00,2026-03-07 14:31:16
rates_vol_stress_move,2024-10-17,122.13999938964844,0,yahoo,2026-03-07T14:31:16.116878+00:00,2026-03-07 14:31:16
rates_vol_stress_move,2024-10-18,123.12999725341797,0,yahoo,2026-03-07T14:31:16.116878+00:00,2026-03-07 14:31:16
rates_vol_stress_move,2024-10-21,128.9499969482422,0,yahoo,2026-03-07T14:31:16.116878+00:00,2026-03-07 14:31:16
rates_vol_stress_move,2024-10-22,129.25999450683594,0,yahoo,2026-03-07T14:31:16.116878+00:00,2026-03-07 14:31:16
rates_vol_stress_move,2024-10-23,129.0500030517578,0,yahoo,2026-03-07T14:31:16.116878+00:00,2026-03-07 14:31:16
rates_vol_stress_move,2024-10-24,127.4800033569336,0,yahoo,2026-03-07T14:31:16.116878+00:00,2026-03-07 14:31:16
rates_vol_stress_move,2024-10-25,128.39999389648438,0,yahoo,2026-03-07T14:31:16.116878+00:00,2026-03-07 14:31:16
rates_vol_stress_move,2024-10-28,130.9199981689453,0,yahoo,2026-03-07T14:31:16.116878+00:00,2026-03-07 14:31:16
rates_vol_stress_move,2024-10-29,131.8699951171875,0,yahoo,2026-03-07T14:31:16.116878+00:00,2026-03-07 14:31:16
rates_vol_stress_move,2024-10-30,130.8000030517578,0,yahoo,2026-03-07T14:31:16.116878+00:00,2026-03-07 14:31:16
rates_vol_stress_move,2024-10-31,135.17999267578125,0,yahoo,2026-03-07T14:31:16.116878+00:00,2026-03-07 14:31:16
rates_vol_stress_move,2024-11-01,132.5800018310547,0,yahoo,2026-03-07T14:31:16.116878+00:00,2026-03-07 14:31:16
rates_vol_stress_move,2024-11-04,136.25,0,yahoo,2026-03-07T14:31:16.116878+00:00,2026-03-07 14:31:16
rates_vol_stress_move,2024-11-05,130.42999267578125,0,yahoo,2026-03-07T14:31:16.116878+00:00,2026-03-07 14:31:16
rates_vol_stress_move,2024-11-06,117.63999938964844,0,yahoo,2026-03-07T14:31:16.116878+00:00,2026-03-07 14:31:16
rates_vol_stress_move,2024-11-07,104.08000183105469,0,yahoo,2026-03-07T14:31:16.116878+00:00,2026-03-07 14:31:16
rates_vol_stress_move,2024-11-08,99.8499984741211,0,yahoo,2026-03-07T14:31:16.116878+00:00,2026-03-07 14:31:16
rates_vol_stress_move,2024-11-12,108.55000305175781,0,yahoo,2026-03-07T14:31:16.116878+00:00,2026-03-07 14:31:16
rates_vol_stress_move,2024-11-13,102.08000183105469,0,yahoo,2026-03-07T14:31:16.116878+00:00,2026-03-07 14:31:16
rates_vol_stress_move,2024-11-14,99.43000030517578,0,yahoo,2026-03-07T14:31:16.116878+00:00,2026-03-07 14:31:16
rates_vol_stress_move,2024-11-15,102.47000122070312,0,yahoo,2026-03-07T14:31:16.116878+00:00,2026-03-07 14:31:16
rates_vol_stress_move,2024-11-18,102.01000213623047,0,yahoo,2026-03-07T14:31:16.116878+00:00,2026-03-07 14:31:16
rates_vol_stress_move,2024-11-19,105.12000274658203,0,yahoo,2026-03-07T14:31:16.116878+00:00,2026-03-07 14:31:16
rates_vol_stress_move,2024-11-20,106.69000244140625,0,yahoo,2026-03-07T14:31:16.116878+00:00,2026-03-07 14:31:16
rates_vol_stress_move,2024-11-21,101.9000015258789,0,yahoo,2026-03-07T14:31:16.116878+00:00,2026-03-07 14:31:16
rates_vol_stress_move,2024-11-22,99.13999938964844,0,yahoo,2026-03-07T14:31:16.116878+00:00,2026-03-07 14:31:16
rates_vol_stress_move,2024-11-25,99.95999908447266,0,yahoo,2026-03-07T14:31:16.116878+00:00,2026-03-07 14:31:16
rates_vol_stress_move,2024-11-26,99.18000030517578,0,yahoo,2026-03-07T14:31:16.116878+00:00,2026-03-07 14:31:16
rates_vol_stress_move,2024-11-27,97.73999786376953,0,yahoo,2026-03-07T14:31:16.116878+00:00,2026-03-07 14:31:16
rates_vol_stress_move,2024-11-29,95.22000122070312,0,yahoo,2026-03-07T14:31:16.116878+00:00,2026-03-07 14:31:16
rates_vol_stress_move,2024-12-02,97.80999755859375,0,yahoo,2026-03-07T14:31:16.116878+00:00,2026-03-07 14:31:16
rates_vol_stress_move,2024-12-03,95.5999984741211,0,yahoo,2026-03-07T14:31:16.116878+00:00,2026-03-07 14:31:16
rates_vol_stress_move,2024-12-04,92.25,0,yahoo,2026-03-07T14:31:16.116878+00:00,2026-03-07 14:31:16
rates_vol_stress_move,2024-12-05,91.4800033569336,0,yahoo,2026-03-07T14:31:16.116878+00:00,2026-03-07 14:31:16
rates_vol_stress_move,2024-12-06,83.19999694824219,0,yahoo,2026-03-07T14:31:16.116878+00:00,2026-03-07 14:31:16
rates_vol_stress_move,2024-12-09,85.62999725341797,0,yahoo,2026-03-07T14:31:16.116878+00:00,2026-03-07 14:31:16
rates_vol_stress_move,2024-12-10,90.0999984741211,0,yahoo,2026-03-07T14:31:16.116878+00:00,2026-03-07 14:31:16
rates_vol_stress_move,2024-12-11,82.4000015258789,0,yahoo,2026-03-07T14:31:16.116878+00:00,2026-03-07 14:31:16
rates_vol_stress_move,2024-12-12,82.66000366210938,0,yahoo,2026-03-07T14:31:16.116878+00:00,2026-03-07 14:31:16
rates_vol_stress_move,2024-12-13,85.66000366210938,0,yahoo,2026-03-07T14:31:16.116878+00:00,2026-03-07 14:31:16
rates_vol_stress_move,2024-12-16,90.87999725341797,0,yahoo,2026-03-07T14:31:16.116878+00:00,2026-03-07 14:31:16
rates_vol_stress_move,2024-12-17,90.41999816894531,0,yahoo,2026-03-07T14:31:16.116878+00:00,2026-03-07 14:31:16
rates_vol_stress_move,2024-12-18,87.20999908447266,0,yahoo,2026-03-07T14:31:16.116878+00:00,2026-03-07 14:31:16
rates_vol_stress_move,2024-12-19,90.41000366210938,0,yahoo,2026-03-07T14:31:16.116878+00:00,2026-03-07 14:31:16
rates_vol_stress_move,2024-12-20,91.75,0,yahoo,2026-03-07T14:31:16.116878+00:00,2026-03-07 14:31:16
rates_vol_stress_move,2024-12-23,95.8499984741211,0,yahoo,2026-03-07T14:31:16.116878+00:00,2026-03-07 14:31:16
rates_vol_stress_move,2024-12-24,96.94999694824219,0,yahoo,2026-03-07T14:31:16.116878+00:00,2026-03-07 14:31:16
rates_vol_stress_move,2024-12-26,95.19999694824219,0,yahoo,2026-03-07T14:31:16.116878+00:00,2026-03-07 14:31:16
rates_vol_stress_move,2024-12-27,94.80000305175781,0,yahoo,2026-03-07T14:31:16.116878+00:00,2026-03-07 14:31:16
rates_vol_stress_move,2024-12-30,99.08000183105469,0,yahoo,2026-03-07T14:31:16.116878+00:00,2026-03-07 14:31:16
rates_vol_stress_move,2024-12-31,98.80000305175781,0,yahoo,2026-03-07T14:31:16.116878+00:00,2026-03-07 14:31:16
rates_vol_stress_move,2025-01-02,96.66999816894531,0,yahoo,2026-03-07T14:31:16.116878+00:00,2026-03-07 14:31:16
rates_vol_stress_move,2025-01-03,93.3499984741211,0,yahoo,2026-03-07T14:31:16.116878+00:00,2026-03-07 14:31:16
rates_vol_stress_move,2025-01-06,97.88999938964844,0,yahoo,2026-03-07T14:31:16.116878+00:00,2026-03-07 14:31:16
rates_vol_stress_move,2025-01-07,102.77999877929688,0,yahoo,2026-03-07T14:31:16.116878+00:00,2026-03-07 14:31:16
rates_vol_stress_move,2025-01-08,100.76000213623047,0,yahoo,2026-03-07T14:31:16.116878+00:00,2026-03-07 14:31:16
rates_vol_stress_move,2025-01-10,96.56999969482422,0,yahoo,2026-03-07T14:31:16.116878+00:00,2026-03-07 14:31:16
rates_vol_stress_move,2025-01-13,103.51000213623047,0,yahoo,2026-03-07T14:31:16.116878+00:00,2026-03-07 14:31:16
rates_vol_stress_move,2025-01-14,101.98999786376953,0,yahoo,2026-03-07T14:31:16.116878+00:00,2026-03-07 14:31:16
rates_vol_stress_move,2025-01-15,93.0999984741211,0,yahoo,2026-03-07T14:31:16.116878+00:00,2026-03-07 14:31:16
rates_vol_stress_move,2025-01-16,92.72000122070312,0,yahoo,2026-03-07T14:31:16.116878+00:00,2026-03-07 14:31:16
rates_vol_stress_move,2025-01-17,95.5999984741211,0,yahoo,2026-03-07T14:31:16.116878+00:00,2026-03-07 14:31:16
rates_vol_stress_move,2025-01-21,96.77999877929688,0,yahoo,2026-03-07T14:31:16.116878+00:00,2026-03-07 14:31:16
rates_vol_stress_move,2025-01-22,89.9000015258789,0,yahoo,2026-03-07T14:31:16.116878+00:00,2026-03-07 14:31:16
rates_vol_stress_move,2025-01-23,88.51000213623047,0,yahoo,2026-03-07T14:31:16.116878+00:00,2026-03-07 14:31:16
rates_vol_stress_move,2025-01-24,86.75,0,yahoo,2026-03-07T14:31:16.116878+00:00,2026-03-07 14:31:16
rates_vol_stress_move,2025-01-27,95.05000305175781,0,yahoo,2026-03-07T14:31:16.116878+00:00,2026-03-07 14:31:16
rates_vol_stress_move,2025-01-28,92.83000183105469,0,yahoo,2026-03-07T14:31:16.116878+00:00,2026-03-07 14:31:16
rates_vol_stress_move,2025-01-29,90.7300033569336,0,yahoo,2026-03-07T14:31:16.116878+00:00,2026-03-07 14:31:16
rates_vol_stress_move,2025-01-30,90.54000091552734,0,yahoo,2026-03-07T14:31:16.116878+00:00,2026-03-07 14:31:16
rates_vol_stress_move,2025-01-31,91.76000213623047,0,yahoo,2026-03-07T14:31:16.116878+00:00,2026-03-07 14:31:16
rates_vol_stress_move,2025-02-03,94.1500015258789,0,yahoo,2026-03-07T14:31:16.116878+00:00,2026-03-07 14:31:16
rates_vol_stress_move,2025-02-04,90.27999877929688,0,yahoo,2026-03-07T14:31:16.116878+00:00,2026-03-07 14:31:16
rates_vol_stress_move,2025-02-05,94.68000030517578,0,yahoo,2026-03-07T14:31:16.116878+00:00,2026-03-07 14:31:16
rates_vol_stress_move,2025-02-06,93.9000015258789,0,yahoo,2026-03-07T14:31:16.116878+00:00,2026-03-07 14:31:16
rates_vol_stress_move,2025-02-07,93.12999725341797,0,yahoo,2026-03-07T14:31:16.116878+00:00,2026-03-07 14:31:16
rates_vol_stress_move,2025-02-10,87.68000030517578,0,yahoo,2026-03-07T14:31:16.116878+00:00,2026-03-07 14:31:16
rates_vol_stress_move,2025-02-11,85.58000183105469,0,yahoo,2026-03-07T14:31:16.116878+00:00,2026-03-07 14:31:16
rates_vol_stress_move,2025-02-12,86.58000183105469,0,yahoo,2026-03-07T14:31:16.116878+00:00,2026-03-07 14:31:16
rates_vol_stress_move,2025-02-13,84.56999969482422,0,yahoo,2026-03-07T14:31:16.116878+00:00,2026-03-07 14:31:16
rates_vol_stress_move,2025-02-14,84.66999816894531,0,yahoo,2026-03-07T14:31:16.116878+00:00,2026-03-07 14:31:16
rates_vol_stress_move,2025-02-18,84.51000213623047,0,yahoo,2026-03-07T14:31:16.116878+00:00,2026-03-07 14:31:16
rates_vol_stress_move,2025-02-19,83.86000061035156,0,yahoo,2026-03-07T14:31:16.116878+00:00,2026-03-07 14:31:16
rates_vol_stress_move,2025-02-20,86.26000213623047,0,yahoo,2026-03-07T14:31:16.116878+00:00,2026-03-07 14:31:16
rates_vol_stress_move,2025-02-21,91.83000183105469,0,yahoo,2026-03-07T14:31:16.116878+00:00,2026-03-07 14:31:16
rates_vol_stress_move,2025-02-24,88.44000244140625,0,yahoo,2026-03-07T14:31:16.116878+00:00,2026-03-07 14:31:16
rates_vol_stress_move,2025-02-25,96.61000061035156,0,yahoo,2026-03-07T14:31:16.116878+00:00,2026-03-07 14:31:16
rates_vol_stress_move,2025-02-26,97.5199966430664,0,yahoo,2026-03-07T14:31:16.116878+00:00,2026-03-07 14:31:16
rates_vol_stress_move,2025-02-27,96.2699966430664,0,yahoo,2026-03-07T14:31:16.116878+00:00,2026-03-07 14:31:16
rates_vol_stress_move,2025-02-28,104.45999908447266,0,yahoo,2026-03-07T14:31:16.116878+00:00,2026-03-07 14:31:16
rates_vol_stress_move,2025-03-03,105.6500015258789,0,yahoo,2026-03-07T14:31:16.116878+00:00,2026-03-07 14:31:16
rates_vol_stress_move,2025-03-04,108.87000274658203,0,yahoo,2026-03-07T14:31:16.116878+00:00,2026-03-07 14:31:16
rates_vol_stress_move,2025-03-05,104.31999969482422,0,yahoo,2026-03-07T14:31:16.116878+00:00,2026-03-07 14:31:16
rates_vol_stress_move,2025-03-06,108.94999694824219,0,yahoo,2026-03-07T14:31:16.116878+00:00,2026-03-07 14:31:16
rates_vol_stress_move,2025-03-07,104.41000366210938,0,yahoo,2026-03-07T14:31:16.116878+00:00,2026-03-07 14:31:16
rates_vol_stress_move,2025-03-10,112.5,0,yahoo,2026-03-07T14:31:16.116878+00:00,2026-03-07 14:31:16
rates_vol_stress_move,2025-03-11,114.5999984741211,0,yahoo,2026-03-07T14:31:16.116878+00:00,2026-03-07 14:31:16
rates_vol_stress_move,2025-03-12,104.11000061035156,0,yahoo,2026-03-07T14:31:16.116878+00:00,2026-03-07 14:31:16
rates_vol_stress_move,2025-03-13,106.19000244140625,0,yahoo,2026-03-07T14:31:16.116878+00:00,2026-03-07 14:31:16
rates_vol_stress_move,2025-03-14,101.01000213623047,0,yahoo,2026-03-07T14:31:16.116878+00:00,2026-03-07 14:31:16
rates_vol_stress_move,2025-03-17,99.77999877929688,0,yahoo,2026-03-07T14:31:16.116878+00:00,2026-03-07 14:31:16
rates_vol_stress_move,2025-03-18,96.68000030517578,0,yahoo,2026-03-07T14:31:16.116878+00:00,2026-03-07 14:31:16
rates_vol_stress_move,2025-03-19,91.4000015258789,0,yahoo,2026-03-07T14:31:16.116878+00:00,2026-03-07 14:31:16
rates_vol_stress_move,2025-03-20,95.73999786376953,0,yahoo,2026-03-07T14:31:16.116878+00:00,2026-03-07 14:31:16
rates_vol_stress_move,2025-03-21,94.54000091552734,0,yahoo,2026-03-07T14:31:16.116878+00:00,2026-03-07 14:31:16
rates_vol_stress_move,2025-03-24,95.22000122070312,0,yahoo,2026-03-07T14:31:16.116878+00:00,2026-03-07 14:31:16
rates_vol_stress_move,2025-03-25,93.56999969482422,0,yahoo,2026-03-07T14:31:16.116878+00:00,2026-03-07 14:31:16
rates_vol_stress_move,2025-03-26,91.41000366210938,0,yahoo,2026-03-07T14:31:16.116878+00:00,2026-03-07 14:31:16
rates_vol_stress_move,2025-03-27,91.02999877929688,0,yahoo,2026-03-07T14:31:16.116878+00:00,2026-03-07 14:31:16
rates_vol_stress_move,2025-03-28,96.83000183105469,0,yahoo,2026-03-07T14:31:16.116878+00:00,2026-03-07 14:31:16
rates_vol_stress_move,2025-03-31,101.3499984741211,0,yahoo,2026-03-07T14:31:16.116878+00:00,2026-03-07 14:31:16
rates_vol_stress_move,2025-04-01,104.7300033569336,0,yahoo,2026-03-07T14:31:16.116878+00:00,2026-03-07 14:31:16
rates_vol_stress_move,2025-04-02,106.38999938964844,0,yahoo,2026-03-07T14:31:16.116878+00:00,2026-03-07 14:31:16
rates_vol_stress_move,2025-04-03,112.0,0,yahoo,2026-03-07T14:31:16.116878+00:00,2026-03-07 14:31:16
rates_vol_stress_move,2025-04-04,125.70999908447266,0,yahoo,2026-03-07T14:31:16.116878+00:00,2026-03-07 14:31:16
rates_vol_stress_move,2025-04-07,137.3000030517578,0,yahoo,2026-03-07T14:31:16.116878+00:00,2026-03-07 14:31:16
rates_vol_stress_move,2025-04-08,139.8800048828125,0,yahoo,2026-03-07T14:31:16.116878+00:00,2026-03-07 14:31:16
rates_vol_stress_move,2025-04-09,128.8300018310547,0,yahoo,2026-03-07T14:31:16.116878+00:00,2026-03-07 14:31:16
rates_vol_stress_move,2025-04-10,128.35000610351562,0,yahoo,2026-03-07T14:31:16.116878+00:00,2026-03-07 14:31:16
rates_vol_stress_move,2025-04-11,137.25999450683594,0,yahoo,2026-03-07T14:31:16.116878+00:00,2026-03-07 14:31:16
rates_vol_stress_move,2025-04-14,132.4600067138672,0,yahoo,2026-03-07T14:31:16.116878+00:00,2026-03-07 14:31:16
rates_vol_stress_move,2025-04-15,122.55999755859375,0,yahoo,2026-03-07T14:31:16.116878+00:00,2026-03-07 14:31:16
rates_vol_stress_move,2025-04-16,119.4000015258789,0,yahoo,2026-03-07T14:31:16.116878+00:00,2026-03-07 14:31:16
rates_vol_stress_move,2025-04-17,114.63999938964844,0,yahoo,2026-03-07T14:31:16.116878+00:00,2026-03-07 14:31:16
rates_vol_stress_move,2025-04-21,128.55999755859375,0,yahoo,2026-03-07T14:31:16.116878+00:00,2026-03-07 14:31:16
rates_vol_stress_move,2025-04-22,118.3499984741211,0,yahoo,2026-03-07T14:31:16.116878+00:00,2026-03-07 14:31:16
rates_vol_stress_move,2025-04-23,116.5999984741211,0,yahoo,2026-03-07T14:31:16.116878+00:00,2026-03-07 14:31:16
rates_vol_stress_move,2025-04-24,108.27999877929688,0,yahoo,2026-03-07T14:31:16.116878+00:00,2026-03-07 14:31:16
rates_vol_stress_move,2025-04-25,105.79000091552734,0,yahoo,2026-03-07T14:31:16.116878+00:00,2026-03-07 14:31:16
rates_vol_stress_move,2025-04-28,110.01000213623047,0,yahoo,2026-03-07T14:31:16.116878+00:00,2026-03-07 14:31:16
rates_vol_stress_move,2025-04-29,112.2699966430664,0,yahoo,2026-03-07T14:31:16.116878+00:00,2026-03-07 14:31:16
rates_vol_stress_move,2025-04-30,112.4800033569336,0,yahoo,2026-03-07T14:31:16.116878+00:00,2026-03-07 14:31:16
rates_vol_stress_move,2025-05-01,107.33000183105469,0,yahoo,2026-03-07T14:31:16.116878+00:00,2026-03-07 14:31:16
rates_vol_stress_move,2025-05-02,101.4000015258789,0,yahoo,2026-03-07T14:31:16.116878+00:00,2026-03-07 14:31:16
rates_vol_stress_move,2025-05-05,104.44999694824219,0,yahoo,2026-03-07T14:31:16.116878+00:00,2026-03-07 14:31:16
rates_vol_stress_move,2025-05-06,106.18000030517578,0,yahoo,2026-03-07T14:31:16.116878+00:00,2026-03-07 14:31:16
rates_vol_stress_move,2025-05-07,99.87000274658203,0,yahoo,2026-03-07T14:31:16.116878+00:00,2026-03-07 14:31:16
rates_vol_stress_move,2025-05-08,98.66000366210938,0,yahoo,2026-03-07T14:31:16.116878+00:00,2026-03-07 14:31:16
rates_vol_stress_move,2025-05-09,100.4000015258789,0,yahoo,2026-03-07T14:31:16.116878+00:00,2026-03-07 14:31:16
rates_vol_stress_move,2025-05-12,102.9000015258789,0,yahoo,2026-03-07T14:31:16.116878+00:00,2026-03-07 14:31:16
rates_vol_stress_move,2025-05-13,100.12999725341797,0,yahoo,2026-03-07T14:31:16.116878+00:00,2026-03-07 14:31:16
rates_vol_stress_move,2025-05-14,100.7300033569336,0,yahoo,2026-03-07T14:31:16.116878+00:00,2026-03-07 14:31:16
rates_vol_stress_move,2025-05-15,98.6500015258789,0,yahoo,2026-03-07T14:31:16.116878+00:00,2026-03-07 14:31:16
rates_vol_stress_move,2025-05-16,96.69999694824219,0,yahoo,2026-03-07T14:31:16.116878+00:00,2026-03-07 14:31:16
rates_vol_stress_move,2025-05-19,103.80999755859375,0,yahoo,2026-03-07T14:31:16.116878+00:00,2026-03-07 14:31:16
rates_vol_stress_move,2025-05-20,101.37000274658203,0,yahoo,2026-03-07T14:31:16.116878+00:00,2026-03-07 14:31:16
rates_vol_stress_move,2025-05-21,102.0999984741211,0,yahoo,2026-03-07T14:31:16.116878+00:00,2026-03-07 14:31:16
rates_vol_stress_move,2025-05-22,99.47000122070312,0,yahoo,2026-03-07T14:31:16.116878+00:00,2026-03-07 14:31:16
rates_vol_stress_move,2025-05-23,100.91000366210938,0,yahoo,2026-03-07T14:31:16.116878+00:00,2026-03-07 14:31:16
rates_vol_stress_move,2025-05-27,97.93000030517578,0,yahoo,2026-03-07T14:31:16.116878+00:00,2026-03-07 14:31:16
rates_vol_stress_move,2025-05-28,93.19999694824219,0,yahoo,2026-03-07T14:31:16.116878+00:00,2026-03-07 14:31:16
rates_vol_stress_move,2025-05-29,92.66999816894531,0,yahoo,2026-03-07T14:31:16.116878+00:00,2026-03-07 14:31:16
rates_vol_stress_move,2025-05-30,92.11000061035156,0,yahoo,2026-03-07T14:31:16.116878+00:00,2026-03-07 14:31:16
rates_vol_stress_move,2025-06-02,95.76000213623047,0,yahoo,2026-03-07T14:31:16.116878+00:00,2026-03-07 14:31:16
rates_vol_stress_move,2025-06-03,100.0,0,yahoo,2026-03-07T14:31:16.116878+00:00,2026-03-07 14:31:16
rates_vol_stress_move,2025-06-04,96.9800033569336,0,yahoo,2026-03-07T14:31:16.116878+00:00,2026-03-07 14:31:16
rates_vol_stress_move,2025-06-05,94.6500015258789,0,yahoo,2026-03-07T14:31:16.116878+00:00,2026-03-07 14:31:16
rates_vol_stress_move,2025-06-06,89.6500015258789,0,yahoo,2026-03-07T14:31:16.116878+00:00,2026-03-07 14:31:16
rates_vol_stress_move,2025-06-09,92.62000274658203,0,yahoo,2026-03-07T14:31:16.116878+00:00,2026-03-07 14:31:16
rates_vol_stress_move,2025-06-10,91.22000122070312,0,yahoo,2026-03-07T14:31:16.116878+00:00,2026-03-07 14:31:16
rates_vol_stress_move,2025-06-11,89.36000061035156,0,yahoo,2026-03-07T14:31:16.116878+00:00,2026-03-07 14:31:16
rates_vol_stress_move,2025-06-12,88.98999786376953,0,yahoo,2026-03-07T14:31:16.116878+00:00,2026-03-07 14:31:16
rates_vol_stress_move,2025-06-13,95.30999755859375,0,yahoo,2026-03-07T14:31:16.116878+00:00,2026-03-07 14:31:16
rates_vol_stress_move,2025-06-16,93.4800033569336,0,yahoo,2026-03-07T14:31:16.116878+00:00,2026-03-07 14:31:16
rates_vol_stress_move,2025-06-17,97.18000030517578,0,yahoo,2026-03-07T14:31:16.116878+00:00,2026-03-07 14:31:16
rates_vol_stress_move,2025-06-18,93.63999938964844,0,yahoo,2026-03-07T14:31:16.116878+00:00,2026-03-07 14:31:16
rates_vol_stress_move,2025-06-20,90.0999984741211,0,yahoo,2026-03-07T14:31:16.116878+00:00,2026-03-07 14:31:16
rates_vol_stress_move,2025-06-23,95.02999877929688,0,yahoo,2026-03-07T14:31:16.116878+00:00,2026-03-07 14:31:16
rates_vol_stress_move,2025-06-24,92.62000274658203,0,yahoo,2026-03-07T14:31:16.116878+00:00,2026-03-07 14:31:16
rates_vol_stress_move,2025-06-25,91.23999786376953,0,yahoo,2026-03-07T14:31:16.116878+00:00,2026-03-07 14:31:16
rates_vol_stress_move,2025-06-26,89.47000122070312,0,yahoo,2026-03-07T14:31:16.116878+00:00,2026-03-07 14:31:16
rates_vol_stress_move,2025-06-27,87.93000030517578,0,yahoo,2026-03-07T14:31:16.116878+00:00,2026-03-07 14:31:16
rates_vol_stress_move,2025-06-30,90.26000213623047,0,yahoo,2026-03-07T14:31:16.116878+00:00,2026-03-07 14:31:16
rates_vol_stress_move,2025-07-01,93.4800033569336,0,yahoo,2026-03-07T14:31:16.116878+00:00,2026-03-07 14:31:16
rates_vol_stress_move,2025-07-02,91.37000274658203,0,yahoo,2026-03-07T14:31:16.116878+00:00,2026-03-07 14:31:16
rates_vol_stress_move,2025-07-03,86.08999633789062,0,yahoo,2026-03-07T14:31:16.116878+00:00,2026-03-07 14:31:16
rates_vol_stress_move,2025-07-07,88.52999877929688,0,yahoo,2026-03-07T14:31:16.116878+00:00,2026-03-07 14:31:16
rates_vol_stress_move,2025-07-08,88.05000305175781,0,yahoo,2026-03-07T14:31:16.116878+00:00,2026-03-07 14:31:16
rates_vol_stress_move,2025-07-09,84.30999755859375,0,yahoo,2026-03-07T14:31:16.116878+00:00,2026-03-07 14:31:16
rates_vol_stress_move,2025-07-10,81.58000183105469,0,yahoo,2026-03-07T14:31:16.116878+00:00,2026-03-07 14:31:16
rates_vol_stress_move,2025-07-11,85.4800033569336,0,yahoo,2026-03-07T14:31:16.116878+00:00,2026-03-07 14:31:16
rates_vol_stress_move,2025-07-14,90.7300033569336,0,yahoo,2026-03-07T14:31:16.116878+00:00,2026-03-07 14:31:16
rates_vol_stress_move,2025-07-15,88.94999694824219,0,yahoo,2026-03-07T14:31:16.116878+00:00,2026-03-07 14:31:16
rates_vol_stress_move,2025-07-16,89.5199966430664,0,yahoo,2026-03-07T14:31:16.116878+00:00,2026-03-07 14:31:16
rates_vol_stress_move,2025-07-17,85.56999969482422,0,yahoo,2026-03-07T14:31:16.116878+00:00,2026-03-07 14:31:16
rates_vol_stress_move,2025-07-18,83.29000091552734,0,yahoo,2026-03-07T14:31:16.116878+00:00,2026-03-07 14:31:16
rates_vol_stress_move,2025-07-21,86.62000274658203,0,yahoo,2026-03-07T14:31:16.116878+00:00,2026-03-07 14:31:16
rates_vol_stress_move,2025-07-22,89.88999938964844,0,yahoo,2026-03-07T14:31:16.116878+00:00,2026-03-07 14:31:16
rates_vol_stress_move,2025-07-23,85.94999694824219,0,yahoo,2026-03-07T14:31:16.116878+00:00,2026-03-07 14:31:16
rates_vol_stress_move,2025-07-24,82.75,0,yahoo,2026-03-07T14:31:16.116878+00:00,2026-03-07 14:31:16
rates_vol_stress_move,2025-07-25,82.08999633789062,0,yahoo,2026-03-07T14:31:16.116878+00:00,2026-03-07 14:31:16
rates_vol_stress_move,2025-07-28,83.7300033569336,0,yahoo,2026-03-07T14:31:16.116878+00:00,2026-03-07 14:31:16
rates_vol_stress_move,2025-07-29,85.06999969482422,0,yahoo,2026-03-07T14:31:16.116878+00:00,2026-03-07 14:31:16
rates_vol_stress_move,2025-07-30,81.87999725341797,0,yahoo,2026-03-07T14:31:16.116878+00:00,2026-03-07 14:31:16
rates_vol_stress_move,2025-07-31,79.83999633789062,0,yahoo,2026-03-07T14:31:16.116878+00:00,2026-03-07 14:31:16
rates_vol_stress_move,2025-08-01,83.83000183105469,0,yahoo,2026-03-07T14:31:16.116878+00:00,2026-03-07 14:31:16
rates_vol_stress_move,2025-08-04,87.94999694824219,0,yahoo,2026-03-07T14:31:16.116878+00:00,2026-03-07 14:31:16
rates_vol_stress_move,2025-08-05,89.19999694824219,0,yahoo,2026-03-07T14:31:16.116878+00:00,2026-03-07 14:31:16
rates_vol_stress_move,2025-08-06,83.88999938964844,0,yahoo,2026-03-07T14:31:16.116878+00:00,2026-03-07 14:31:16
rates_vol_stress_move,2025-08-07,80.1500015258789,0,yahoo,2026-03-07T14:31:16.116878+00:00,2026-03-07 14:31:16
rates_vol_stress_move,2025-08-08,79.19999694824219,0,yahoo,2026-03-07T14:31:16.116878+00:00,2026-03-07 14:31:16
rates_vol_stress_move,2025-08-11,81.76000213623047,0,yahoo,2026-03-07T14:31:16.116878+00:00,2026-03-07 14:31:16
rates_vol_stress_move,2025-08-12,77.41999816894531,0,yahoo,2026-03-07T14:31:16.116878+00:00,2026-03-07 14:31:16
rates_vol_stress_move,2025-08-13,77.30999755859375,0,yahoo,2026-03-07T14:31:16.116878+00:00,2026-03-07 14:31:16
rates_vol_stress_move,2025-08-14,76.7699966430664,0,yahoo,2026-03-07T14:31:16.116878+00:00,2026-03-07 14:31:16
rates_vol_stress_move,2025-08-15,76.66000366210938,0,yahoo,2026-03-07T14:31:16.116878+00:00,2026-03-07 14:31:16
rates_vol_stress_move,2025-08-18,81.81999969482422,0,yahoo,2026-03-07T14:31:16.116878+00:00,2026-03-07 14:31:16
rates_vol_stress_move,2025-08-19,82.1500015258789,0,yahoo,2026-03-07T14:31:16.116878+00:00,2026-03-07 14:31:16
rates_vol_stress_move,2025-08-20,80.75,0,yahoo,2026-03-07T14:31:16.116878+00:00,2026-03-07 14:31:16
rates_vol_stress_move,2025-08-21,80.5199966430664,0,yahoo,2026-03-07T14:31:16.116878+00:00,2026-03-07 14:31:16
rates_vol_stress_move,2025-08-22,78.0999984741211,0,yahoo,2026-03-07T14:31:16.116878+00:00,2026-03-07 14:31:16
rates_vol_stress_move,2025-08-25,77.55999755859375,0,yahoo,2026-03-07T14:31:16.116878+00:00,2026-03-07 14:31:16
rates_vol_stress_move,2025-08-26,79.36000061035156,0,yahoo,2026-03-07T14:31:16.116878+00:00,2026-03-07 14:31:16
rates_vol_stress_move,2025-08-27,77.66000366210938,0,yahoo,2026-03-07T14:31:16.116878+00:00,2026-03-07 14:31:16
rates_vol_stress_move,2025-08-28,77.55000305175781,0,yahoo,2026-03-07T14:31:16.116878+00:00,2026-03-07 14:31:16
rates_vol_stress_move,2025-08-29,79.38999938964844,0,yahoo,2026-03-07T14:31:16.116878+00:00,2026-03-07 14:31:16
rates_vol_stress_move,2025-09-02,85.27999877929688,0,yahoo,2026-03-07T14:31:16.116878+00:00,2026-03-07 14:31:16
rates_vol_stress_move,2025-09-03,89.66999816894531,0,yahoo,2026-03-07T14:31:16.116878+00:00,2026-03-07 14:31:16
rates_vol_stress_move,2025-09-04,88.26000213623047,0,yahoo,2026-03-07T14:31:16.116878+00:00,2026-03-07 14:31:16
rates_vol_stress_move,2025-09-05,85.29000091552734,0,yahoo,2026-03-07T14:31:16.116878+00:00,2026-03-07 14:31:16
rates_vol_stress_move,2025-09-08,84.0,0,yahoo,2026-03-07T14:31:16.116878+00:00,2026-03-07 14:31:16
rates_vol_stress_move,2025-09-09,82.19999694824219,0,yahoo,2026-03-07T14:31:16.116878+00:00,2026-03-07 14:31:16
rates_vol_stress_move,2025-09-10,79.58000183105469,0,yahoo,2026-03-07T14:31:16.116878+00:00,2026-03-07 14:31:16
rates_vol_stress_move,2025-09-11,75.06999969482422,0,yahoo,2026-03-07T14:31:16.116878+00:00,2026-03-07 14:31:16
rates_vol_stress_move,2025-09-12,73.37000274658203,0,yahoo,2026-03-07T14:31:16.116878+00:00,2026-03-07 14:31:16
rates_vol_stress_move,2025-09-15,76.87999725341797,0,yahoo,2026-03-07T14:31:16.116878+00:00,2026-03-07 14:31:16
rates_vol_stress_move,2025-09-16,77.08999633789062,0,yahoo,2026-03-07T14:31:16.116878+00:00,2026-03-07 14:31:16
rates_vol_stress_move,2025-09-17,75.94999694824219,0,yahoo,2026-03-07T14:31:16.116878+00:00,2026-03-07 14:31:16
rates_vol_stress_move,2025-09-18,71.91000366210938,0,yahoo,2026-03-07T14:31:16.116878+00:00,2026-03-07 14:31:16
rates_vol_stress_move,2025-09-19,72.51000213623047,0,yahoo,2026-03-07T14:31:16.116878+00:00,2026-03-07 14:31:16
rates_vol_stress_move,2025-09-22,75.80000305175781,0,yahoo,2026-03-07T14:31:16.116878+00:00,2026-03-07 14:31:16
rates_vol_stress_move,2025-09-23,75.66000366210938,0,yahoo,2026-03-07T14:31:16.116878+00:00,2026-03-07 14:31:16
rates_vol_stress_move,2025-09-24,75.12999725341797,0,yahoo,2026-03-07T14:31:16.116878+00:00,2026-03-07 14:31:16
rates_vol_stress_move,2025-09-25,75.44000244140625,0,yahoo,2026-03-07T14:31:16.116878+00:00,2026-03-07 14:31:16
rates_vol_stress_move,2025-09-26,74.37999725341797,0,yahoo,2026-03-07T14:31:16.116878+00:00,2026-03-07 14:31:16
rates_vol_stress_move,2025-09-29,75.51000213623047,0,yahoo,2026-03-07T14:31:16.116878+00:00,2026-03-07 14:31:16
rates_vol_stress_move,2025-09-30,77.93000030517578,0,yahoo,2026-03-07T14:31:16.116878+00:00,2026-03-07 14:31:16
rates_vol_stress_move,2025-10-01,73.5,0,yahoo,2026-03-07T14:31:16.116878+00:00,2026-03-07 14:31:16
rates_vol_stress_move,2025-10-02,71.20999908447266,0,yahoo,2026-03-07T14:31:16.116878+00:00,2026-03-07 14:31:16
rates_vol_stress_move,2025-10-03,69.52999877929688,0,yahoo,2026-03-07T14:31:16.116878+00:00,2026-03-07 14:31:16
rates_vol_stress_move,2025-10-06,72.98999786376953,0,yahoo,2026-03-07T14:31:16.116878+00:00,2026-03-07 14:31:16
rates_vol_stress_move,2025-10-07,75.43000030517578,0,yahoo,2026-03-07T14:31:16.116878+00:00,2026-03-07 14:31:16
rates_vol_stress_move,2025-10-08,74.87000274658203,0,yahoo,2026-03-07T14:31:16.116878+00:00,2026-03-07 14:31:16
rates_vol_stress_move,2025-10-09,74.12000274658203,0,yahoo,2026-03-07T14:31:16.116878+00:00,2026-03-07 14:31:16
rates_vol_stress_move,2025-10-10,81.6500015258789,0,yahoo,2026-03-07T14:31:16.116878+00:00,2026-03-07 14:31:16
rates_vol_stress_move,2025-10-14,79.94999694824219,0,yahoo,2026-03-07T14:31:16.116878+00:00,2026-03-07 14:31:16
rates_vol_stress_move,2025-10-15,75.11000061035156,0,yahoo,2026-03-07T14:31:16.116878+00:00,2026-03-07 14:31:16
rates_vol_stress_move,2025-10-16,81.2300033569336,0,yahoo,2026-03-07T14:31:16.116878+00:00,2026-03-07 14:31:16
rates_vol_stress_move,2025-10-17,78.62000274658203,0,yahoo,2026-03-07T14:31:16.116878+00:00,2026-03-07 14:31:16
rates_vol_stress_move,2025-10-20,77.22000122070312,0,yahoo,2026-03-07T14:31:16.116878+00:00,2026-03-07 14:31:16
rates_vol_stress_move,2025-10-21,77.18000030517578,0,yahoo,2026-03-07T14:31:16.116878+00:00,2026-03-07 14:31:16
rates_vol_stress_move,2025-10-22,75.48999786376953,0,yahoo,2026-03-07T14:31:16.116878+00:00,2026-03-07 14:31:16
rates_vol_stress_move,2025-10-23,74.05000305175781,0,yahoo,2026-03-07T14:31:16.116878+00:00,2026-03-07 14:31:16
rates_vol_stress_move,2025-10-24,68.94000244140625,0,yahoo,2026-03-07T14:31:16.116878+00:00,2026-03-07 14:31:16
rates_vol_stress_move,2025-10-27,66.87000274658203,0,yahoo,2026-03-07T14:31:16.116878+00:00,2026-03-07 14:31:16
rates_vol_stress_move,2025-10-28,67.30000305175781,0,yahoo,2026-03-07T14:31:16.116878+00:00,2026-03-07 14:31:16
rates_vol_stress_move,2025-10-29,65.75,0,yahoo,2026-03-07T14:31:16.116878+00:00,2026-03-07 14:31:16
rates_vol_stress_move,2025-10-30,66.87999725341797,0,yahoo,2026-03-07T14:31:16.116878+00:00,2026-03-07 14:31:16
rates_vol_stress_move,2025-10-31,66.61000061035156,0,yahoo,2026-03-07T14:31:16.116878+00:00,2026-03-07 14:31:16
rates_vol_stress_move,2025-11-03,67.2300033569336,0,yahoo,2026-03-07T14:31:16.116878+00:00,2026-03-07 14:31:16
rates_vol_stress_move,2025-11-04,68.0199966430664,0,yahoo,2026-03-07T14:31:16.116878+00:00,2026-03-07 14:31:16
rates_vol_stress_move,2025-11-05,72.41999816894531,0,yahoo,2026-03-07T14:31:16.116878+00:00,2026-03-07 14:31:16
rates_vol_stress_move,2025-11-06,72.44000244140625,0,yahoo,2026-03-07T14:31:16.116878+00:00,2026-03-07 14:31:16
rates_vol_stress_move,2025-11-07,74.41000366210938,0,yahoo,2026-03-07T14:31:16.116878+00:00,2026-03-07 14:31:16
rates_vol_stress_move,2025-11-10,78.86000061035156,0,yahoo,2026-03-07T14:31:16.116878+00:00,2026-03-07 14:31:16
rates_vol_stress_move,2025-11-12,81.12000274658203,0,yahoo,2026-03-07T14:31:16.116878+00:00,2026-03-07 14:31:16
rates_vol_stress_move,2025-11-13,79.0999984741211,0,yahoo,2026-03-07T14:31:16.116878+00:00,2026-03-07 14:31:16
rates_vol_stress_move,2025-11-14,79.70999908447266,0,yahoo,2026-03-07T14:31:16.116878+00:00,2026-03-07 14:31:16
rates_vol_stress_move,2025-11-17,82.58000183105469,0,yahoo,2026-03-07T14:31:16.116878+00:00,2026-03-07 14:31:16
rates_vol_stress_move,2025-11-18,83.18000030517578,0,yahoo,2026-03-07T14:31:16.116878+00:00,2026-03-07 14:31:16
rates_vol_stress_move,2025-11-19,84.31999969482422,0,yahoo,2026-03-07T14:31:16.116878+00:00,2026-03-07 14:31:16
rates_vol_stress_move,2025-11-20,77.80999755859375,0,yahoo,2026-03-07T14:31:16.116878+00:00,2026-03-07 14:31:16
rates_vol_stress_move,2025-11-21,78.80999755859375,0,yahoo,2026-03-07T14:31:16.116878+00:00,2026-03-07 14:31:16
rates_vol_stress_move,2025-11-24,76.81999969482422,0,yahoo,2026-03-07T14:31:16.116878+00:00,2026-03-07 14:31:16
rates_vol_stress_move,2025-11-25,72.81999969482422,0,yahoo,2026-03-07T14:31:16.116878+00:00,2026-03-07 14:31:16
rates_vol_stress_move,2025-11-26,71.9000015258789,0,yahoo,2026-03-07T14:31:16.116878+00:00,2026-03-07 14:31:16
rates_vol_stress_move,2025-11-28,68.94999694824219,0,yahoo,2026-03-07T14:31:16.116878+00:00,2026-03-07 14:31:16
rates_vol_stress_move,2025-12-01,71.3499984741211,0,yahoo,2026-03-07T14:31:16.116878+00:00,2026-03-07 14:31:16
rates_vol_stress_move,2025-12-02,69.91000366210938,0,yahoo,2026-03-07T14:31:16.116878+00:00,2026-03-07 14:31:16
rates_vol_stress_move,2025-12-03,66.45999908447266,0,yahoo,2026-03-07T14:31:16.116878+00:00,2026-03-07 14:31:16
rates_vol_stress_move,2025-12-04,65.69000244140625,0,yahoo,2026-03-07T14:31:16.116878+00:00,2026-03-07 14:31:16
rates_vol_stress_move,2025-12-05,67.27999877929688,0,yahoo,2026-03-07T14:31:16.116878+00:00,2026-03-07 14:31:16
rates_vol_stress_move,2025-12-08,72.30000305175781,0,yahoo,2026-03-07T14:31:16.116878+00:00,2026-03-07 14:31:16
rates_vol_stress_move,2025-12-09,75.37999725341797,0,yahoo,2026-03-07T14:31:16.116878+00:00,2026-03-07 14:31:16
rates_vol_stress_move,2025-12-10,68.62000274658203,0,yahoo,2026-03-07T14:31:16.116878+00:00,2026-03-07 14:31:16
rates_vol_stress_move,2025-12-11,69.23999786376953,0,yahoo,2026-03-07T14:31:16.116878+00:00,2026-03-07 14:31:16
rates_vol_stress_move,2025-12-12,69.25,0,yahoo,2026-03-07T14:31:16.116878+00:00,2026-03-07 14:31:16
rates_vol_stress_move,2025-12-15,73.30999755859375,0,yahoo,2026-03-07T14:31:16.116878+00:00,2026-03-07 14:31:16
rates_vol_stress_move,2025-12-16,67.13999938964844,0,yahoo,2026-03-07T14:31:16.116878+00:00,2026-03-07 14:31:16
rates_vol_stress_move,2025-12-17,62.7400016784668,0,yahoo,2026-03-07T14:31:16.116878+00:00,2026-03-07 14:31:16
rates_vol_stress_move,2025-12-18,60.0099983215332,0,yahoo,2026-03-07T14:31:16.116878+00:00,2026-03-07 14:31:16
rates_vol_stress_move,2025-12-19,59.40999984741211,0,yahoo,2026-03-07T14:31:16.116878+00:00,2026-03-07 14:31:16
rates_vol_stress_move,2025-12-22,61.70000076293945,0,yahoo,2026-03-07T14:31:16.116878+00:00,2026-03-07 14:31:16
rates_vol_stress_move,2025-12-23,61.16999816894531,0,yahoo,2026-03-07T14:31:16.116878+00:00,2026-03-07 14:31:16
rates_vol_stress_move,2025-12-24,59.47999954223633,0,yahoo,2026-03-07T14:31:16.116878+00:00,2026-03-07 14:31:16
rates_vol_stress_move,2025-12-26,58.5,0,yahoo,2026-03-07T14:31:16.116878+00:00,2026-03-07 14:31:16
rates_vol_stress_move,2025-12-29,59.209999084472656,0,yahoo,2026-03-07T14:31:16.116878+00:00,2026-03-07 14:31:16
rates_vol_stress_move,2025-12-30,63.97999954223633,0,yahoo,2026-03-07T14:31:16.116878+00:00,2026-03-07 14:31:16
rates_vol_stress_move,2025-12-31,63.959999084472656,0,yahoo,2026-03-07T14:31:16.116878+00:00,2026-03-07 14:31:16
rates_vol_stress_move,2026-01-02,62.36000061035156,0,yahoo,2026-03-07T14:31:16.116878+00:00,2026-03-07 14:31:16
rates_vol_stress_move,2026-01-05,64.70999908447266,0,yahoo,2026-03-07T14:31:16.116878+00:00,2026-03-07 14:31:16
rates_vol_stress_move,2026-01-06,65.81999969482422,0,yahoo,2026-03-07T14:31:16.116878+00:00,2026-03-07 14:31:16
rates_vol_stress_move,2026-01-07,66.1500015258789,0,yahoo,2026-03-07T14:31:16.116878+00:00,2026-03-07 14:31:16
rates_vol_stress_move,2026-01-08,66.94000244140625,0,yahoo,2026-03-07T14:31:16.116878+00:00,2026-03-07 14:31:16
rates_vol_stress_move,2026-01-09,61.54999923706055,0,yahoo,2026-03-07T14:31:16.116878+00:00,2026-03-07 14:31:16
rates_vol_stress_move,2026-01-12,62.900001525878906,0,yahoo,2026-03-07T14:31:16.116878+00:00,2026-03-07 14:31:16
rates_vol_stress_move,2026-01-13,60.790000915527344,0,yahoo,2026-03-07T14:31:16.116878+00:00,2026-03-07 14:31:16
rates_vol_stress_move,2026-01-14,58.11000061035156,0,yahoo,2026-03-07T14:31:16.116878+00:00,2026-03-07 14:31:16
rates_vol_stress_move,2026-01-15,56.13999938964844,0,yahoo,2026-03-07T14:31:16.116878+00:00,2026-03-07 14:31:16
rates_vol_stress_move,2026-01-16,58.04999923706055,0,yahoo,2026-03-07T14:31:16.116878+00:00,2026-03-07 14:31:16
rates_vol_stress_move,2026-01-20,66.66999816894531,0,yahoo,2026-03-07T14:31:16.116878+00:00,2026-03-07 14:31:16
rates_vol_stress_move,2026-01-21,59.560001373291016,0,yahoo,2026-03-07T14:31:16.116878+00:00,2026-03-07 14:31:16
rates_vol_stress_move,2026-01-22,56.5,0,yahoo,2026-03-07T14:31:16.116878+00:00,2026-03-07 14:31:16
rates_vol_stress_move,2026-01-23,56.25,0,yahoo,2026-03-07T14:31:16.116878+00:00,2026-03-07 14:31:16
rates_vol_stress_move,2026-01-26,55.77000045776367,0,yahoo,2026-03-07T14:31:16.116878+00:00,2026-03-07 14:31:16
rates_vol_stress_move,2026-01-27,56.119998931884766,0,yahoo,2026-03-07T14:31:16.116878+00:00,2026-03-07 14:31:16
rates_vol_stress_move,2026-01-28,57.43000030517578,0,yahoo,2026-03-07T14:31:16.116878+00:00,2026-03-07 14:31:16
rates_vol_stress_move,2026-01-29,60.72999954223633,0,yahoo,2026-03-07T14:31:16.116878+00:00,2026-03-07 14:31:16
rates_vol_stress_move,2026-01-30,59.20000076293945,0,yahoo,2026-03-07T14:31:16.116878+00:00,2026-03-07 14:31:16
rates_vol_stress_move,2026-02-02,59.29999923706055,0,yahoo,2026-03-07T14:31:16.116878+00:00,2026-03-07 14:31:16
rates_vol_stress_move,2026-02-03,57.540000915527344,0,yahoo,2026-03-07T14:31:16.116878+00:00,2026-03-07 14:31:16
rates_vol_stress_move,2026-02-04,57.5099983215332,0,yahoo,2026-03-07T14:31:16.116878+00:00,2026-03-07 14:31:16
rates_vol_stress_move,2026-02-05,62.15999984741211,0,yahoo,2026-03-07T14:31:16.116878+00:00,2026-03-07 14:31:16
rates_vol_stress_move,2026-02-06,63.619998931884766,0,yahoo,2026-03-07T14:31:16.116878+00:00,2026-03-07 14:31:16
rates_vol_stress_move,2026-02-09,62.7400016784668,0,yahoo,2026-03-07T14:31:16.116878+00:00,2026-03-07 14:31:16
rates_vol_stress_move,2026-02-10,64.55000305175781,0,yahoo,2026-03-07T14:31:16.116878+00:00,2026-03-07 14:31:16
rates_vol_stress_move,2026-02-11,61.349998474121094,0,yahoo,2026-03-07T14:31:16.116878+00:00,2026-03-07 14:31:16
rates_vol_stress_move,2026-02-12,68.56999969482422,0,yahoo,2026-03-07T14:31:16.116878+00:00,2026-03-07 14:31:16
rates_vol_stress_move,2026-02-13,70.0999984741211,0,yahoo,2026-03-07T14:31:16.116878+00:00,2026-03-07 14:31:16
rates_vol_stress_move,2026-02-17,68.83999633789062,0,yahoo,2026-03-07T14:31:16.116878+00:00,2026-03-07 14:31:16
rates_vol_stress_move,2026-02-18,64.19000244140625,0,yahoo,2026-03-07T14:31:16.116878+00:00,2026-03-07 14:31:16
rates_vol_stress_move,2026-02-19,68.02999877929688,0,yahoo,2026-03-07T14:31:16.116878+00:00,2026-03-07 14:31:16
rates_vol_stress_move,2026-02-20,64.2699966430664,0,yahoo,2026-03-07T14:31:16.116878+00:00,2026-03-07 14:31:16
rates_vol_stress_move,2026-02-23,68.02999877929688,0,yahoo,2026-03-07T14:31:16.116878+00:00,2026-03-07 14:31:16
rates_vol_stress_move,2026-02-24,65.2699966430664,0,yahoo,2026-03-07T14:31:16.116878+00:00,2026-03-07 14:31:16
rates_vol_stress_move,2026-02-25,62.43000030517578,0,yahoo,2026-03-07T14:31:16.116878+00:00,2026-03-07 14:31:16
rates_vol_stress_move,2026-02-26,63.93000030517578,0,yahoo,2026-03-07T14:31:16.116878+00:00,2026-03-07 14:31:16
rates_vol_stress_move,2026-02-27,73.37999725341797,0,yahoo,2026-03-07T14:31:16.116878+00:00,2026-03-07 14:31:16
rates_vol_stress_move,2026-03-02,73.20999908447266,0,yahoo,2026-03-07T14:31:16.116878+00:00,2026-03-07 14:31:16
rates_vol_stress_move,2026-03-03,77.75,0,yahoo,2026-03-07T14:31:16.116878+00:00,2026-03-07 14:31:16
rates_vol_stress_move,2026-03-04,70.02999877929688,0,yahoo,2026-03-07T14:31:16.116878+00:00,2026-03-07 14:31:16
rates_vol_stress_move,2026-03-05,74.52999877929688,0,yahoo,2026-03-07T14:31:16.116878+00:00,2026-03-07 14:31:16
rates_vol_stress_move,2026-03-06,81.26000213623047,0,yahoo,2026-03-07T14:31:14.524191+00:00,2026-03-07 14:31:14
